timesteps,policy_gradient_loss,value_loss,entropy_loss,loss
4097,-9.898777e-03,5.822882e-01,-1.504719e+00,1.844534e-01
8193,-2.472354e-03,8.241832e-01,-1.445000e+00,2.513324e-01
12289,-7.726224e-03,6.344383e-01,-1.509966e+00,2.258741e-01
16385,-8.991562e-03,8.788422e-01,-1.219581e+00,3.763132e-01
20481,-5.320936e-03,8.924547e-01,-1.155445e+00,3.683455e-01
24577,-3.304800e-03,9.218812e-01,-1.116871e+00,3.993314e-01
28673,-2.468504e-03,9.319889e-01,-1.109369e+00,3.932092e-01
32769,-2.159086e-03,9.679991e-01,-1.145652e+00,4.059817e-01
36865,-9.944841e-04,9.437177e-01,-1.124833e+00,4.172723e-01
40961,-2.968490e-03,9.236656e-01,-1.113107e+00,3.972145e-01
45057,-1.517945e-03,9.037370e-01,-1.092378e+00,4.086289e-01
49153,-1.808349e-03,9.005890e-01,-1.087131e+00,4.049433e-01
53249,-2.372146e-03,8.984451e-01,-1.102348e+00,3.978468e-01
57345,-1.467223e-03,9.304037e-01,-1.126360e+00,3.872446e-01
61441,-2.004642e-03,9.211469e-01,-1.140241e+00,4.090235e-01
65537,-2.124209e-03,8.892921e-01,-1.158330e+00,3.906221e-01
69633,-2.451195e-03,8.974884e-01,-1.187182e+00,3.767447e-01
73729,-2.694752e-03,8.788378e-01,-1.174355e+00,3.751124e-01
77825,-1.690041e-03,9.310598e-01,-1.164622e+00,4.052346e-01
81921,-2.713233e-03,9.512455e-01,-1.169568e+00,3.909781e-01
86017,-2.991142e-03,8.624580e-01,-1.187628e+00,3.595830e-01
90113,-4.021615e-03,9.376774e-01,-1.168312e+00,3.886528e-01
94209,-1.864313e-03,9.501736e-01,-1.165814e+00,4.052510e-01
98305,-2.671742e-03,8.872056e-01,-1.173190e+00,3.810196e-01
102401,-3.475795e-03,9.565168e-01,-1.172274e+00,4.279898e-01
106497,-2.571839e-03,8.984346e-01,-1.190074e+00,3.871566e-01
110593,-4.736034e-03,8.700675e-01,-1.186090e+00,3.572011e-01
114689,-3.785432e-03,9.267700e-01,-1.192323e+00,3.874717e-01
118785,-3.546967e-03,9.317148e-01,-1.196251e+00,3.979861e-01
122881,-3.836249e-03,9.452276e-01,-1.208510e+00,3.948673e-01
126977,-4.842718e-03,9.459156e-01,-1.218467e+00,4.000239e-01
131073,-3.056545e-03,9.649800e-01,-1.224637e+00,4.128042e-01
135169,-3.532796e-03,9.371341e-01,-1.224776e+00,3.870243e-01
139265,-3.658717e-03,9.839730e-01,-1.233592e+00,4.306476e-01
143361,-5.862306e-03,9.378345e-01,-1.229010e+00,3.869825e-01
147457,-5.189934e-03,9.540335e-01,-1.268271e+00,3.799702e-01
151553,-2.756357e-03,9.418389e-01,-1.238557e+00,4.146650e-01
155649,-3.928076e-03,9.291917e-01,-1.253843e+00,3.978661e-01
159745,-2.306581e-03,9.337348e-01,-1.229912e+00,4.236454e-01
163841,-3.527754e-03,9.376960e-01,-1.212764e+00,4.002670e-01
167937,-2.422619e-03,9.320582e-01,-1.227497e+00,4.024574e-01
172033,-2.328663e-03,9.358107e-01,-1.244655e+00,3.699696e-01
176129,-3.875819e-03,9.105150e-01,-1.242336e+00,3.750046e-01
180225,-5.067130e-03,9.468634e-01,-1.214924e+00,3.964688e-01
184321,-3.998501e-03,9.671784e-01,-1.235963e+00,3.864790e-01
188417,-3.531236e-03,8.884472e-01,-1.208379e+00,3.713722e-01
192513,-3.105329e-03,9.083596e-01,-1.213953e+00,3.956599e-01
196609,-3.404806e-03,9.235194e-01,-1.226791e+00,3.767297e-01
200705,-3.200774e-03,9.163425e-01,-1.231227e+00,4.056649e-01
204801,-2.281107e-03,9.120685e-01,-1.209414e+00,4.002275e-01
208897,-4.772868e-03,9.182731e-01,-1.213956e+00,3.734625e-01
212993,-2.250838e-03,8.885558e-01,-1.213859e+00,3.806123e-01
217089,-2.787441e-03,9.453615e-01,-1.215396e+00,3.701148e-01
221185,-2.849529e-03,8.750336e-01,-1.212794e+00,3.686774e-01
225281,-3.818124e-03,8.953651e-01,-1.211850e+00,3.649968e-01
229377,-4.306595e-03,8.833464e-01,-1.201658e+00,3.468689e-01
233473,-3.550191e-03,8.753469e-01,-1.182481e+00,3.513420e-01
237569,-2.815843e-03,8.716058e-01,-1.206098e+00,4.107032e-01
241665,-4.344783e-03,9.050906e-01,-1.176467e+00,3.555912e-01
245761,-1.707582e-03,8.983334e-01,-1.223899e+00,3.527732e-01
249857,-3.008612e-03,8.801419e-01,-1.207520e+00,3.452980e-01
253953,-5.049575e-03,9.172185e-01,-1.210014e+00,3.943228e-01
258049,-3.916242e-03,8.420979e-01,-1.191366e+00,3.120729e-01
262145,-3.500326e-03,8.778924e-01,-1.191489e+00,3.793229e-01
266241,-3.523039e-03,8.871530e-01,-1.187421e+00,3.658288e-01
270337,-3.379418e-03,8.862439e-01,-1.199950e+00,3.619969e-01
274433,-2.520797e-03,9.013084e-01,-1.211368e+00,3.448991e-01
278529,-4.580649e-03,8.684500e-01,-1.193340e+00,3.889263e-01
282625,-2.910304e-03,8.995359e-01,-1.187561e+00,3.834382e-01
286721,-3.466115e-03,8.984273e-01,-1.192568e+00,3.773680e-01
290817,-2.966372e-03,8.738962e-01,-1.176974e+00,3.789971e-01
294913,-2.927095e-03,8.846538e-01,-1.188569e+00,3.668399e-01
299009,-3.223352e-03,8.211260e-01,-1.183551e+00,3.467682e-01
303105,-3.344512e-03,9.040402e-01,-1.188189e+00,3.617851e-01
307201,-3.297835e-03,8.844236e-01,-1.207320e+00,3.871295e-01
311297,-2.851782e-03,8.837511e-01,-1.231413e+00,3.923083e-01
315393,-2.363027e-03,9.155495e-01,-1.239009e+00,3.685525e-01
319489,-3.741545e-03,8.678609e-01,-1.241325e+00,3.447903e-01
323585,-4.951520e-03,8.955607e-01,-1.235675e+00,3.807266e-01
327681,-3.718299e-03,9.092960e-01,-1.220829e+00,3.623555e-01
331777,-5.451627e-03,8.770170e-01,-1.195158e+00,3.767599e-01
335873,-4.220049e-03,8.788345e-01,-1.197357e+00,3.686020e-01
339969,-3.083066e-03,8.952557e-01,-1.201345e+00,3.893778e-01
344065,-3.694015e-03,8.903177e-01,-1.200238e+00,3.689494e-01
348161,-2.098238e-03,8.900589e-01,-1.213522e+00,3.623599e-01
352257,-3.666708e-03,9.331976e-01,-1.211857e+00,4.201940e-01
356353,-3.998808e-03,9.230921e-01,-1.208525e+00,4.136355e-01
360449,-3.290511e-03,8.721110e-01,-1.207246e+00,3.361693e-01
364545,-4.036275e-03,8.743631e-01,-1.192976e+00,3.928704e-01
368641,-4.516884e-03,9.296279e-01,-1.209649e+00,3.894655e-01
372737,-3.646008e-03,9.334234e-01,-1.190497e+00,4.096407e-01
376833,-4.356260e-03,9.350579e-01,-1.167936e+00,3.753011e-01
380929,-3.597788e-03,9.379678e-01,-1.179135e+00,3.987561e-01
385025,-3.105606e-03,8.590436e-01,-1.200947e+00,3.666689e-01
389121,-3.638561e-03,9.062415e-01,-1.212082e+00,3.637301e-01
393217,-3.429510e-03,8.901888e-01,-1.217062e+00,3.659421e-01
397313,-3.593477e-03,8.626216e-01,-1.191254e+00,3.583435e-01
401409,-4.987180e-03,8.525690e-01,-1.167546e+00,3.482900e-01
405505,-4.261004e-03,8.701655e-01,-1.149942e+00,3.572091e-01
409601,-2.985448e-03,8.734309e-01,-1.182122e+00,3.811058e-01
413697,-3.153745e-03,8.423314e-01,-1.159368e+00,3.691305e-01
417793,-4.061454e-03,8.384721e-01,-1.145110e+00,3.289430e-01
421889,-3.099150e-03,8.826686e-01,-1.167299e+00,3.580071e-01
425985,-6.022555e-03,8.041137e-01,-1.149054e+00,3.494191e-01
430081,-3.132073e-03,9.072851e-01,-1.167195e+00,3.782735e-01
434177,-4.165592e-03,8.711618e-01,-1.138919e+00,3.448319e-01
438273,-3.063682e-03,8.432120e-01,-1.119124e+00,3.452593e-01
442369,-3.858255e-03,8.208587e-01,-1.101808e+00,3.630243e-01
446465,-2.092464e-03,8.943217e-01,-1.092140e+00,3.696300e-01
450561,-2.823416e-03,8.390734e-01,-1.103083e+00,3.221205e-01
454657,-4.551508e-03,8.488298e-01,-1.096629e+00,3.453532e-01
458753,-3.155029e-03,8.100682e-01,-1.121044e+00,3.408300e-01
462849,-3.629411e-03,8.918225e-01,-1.126708e+00,3.702165e-01
466945,-3.526404e-03,8.861201e-01,-1.112584e+00,3.630538e-01
471041,-2.591619e-03,8.759407e-01,-1.111327e+00,3.495981e-01
475137,-3.342287e-03,8.258580e-01,-1.111561e+00,3.571694e-01
479233,-1.968374e-03,8.792919e-01,-1.109842e+00,3.751511e-01
483329,-3.611228e-03,8.539747e-01,-1.121602e+00,3.475802e-01
487425,-3.523532e-03,8.727216e-01,-1.114979e+00,3.597938e-01
491521,-2.862873e-03,8.254122e-01,-1.136067e+00,3.410353e-01
495617,-4.236160e-03,8.676171e-01,-1.144680e+00,3.734170e-01
499713,-3.218950e-03,8.801335e-01,-1.157935e+00,3.716949e-01
503809,-3.630579e-03,8.576648e-01,-1.150348e+00,3.733251e-01
507905,-4.096820e-03,8.395911e-01,-1.140496e+00,3.403104e-01
512001,-3.712518e-03,8.955803e-01,-1.133923e+00,3.782060e-01
516097,-3.540662e-03,8.613031e-01,-1.156899e+00,3.823688e-01
520193,-4.082950e-03,8.752168e-01,-1.125848e+00,3.808782e-01
524289,-4.330674e-03,8.582834e-01,-1.125642e+00,3.765249e-01
528385,-4.011409e-03,8.630946e-01,-1.131288e+00,3.620000e-01
532481,-2.743855e-03,8.381277e-01,-1.147997e+00,3.502014e-01
536577,-5.129639e-03,8.142099e-01,-1.156638e+00,3.437018e-01
540673,-3.799664e-03,8.601045e-01,-1.161714e+00,3.535878e-01
544769,-4.766300e-03,8.229858e-01,-1.154440e+00,3.630884e-01
548865,-3.734254e-03,8.185361e-01,-1.120825e+00,3.399010e-01
552961,-3.931257e-03,8.573425e-01,-1.127309e+00,3.780001e-01
557057,-4.897731e-03,8.840922e-01,-1.133417e+00,3.736641e-01
561153,-2.691904e-03,8.842295e-01,-1.118819e+00,3.900887e-01
565249,-4.205976e-03,8.279558e-01,-1.108369e+00,3.583241e-01
569345,-2.935555e-03,8.176790e-01,-1.138071e+00,3.382767e-01
573441,-4.181116e-03,8.520652e-01,-1.118783e+00,3.888536e-01
577537,-3.957806e-03,8.402251e-01,-1.126903e+00,3.415596e-01
581633,-4.546502e-03,8.455737e-01,-1.136816e+00,3.476632e-01
585729,-4.959404e-03,7.586787e-01,-1.095836e+00,3.247193e-01
589825,-3.599645e-03,7.936625e-01,-1.108471e+00,3.254566e-01
593921,-3.664296e-03,8.438503e-01,-1.119114e+00,4.051802e-01
598017,-5.689203e-03,8.811553e-01,-1.106089e+00,3.808807e-01
602113,-4.179116e-03,8.549288e-01,-1.098234e+00,3.435726e-01
606209,-5.606862e-03,8.295160e-01,-1.086625e+00,3.447879e-01
610305,-4.636003e-03,8.231677e-01,-1.068158e+00,3.547073e-01
614401,-2.734146e-03,8.136763e-01,-1.075195e+00,3.651517e-01
618497,-5.230727e-03,8.462106e-01,-1.073961e+00,3.636844e-01
622593,-3.499195e-03,8.126479e-01,-1.077679e+00,3.388915e-01
626689,-4.885787e-03,8.662051e-01,-1.074968e+00,3.820693e-01
630785,-2.411449e-03,8.482669e-01,-1.052513e+00,3.745951e-01
634881,-3.057855e-03,7.902900e-01,-1.074530e+00,3.462693e-01
638977,-2.415625e-03,8.371119e-01,-1.085994e+00,3.771329e-01
643073,-5.307539e-03,8.244733e-01,-1.063334e+00,3.409531e-01
647169,-4.764997e-03,8.059608e-01,-1.054899e+00,3.102763e-01
651265,-5.780671e-03,8.196504e-01,-1.051292e+00,3.583568e-01
655361,-4.552547e-03,7.684782e-01,-1.032259e+00,3.183330e-01
659457,-3.661633e-03,8.908637e-01,-1.051450e+00,3.735846e-01
663553,-3.414491e-03,8.353698e-01,-1.074441e+00,3.227654e-01
667649,-4.095363e-03,8.405784e-01,-1.083778e+00,3.486186e-01
671745,-2.909594e-03,8.382099e-01,-1.091059e+00,3.708395e-01
675841,-4.370534e-03,8.869371e-01,-1.084426e+00,3.596223e-01
679937,-3.906958e-03,8.671279e-01,-1.093855e+00,3.586626e-01
684033,-3.951997e-03,8.182654e-01,-1.067267e+00,3.524129e-01
688129,-4.292560e-03,8.155765e-01,-1.085162e+00,3.676637e-01
692225,-3.315372e-03,8.249227e-01,-1.109679e+00,3.493625e-01
696321,-3.197264e-03,8.335472e-01,-1.068367e+00,3.883902e-01
700417,-3.980290e-03,8.760347e-01,-1.090847e+00,3.876636e-01
704513,-4.792654e-03,8.112518e-01,-1.085808e+00,3.550814e-01
708609,-3.783744e-03,8.375475e-01,-1.077127e+00,3.517203e-01
712705,-3.748072e-03,8.940180e-01,-1.068878e+00,3.797835e-01
716801,-3.494693e-03,7.916537e-01,-1.065242e+00,3.169376e-01
720897,-3.683557e-03,8.068371e-01,-1.070007e+00,3.342419e-01
724993,-4.548667e-03,8.097585e-01,-1.089145e+00,3.555923e-01
729089,-5.386087e-03,8.157359e-01,-1.086165e+00,3.391291e-01
733185,-3.625941e-03,8.049139e-01,-1.103325e+00,3.563005e-01
737281,-3.245134e-03,8.073478e-01,-1.093804e+00,3.477302e-01
741377,-4.624549e-03,7.953602e-01,-1.082895e+00,3.328011e-01
745473,-2.897491e-03,7.476431e-01,-1.065875e+00,3.045003e-01
749569,-3.591462e-03,8.288011e-01,-1.077887e+00,3.675019e-01
753665,-4.073269e-03,7.985882e-01,-1.066567e+00,3.352307e-01
757761,-3.772619e-03,8.119550e-01,-1.073473e+00,3.293292e-01
761857,-3.115089e-03,8.002113e-01,-1.047462e+00,3.582368e-01
765953,-3.758851e-03,8.078427e-01,-1.063163e+00,3.519258e-01
770049,-3.154207e-03,7.922627e-01,-1.060564e+00,3.545424e-01
774145,-2.789065e-03,7.541755e-01,-1.069930e+00,2.987145e-01
778241,-3.737852e-03,8.172366e-01,-1.069063e+00,3.446076e-01
782337,-5.101756e-03,8.376200e-01,-1.081821e+00,3.689173e-01
786433,-4.098293e-03,8.193542e-01,-1.062797e+00,3.442676e-01
790529,-5.454513e-03,8.568206e-01,-1.035284e+00,3.562672e-01
794625,-3.712210e-03,7.722000e-01,-1.019040e+00,3.072840e-01
798721,-4.216788e-03,8.007786e-01,-1.035863e+00,3.467540e-01
802817,-3.145595e-03,7.639462e-01,-1.023308e+00,3.285246e-01
806913,-4.114837e-03,7.667172e-01,-1.041188e+00,3.328693e-01
811009,-2.909571e-03,7.531826e-01,-1.039290e+00,3.248289e-01
815105,-4.031005e-03,7.174973e-01,-1.043479e+00,3.004209e-01
819201,-4.630820e-03,7.513551e-01,-1.039289e+00,3.324566e-01
823297,-3.983579e-03,7.144480e-01,-1.070740e+00,2.812369e-01
827393,-4.438127e-03,6.837488e-01,-1.070760e+00,2.788230e-01
831489,-4.968106e-03,7.948996e-01,-1.067325e+00,3.215302e-01
835585,-3.599839e-03,8.118203e-01,-1.127401e+00,3.508215e-01
839681,-2.723915e-03,7.829002e-01,-1.128493e+00,3.411031e-01
843777,-4.873614e-03,7.458661e-01,-1.127169e+00,3.253403e-01
847873,-4.157528e-03,7.914355e-01,-1.104898e+00,3.175116e-01
851969,-3.647786e-03,8.034570e-01,-1.085353e+00,3.383030e-01
856065,-4.455676e-03,8.097691e-01,-1.101900e+00,3.293811e-01
860161,-5.094523e-03,8.565308e-01,-1.097713e+00,3.888173e-01
864257,-4.270259e-03,7.275806e-01,-1.103941e+00,2.764296e-01
868353,-3.985591e-03,8.141424e-01,-1.107518e+00,3.328375e-01
872449,-4.470673e-03,7.804626e-01,-1.112875e+00,3.243012e-01
876545,-3.704958e-03,7.526573e-01,-1.128038e+00,3.500193e-01
880641,-4.268999e-03,7.137616e-01,-1.100997e+00,3.040637e-01
884737,-4.403338e-03,7.208283e-01,-1.132865e+00,3.063194e-01
888833,-2.819621e-03,6.465424e-01,-1.114854e+00,2.297747e-01
892929,-4.532127e-03,6.686372e-01,-1.134504e+00,2.497801e-01
897025,-4.033537e-03,6.630532e-01,-1.107198e+00,2.823914e-01
901121,-3.099987e-03,6.298465e-01,-1.149442e+00,2.313452e-01
905217,-6.146977e-03,7.296895e-01,-1.112140e+00,2.883462e-01
909313,-4.266775e-03,6.747476e-01,-1.088144e+00,2.749973e-01
913409,-4.344200e-03,6.918484e-01,-1.071105e+00,2.946353e-01
917505,-5.050460e-03,7.378226e-01,-1.076037e+00,3.320887e-01
921601,-5.220717e-03,7.339649e-01,-1.046907e+00,3.033893e-01
925697,-4.363954e-03,7.270113e-01,-1.048491e+00,3.183219e-01
929793,-4.042136e-03,7.364505e-01,-1.062357e+00,2.905135e-01
933889,-3.240150e-03,7.729878e-01,-1.040301e+00,3.296888e-01
937985,-4.047627e-03,7.394584e-01,-1.049107e+00,3.192712e-01
942081,-5.210640e-03,7.509585e-01,-1.046508e+00,3.184943e-01
946177,-2.989793e-03,8.069228e-01,-1.033308e+00,3.332094e-01
950273,-3.105048e-03,7.677259e-01,-1.033593e+00,3.216282e-01
954369,-2.989175e-03,7.924958e-01,-1.035799e+00,3.369153e-01
958465,-4.867851e-03,8.408364e-01,-1.063191e+00,3.306788e-01
962561,-4.309715e-03,7.310964e-01,-1.039894e+00,3.219930e-01
966657,-4.594724e-03,7.056192e-01,-1.037143e+00,3.083650e-01
970753,-3.500894e-03,7.371380e-01,-1.041637e+00,2.925061e-01
974849,-3.887922e-03,7.407586e-01,-1.041266e+00,3.164068e-01
978945,-5.119230e-03,7.711009e-01,-1.041974e+00,3.349675e-01
983041,-4.038016e-03,7.780854e-01,-1.047350e+00,3.315131e-01
987137,-4.181010e-03,7.596405e-01,-1.046550e+00,3.086229e-01
991233,-4.332666e-03,7.980354e-01,-1.046428e+00,3.388854e-01
995329,-4.517522e-03,7.807288e-01,-1.033955e+00,3.088363e-01
999425,-4.102276e-03,7.524083e-01,-1.041886e+00,3.228943e-01
1003521,-4.357786e-03,7.936096e-01,-1.063360e+00,3.394189e-01
1007617,-6.326772e-03,7.800976e-01,-1.052430e+00,3.425094e-01
1011713,-3.299166e-03,7.795915e-01,-1.064438e+00,3.339075e-01
1015809,-3.629500e-03,8.670336e-01,-1.071140e+00,3.615949e-01
1019905,-4.833237e-03,8.397618e-01,-1.062252e+00,3.487183e-01
1024001,-3.838196e-03,8.078230e-01,-1.070279e+00,3.381162e-01
1028097,-3.865020e-03,8.215855e-01,-1.049596e+00,3.518803e-01
1032193,-4.939979e-03,8.068872e-01,-1.052729e+00,3.400737e-01
1036289,-3.852948e-03,8.087016e-01,-1.079149e+00,3.370646e-01
1040385,-4.072410e-03,8.331020e-01,-1.061699e+00,3.668243e-01
1044481,-3.826278e-03,8.343187e-01,-1.067118e+00,3.488764e-01
1048577,-3.462767e-03,8.198189e-01,-1.054514e+00,3.728988e-01
1052673,-4.089110e-03,7.897182e-01,-1.057339e+00,3.234721e-01
1056769,-5.102906e-03,8.140375e-01,-1.056594e+00,3.330477e-01
1060865,-3.664420e-03,8.592137e-01,-1.052235e+00,3.606054e-01
1064961,-3.732523e-03,7.875358e-01,-1.036131e+00,3.358651e-01
1069057,-4.013607e-03,8.300180e-01,-1.039644e+00,3.735306e-01
1073153,-3.337807e-03,8.567806e-01,-1.021306e+00,3.627837e-01
1077249,-5.129343e-03,8.498829e-01,-1.034999e+00,3.799996e-01
1081345,-3.479738e-03,8.106299e-01,-1.023348e+00,3.506433e-01
1085441,-2.761571e-03,8.805717e-01,-1.033854e+00,3.755864e-01
1089537,-3.020601e-03,8.665361e-01,-1.027298e+00,3.570361e-01
1093633,-4.768683e-03,8.254323e-01,-1.051871e+00,3.609003e-01
1097729,-4.128498e-03,8.565968e-01,-1.048269e+00,3.674936e-01
1101825,-4.087636e-03,8.099114e-01,-1.060467e+00,3.558235e-01
1105921,-4.246916e-03,8.049223e-01,-1.061536e+00,3.498709e-01
1110017,-4.482351e-03,7.927574e-01,-1.056780e+00,3.181722e-01
1114113,-3.434621e-03,8.475009e-01,-1.060149e+00,3.688256e-01
1118209,-4.842525e-03,8.054432e-01,-1.060320e+00,3.427399e-01
1122305,-4.359341e-03,7.973842e-01,-1.049703e+00,3.454203e-01
1126401,-3.425701e-03,8.096782e-01,-1.056921e+00,3.198799e-01
1130497,-4.447776e-03,7.664277e-01,-1.042718e+00,3.170678e-01
1134593,-4.321123e-03,7.805234e-01,-1.050098e+00,3.316112e-01
1138689,-4.696729e-03,7.263713e-01,-1.026904e+00,2.998701e-01
1142785,-3.299893e-03,7.655253e-01,-1.030336e+00,3.292815e-01
1146881,-4.065671e-03,7.247171e-01,-1.030491e+00,2.978963e-01
1150977,-5.018297e-03,7.576558e-01,-1.018783e+00,3.049291e-01
1155073,-5.387956e-03,7.679849e-01,-1.031150e+00,3.019964e-01
1159169,-3.068720e-03,7.301155e-01,-1.035737e+00,3.345147e-01
1163265,-5.797051e-03,7.076530e-01,-1.035560e+00,2.843490e-01
1167361,-5.688516e-03,7.617260e-01,-1.058315e+00,3.141441e-01
1171457,-3.845982e-03,7.669793e-01,-1.055153e+00,2.916990e-01
1175553,-4.580045e-03,7.796332e-01,-1.062533e+00,3.139088e-01
1179649,-3.943040e-03,7.353480e-01,-1.063357e+00,3.169144e-01
1183745,-2.969708e-03,7.853861e-01,-1.037691e+00,3.612143e-01
1187841,-4.638061e-03,7.711507e-01,-1.042440e+00,3.076274e-01
1191937,-4.960262e-03,8.085107e-01,-1.033526e+00,3.469217e-01
1196033,-3.152649e-03,7.905609e-01,-1.018910e+00,3.400464e-01
1200129,-3.749789e-03,7.302214e-01,-1.031342e+00,3.197476e-01
1204225,-4.076798e-03,7.342608e-01,-1.039178e+00,2.957900e-01
1208321,-5.208971e-03,7.421973e-01,-1.028516e+00,3.219543e-01
1212417,-4.818712e-03,7.903242e-01,-1.034245e+00,3.182667e-01
1216513,-3.496810e-03,8.100222e-01,-1.016913e+00,3.255183e-01
1220609,-3.318897e-03,7.604338e-01,-1.038995e+00,3.268005e-01
1224705,-5.801620e-03,7.389933e-01,-1.030760e+00,3.075883e-01
1228801,-3.410041e-03,7.518293e-01,-1.030616e+00,3.276242e-01
1232897,-4.817372e-03,6.556041e-01,-1.036570e+00,2.775007e-01
1236993,-3.948964e-03,6.028796e-01,-1.048788e+00,2.377069e-01
1241089,-3.806832e-03,6.322191e-01,-1.052321e+00,2.617831e-01
1245185,-4.340539e-03,6.391452e-01,-1.074000e+00,2.878740e-01
1249281,-4.547569e-03,6.901290e-01,-1.099216e+00,2.345538e-01
1253377,-4.122127e-03,6.781980e-01,-1.083624e+00,2.895112e-01
1257473,-4.873118e-03,6.664956e-01,-1.068674e+00,2.684296e-01
1261569,-5.246831e-03,6.642501e-01,-1.075277e+00,2.535624e-01
1265665,-5.536122e-03,7.479556e-01,-1.087611e+00,3.210903e-01
1269761,-4.339795e-03,7.014879e-01,-1.078815e+00,2.929226e-01
1273857,-6.162731e-03,7.098273e-01,-1.064891e+00,2.633458e-01
1277953,-4.697836e-03,7.922142e-01,-1.066639e+00,3.335713e-01
1282049,-4.126836e-03,7.313062e-01,-1.058751e+00,2.771625e-01
1286145,-3.716065e-03,7.506554e-01,-1.047859e+00,2.982027e-01
1290241,-3.774087e-03,7.587859e-01,-1.056676e+00,3.271503e-01
1294337,-5.826867e-03,8.178958e-01,-1.054561e+00,3.276969e-01
1298433,-5.232371e-03,7.634081e-01,-1.025418e+00,3.073946e-01
1302529,-4.042855e-03,8.104212e-01,-1.046308e+00,3.546138e-01
1306625,-5.253210e-03,7.877228e-01,-1.050963e+00,3.089514e-01
1310721,-4.995890e-03,7.914252e-01,-1.049055e+00,3.154303e-01
1314817,-4.224863e-03,7.875685e-01,-1.059337e+00,3.400667e-01
1318913,-5.417329e-03,8.297005e-01,-1.077708e+00,3.112584e-01
1323009,-4.809184e-03,7.315757e-01,-1.064617e+00,2.932397e-01
1327105,-5.473023e-03,7.691589e-01,-1.041484e+00,3.084732e-01
1331201,-5.653976e-03,7.162115e-01,-1.060824e+00,2.974718e-01
1335297,-4.657128e-03,8.102652e-01,-1.073706e+00,3.395342e-01
1339393,-3.171847e-03,8.082310e-01,-1.054233e+00,3.302819e-01
1343489,-3.700673e-03,7.878071e-01,-1.070906e+00,3.261239e-01
1347585,-4.396229e-03,8.024557e-01,-1.079713e+00,3.336672e-01
1351681,-3.331389e-03,8.229073e-01,-1.081292e+00,3.420418e-01
1355777,-4.227860e-03,7.799588e-01,-1.056799e+00,3.417803e-01
1359873,-3.427214e-03,7.428073e-01,-1.066313e+00,3.269411e-01
1363969,-3.750548e-03,7.630575e-01,-1.050465e+00,3.285296e-01
1368065,-4.172733e-03,7.745254e-01,-1.051309e+00,3.145888e-01
1372161,-4.426783e-03,7.527421e-01,-1.053052e+00,2.916040e-01
1376257,-3.820235e-03,8.088037e-01,-1.043916e+00,3.389521e-01
1380353,-3.480716e-03,7.703096e-01,-1.044029e+00,3.218747e-01
1384449,-3.693402e-03,7.840117e-01,-1.053630e+00,3.221993e-01
1388545,-4.982909e-03,7.670153e-01,-1.052772e+00,3.157482e-01
1392641,-2.687194e-03,8.131465e-01,-1.053066e+00,3.463775e-01
1396737,-4.040326e-03,7.999579e-01,-1.053528e+00,3.582645e-01
1400833,-4.192185e-03,7.034450e-01,-1.047325e+00,2.990958e-01
1404929,-4.418100e-03,7.077309e-01,-1.043434e+00,2.901455e-01
1409025,-4.267932e-03,7.751895e-01,-1.048776e+00,3.499762e-01
1413121,-4.146348e-03,7.176112e-01,-1.020626e+00,2.900373e-01
1417217,-3.946183e-03,7.722116e-01,-1.005538e+00,3.139522e-01
1421313,-5.067007e-03,7.691108e-01,-1.003444e+00,3.204657e-01
1425409,-4.350008e-03,7.417596e-01,-1.021175e+00,3.153604e-01
1429505,-5.698340e-03,7.463399e-01,-1.029747e+00,3.086524e-01
1433601,-4.167005e-03,8.186829e-01,-1.021862e+00,3.792684e-01
1437697,-3.041804e-03,7.859933e-01,-1.027905e+00,3.332951e-01
1441793,-4.914110e-03,8.429179e-01,-1.044205e+00,3.522110e-01
1445889,-5.063411e-03,7.965886e-01,-1.035391e+00,3.192058e-01
1449985,-4.701821e-03,7.871983e-01,-1.049262e+00,3.353897e-01
1454081,-3.330660e-03,8.170118e-01,-1.075055e+00,3.465240e-01
1458177,-5.108079e-03,8.441850e-01,-1.067360e+00,3.476280e-01
1462273,-4.238817e-03,8.672478e-01,-1.079920e+00,3.696995e-01
1466369,-3.488188e-03,8.056477e-01,-1.053418e+00,3.548362e-01
1470465,-5.673524e-03,7.927679e-01,-1.059662e+00,3.480548e-01
1474561,-4.270672e-03,8.151131e-01,-1.076525e+00,3.505152e-01
1478657,-3.929893e-03,8.257546e-01,-1.062891e+00,3.769674e-01
1482753,-4.024945e-03,7.773562e-01,-1.067283e+00,3.247687e-01
1486849,-3.753120e-03,8.024689e-01,-1.062639e+00,3.305905e-01
1490945,-6.401348e-03,7.934644e-01,-1.050445e+00,3.105443e-01
1495041,-4.727126e-03,7.594659e-01,-1.061186e+00,3.248208e-01
1499137,-4.519509e-03,7.156940e-01,-1.071319e+00,2.905414e-01
1503233,-4.185029e-03,7.684154e-01,-1.074963e+00,3.124481e-01
1507329,-4.364052e-03,8.023131e-01,-1.064527e+00,3.293197e-01
1511425,-3.555105e-03,7.771105e-01,-1.064998e+00,3.354318e-01
1515521,-4.247386e-03,7.450907e-01,-1.047616e+00,3.113474e-01
1519617,-5.102137e-03,8.146661e-01,-1.075356e+00,3.678970e-01
1523713,-4.382787e-03,8.075433e-01,-1.083845e+00,3.388343e-01
1527809,-3.624039e-03,7.933507e-01,-1.091892e+00,3.335460e-01
1531905,-4.549556e-03,8.009200e-01,-1.110950e+00,3.352918e-01
1536001,-4.414294e-03,7.423242e-01,-1.075202e+00,2.858624e-01
1540097,-5.327531e-03,8.135374e-01,-1.083200e+00,3.350706e-01
1544193,-5.704388e-03,8.197058e-01,-1.094735e+00,3.384196e-01
1548289,-3.983640e-03,7.684221e-01,-1.070957e+00,3.067116e-01
1552385,-3.786868e-03,7.862122e-01,-1.103539e+00,3.396047e-01
1556481,-5.091469e-03,7.725202e-01,-1.075800e+00,3.156734e-01
1560577,-3.122279e-03,7.845007e-01,-1.098139e+00,3.255327e-01
1564673,-3.868955e-03,7.230622e-01,-1.101017e+00,3.004172e-01
1568769,-3.660454e-03,7.451571e-01,-1.102233e+00,2.941617e-01
1572865,-4.528523e-03,7.172119e-01,-1.107049e+00,2.795174e-01
1576961,-5.429938e-03,7.452000e-01,-1.116865e+00,3.163779e-01
1581057,-3.776924e-03,7.351545e-01,-1.100363e+00,3.202977e-01
1585153,-4.929859e-03,7.012784e-01,-1.087135e+00,2.644081e-01
1589249,-4.994408e-03,7.610695e-01,-1.086940e+00,3.081736e-01
1593345,-4.362844e-03,8.161664e-01,-1.069946e+00,3.331674e-01
1597441,-6.401243e-03,7.539828e-01,-1.057733e+00,3.048886e-01
1601537,-4.633332e-03,7.275022e-01,-1.059625e+00,2.798860e-01
1605633,-4.366950e-03,7.997624e-01,-1.087457e+00,3.444259e-01
1609729,-5.380312e-03,7.253303e-01,-1.061224e+00,2.881696e-01
1613825,-3.547532e-03,7.951918e-01,-1.086170e+00,3.369723e-01
1617921,-4.077405e-03,7.961854e-01,-1.069891e+00,3.347462e-01
1622017,-5.150015e-03,7.797540e-01,-1.073307e+00,3.114741e-01
1626113,-3.791236e-03,8.025440e-01,-1.070657e+00,3.141535e-01
1630209,-4.536135e-03,7.997353e-01,-1.076717e+00,3.511959e-01
1634305,-4.803863e-03,7.372952e-01,-1.071972e+00,3.046265e-01
1638401,-3.427867e-03,7.439500e-01,-1.060107e+00,3.111036e-01
1642497,-5.345680e-03,7.190890e-01,-1.066742e+00,2.933167e-01
1646593,-4.947675e-03,7.589774e-01,-1.054884e+00,3.137366e-01
1650689,-5.899997e-03,7.896258e-01,-1.050321e+00,3.296989e-01
1654785,-3.991498e-03,7.754791e-01,-1.059879e+00,3.178403e-01
1658881,-4.562853e-03,8.084131e-01,-1.055268e+00,3.205271e-01
1662977,-4.439425e-03,8.146070e-01,-1.048658e+00,3.431779e-01
1667073,-4.001138e-03,7.599021e-01,-1.060950e+00,3.173316e-01
1671169,-5.297114e-03,8.218501e-01,-1.036603e+00,3.470701e-01
1675265,-5.888027e-03,8.117598e-01,-1.071838e+00,3.321932e-01
1679361,-4.295945e-03,8.390238e-01,-1.076574e+00,3.379823e-01
1683457,-4.097695e-03,7.900916e-01,-1.083580e+00,3.172215e-01
1687553,-4.768864e-03,7.645626e-01,-1.064172e+00,3.188449e-01
1691649,-4.190894e-03,7.868084e-01,-1.063160e+00,2.998489e-01
1695745,-4.879533e-03,8.345410e-01,-1.045014e+00,3.352199e-01
1699841,-4.144511e-03,8.221362e-01,-1.069193e+00,3.460837e-01
1703937,-3.329336e-03,8.028067e-01,-1.048923e+00,3.401931e-01
1708033,-4.661411e-03,8.590312e-01,-1.063708e+00,3.768513e-01
1712129,-4.745897e-03,8.273105e-01,-1.063868e+00,3.514905e-01
1716225,-4.172290e-03,7.945627e-01,-1.071241e+00,3.381873e-01
1720321,-4.578414e-03,7.566418e-01,-1.052461e+00,3.045255e-01
1724417,-5.975838e-03,7.756223e-01,-1.067179e+00,3.313985e-01
1728513,-4.087855e-03,7.972862e-01,-1.078097e+00,3.512696e-01
1732609,-4.666553e-03,7.455983e-01,-1.077460e+00,3.016953e-01
1736705,-4.517508e-03,7.538944e-01,-1.082280e+00,3.366121e-01
1740801,-6.455171e-03,7.759271e-01,-1.062536e+00,2.969182e-01
1744897,-7.596686e-03,7.449581e-01,-1.079137e+00,2.999988e-01
1748993,-4.039374e-03,7.729737e-01,-1.060853e+00,3.072003e-01
1753089,-6.519280e-03,8.508751e-01,-1.079490e+00,3.723522e-01
1757185,-4.092030e-03,8.239531e-01,-1.069195e+00,3.219043e-01
1761281,-5.302707e-03,7.797003e-01,-1.087581e+00,3.323758e-01
1765377,-5.135872e-03,7.811213e-01,-1.087002e+00,3.274205e-01
1769473,-4.802824e-03,7.555164e-01,-1.096007e+00,3.170501e-01
1773569,-5.031848e-03,7.729271e-01,-1.086305e+00,3.198252e-01
1777665,-4.376088e-03,7.927656e-01,-1.074944e+00,3.325209e-01
1781761,-4.978501e-03,7.593914e-01,-1.073717e+00,3.144480e-01
1785857,-4.899816e-03,6.971043e-01,-1.084224e+00,2.851425e-01
1789953,-4.017620e-03,7.554069e-01,-1.080276e+00,3.121381e-01
1794049,-4.997044e-03,7.777246e-01,-1.082133e+00,3.329497e-01
1798145,-5.320018e-03,7.460046e-01,-1.089754e+00,2.923428e-01
1802241,-3.723131e-03,7.637463e-01,-1.077870e+00,3.104497e-01
1806337,-3.454418e-03,7.670976e-01,-1.072048e+00,2.995870e-01
1810433,-5.371572e-03,7.582023e-01,-1.082366e+00,2.911152e-01
1814529,-4.015008e-03,7.308717e-01,-1.088653e+00,3.007635e-01
1818625,-4.830171e-03,7.246986e-01,-1.076166e+00,2.826470e-01
1822721,-5.683742e-03,7.218024e-01,-1.081275e+00,2.912627e-01
1826817,-4.475947e-03,7.149415e-01,-1.074540e+00,2.957315e-01
1830913,-4.526984e-03,7.264361e-01,-1.111415e+00,2.835645e-01
1835009,-4.031050e-03,7.200280e-01,-1.095688e+00,2.920981e-01
1839105,-5.394146e-03,7.388828e-01,-1.103200e+00,3.065511e-01
1843201,-5.330055e-03,7.168341e-01,-1.093706e+00,2.514353e-01
1847297,-3.968307e-03,7.948051e-01,-1.105718e+00,3.137539e-01
1851393,-5.264926e-03,7.454741e-01,-1.100920e+00,2.890192e-01
1855489,-4.473263e-03,7.864117e-01,-1.095397e+00,3.440310e-01
1859585,-3.465931e-03,7.034695e-01,-1.080988e+00,2.981448e-01
1863681,-5.545055e-03,7.078831e-01,-1.084909e+00,2.731862e-01
1867777,-5.284978e-03,7.300562e-01,-1.090521e+00,2.928945e-01
1871873,-3.885090e-03,6.583212e-01,-1.092928e+00,2.711043e-01
1875969,-4.283460e-03,6.468441e-01,-1.086034e+00,2.733034e-01
1880065,-6.241431e-03,6.963886e-01,-1.095987e+00,2.709657e-01
1884161,-5.251233e-03,6.129207e-01,-1.080984e+00,2.494261e-01
1888257,-3.992658e-03,7.243723e-01,-1.092641e+00,2.608095e-01
1892353,-5.859242e-03,7.672564e-01,-1.106597e+00,3.063556e-01
1896449,-3.962130e-03,7.437436e-01,-1.082612e+00,2.948982e-01
1900545,-5.914880e-03,7.963172e-01,-1.076429e+00,3.288094e-01
1904641,-4.210642e-03,7.830235e-01,-1.060433e+00,3.334224e-01
1908737,-4.562411e-03,7.829653e-01,-1.064946e+00,3.355639e-01
1912833,-5.588143e-03,7.702812e-01,-1.088378e+00,3.025152e-01
1916929,-5.999278e-03,7.524023e-01,-1.087346e+00,3.087678e-01
1921025,-3.961567e-03,7.734566e-01,-1.086625e+00,3.709674e-01
1925121,-5.340597e-03,7.518456e-01,-1.095089e+00,3.068246e-01
1929217,-4.945091e-03,6.984899e-01,-1.089752e+00,3.046356e-01
1933313,-4.524393e-03,7.173448e-01,-1.083897e+00,2.943387e-01
1937409,-4.447498e-03,8.228316e-01,-1.089921e+00,3.365655e-01
1941505,-4.572483e-03,7.279163e-01,-1.073697e+00,2.815383e-01
1945601,-4.690505e-03,6.900736e-01,-1.059257e+00,2.815626e-01
1949697,-4.116481e-03,6.673644e-01,-1.078435e+00,2.581709e-01
1953793,-3.645746e-03,7.384443e-01,-1.067251e+00,3.237670e-01
1957889,-4.491583e-03,7.631376e-01,-1.074822e+00,3.004183e-01
1961985,-5.113432e-03,7.298326e-01,-1.080189e+00,2.731705e-01
1966081,-3.924196e-03,7.344552e-01,-1.092527e+00,3.095262e-01
1970177,-4.522020e-03,7.462462e-01,-1.089647e+00,2.914432e-01
1974273,-5.025029e-03,7.644359e-01,-1.067738e+00,3.268173e-01
1978369,-4.541657e-03,7.515564e-01,-1.072713e+00,3.187639e-01
1982465,-4.298340e-03,7.418993e-01,-1.091864e+00,3.134975e-01
1986561,-3.743658e-03,7.181817e-01,-1.094140e+00,2.883180e-01
1990657,-5.827517e-03,7.088884e-01,-1.104396e+00,3.000879e-01
1994753,-4.152183e-03,8.230972e-01,-1.112129e+00,3.094810e-01
1998849,-4.211323e-03,8.199174e-01,-1.082902e+00,3.257594e-01
2002945,-5.062374e-03,8.044395e-01,-1.092314e+00,3.430650e-01
2007041,-5.802810e-03,7.888001e-01,-1.053083e+00,3.447896e-01
2011137,-6.207784e-03,8.105249e-01,-1.037203e+00,3.175786e-01
2015233,-4.558080e-03,7.856578e-01,-1.038857e+00,3.034562e-01
2019329,-4.188810e-03,7.955784e-01,-1.076462e+00,3.340471e-01
2023425,-5.944671e-03,7.847351e-01,-1.055998e+00,3.111014e-01
2027521,-4.049957e-03,8.009246e-01,-1.089926e+00,3.214152e-01
2031617,-5.194529e-03,7.406296e-01,-1.087579e+00,2.890432e-01
2035713,-4.248907e-03,7.900343e-01,-1.079659e+00,3.125980e-01
2039809,-5.904798e-03,7.672376e-01,-1.079008e+00,3.248193e-01
2043905,-6.873159e-03,7.804681e-01,-1.052134e+00,3.414940e-01
2048001,-4.708211e-03,8.126975e-01,-1.051685e+00,3.749998e-01
2052097,-3.447672e-03,7.509736e-01,-1.056902e+00,3.189971e-01
2056193,-4.089108e-03,7.678120e-01,-1.060074e+00,3.520287e-01
2060289,-3.884536e-03,7.814623e-01,-1.070977e+00,3.311132e-01
2064385,-4.391143e-03,7.497239e-01,-1.086687e+00,3.109881e-01
2068481,-3.776222e-03,7.698740e-01,-1.063192e+00,3.137294e-01
2072577,-4.626646e-03,7.097907e-01,-1.062926e+00,2.940699e-01
2076673,-4.794155e-03,7.335972e-01,-1.059410e+00,3.290671e-01
2080769,-5.547583e-03,7.716414e-01,-1.078101e+00,3.153444e-01
2084865,-4.935809e-03,7.892973e-01,-1.086439e+00,3.246992e-01
2088961,-4.519587e-03,7.462286e-01,-1.080353e+00,3.103433e-01
2093057,-3.984690e-03,7.480396e-01,-1.091749e+00,3.044860e-01
2097153,-5.505698e-03,7.704663e-01,-1.088532e+00,3.267385e-01
2101249,-4.877736e-03,7.928315e-01,-1.083226e+00,3.550697e-01
2105345,-4.765376e-03,7.946292e-01,-1.080992e+00,3.294094e-01
2109441,-4.454498e-03,7.872605e-01,-1.065163e+00,3.326430e-01
2113537,-4.382083e-03,7.935901e-01,-1.077748e+00,3.390757e-01
2117633,-4.877229e-03,8.102130e-01,-1.053683e+00,3.477325e-01
2121729,-4.737890e-03,8.341875e-01,-1.054888e+00,3.761035e-01
2125825,-4.748603e-03,7.865899e-01,-1.058096e+00,3.413460e-01
2129921,-5.023534e-03,8.128399e-01,-1.060270e+00,3.530357e-01
2134017,-4.586995e-03,8.044802e-01,-1.066793e+00,3.099594e-01
2138113,-5.518301e-03,7.917221e-01,-1.034939e+00,3.352945e-01
2142209,-5.713001e-03,8.146201e-01,-1.044051e+00,3.531177e-01
2146305,-4.683015e-03,7.975551e-01,-1.054237e+00,3.220205e-01
2150401,-4.403844e-03,8.155831e-01,-1.051270e+00,3.522651e-01
2154497,-4.105867e-03,7.256320e-01,-1.052922e+00,3.184008e-01
2158593,-3.478180e-03,7.784216e-01,-1.051345e+00,3.186629e-01
2162689,-6.093795e-03,8.130333e-01,-1.058265e+00,3.127647e-01
2166785,-4.504305e-03,8.205729e-01,-1.063926e+00,3.688329e-01
2170881,-5.165326e-03,7.996289e-01,-1.073046e+00,3.552125e-01
2174977,-6.203571e-03,7.945763e-01,-1.069517e+00,3.364517e-01
2179073,-3.654401e-03,8.113899e-01,-1.061456e+00,3.314661e-01
2183169,-5.513498e-03,7.852545e-01,-1.058165e+00,3.441204e-01
2187265,-5.107288e-03,7.463591e-01,-1.071714e+00,3.080412e-01
2191361,-5.775422e-03,7.425328e-01,-1.058003e+00,2.879747e-01
2195457,-3.524538e-03,7.631174e-01,-1.039605e+00,3.085576e-01
2199553,-4.384435e-03,7.879142e-01,-1.059908e+00,3.454861e-01
2203649,-4.100125e-03,7.476073e-01,-1.063163e+00,3.298958e-01
2207745,-4.423439e-03,7.498125e-01,-1.065788e+00,2.974377e-01
2211841,-3.429495e-03,7.611230e-01,-1.063501e+00,3.467164e-01
2215937,-4.539749e-03,7.484478e-01,-1.062631e+00,2.709441e-01
2220033,-5.533874e-03,7.478094e-01,-1.078250e+00,2.979837e-01
2224129,-5.735574e-03,7.479192e-01,-1.091941e+00,3.201791e-01
2228225,-5.612571e-03,7.372532e-01,-1.049356e+00,3.198421e-01
2232321,-4.593093e-03,7.333732e-01,-1.052925e+00,2.853479e-01
2236417,-4.069422e-03,8.260066e-01,-1.040832e+00,3.207999e-01
2240513,-4.117351e-03,7.433795e-01,-1.051302e+00,3.213214e-01
2244609,-5.025411e-03,8.066138e-01,-1.058114e+00,3.285826e-01
2248705,-5.529254e-03,8.227079e-01,-1.048441e+00,3.334840e-01
2252801,-4.572796e-03,8.131533e-01,-1.061432e+00,3.171976e-01
2256897,-4.918578e-03,8.293844e-01,-1.065268e+00,3.515253e-01
2260993,-4.075229e-03,7.974965e-01,-1.065735e+00,3.132986e-01
2265089,-3.799645e-03,7.698279e-01,-1.078019e+00,3.187419e-01
2269185,-4.223103e-03,7.885993e-01,-1.075289e+00,3.362215e-01
2273281,-4.890171e-03,7.423127e-01,-1.089135e+00,3.065050e-01
2277377,-3.719920e-03,7.565603e-01,-1.102001e+00,2.888495e-01
2281473,-4.633159e-03,7.626742e-01,-1.122389e+00,3.033744e-01
2285569,-5.735130e-03,7.452199e-01,-1.124755e+00,3.132348e-01
2289665,-6.065279e-03,7.607509e-01,-1.122387e+00,3.075025e-01
2293761,-4.746465e-03,7.951792e-01,-1.104980e+00,3.161472e-01
2297857,-5.681079e-03,7.934811e-01,-1.116958e+00,3.308331e-01
2301953,-7.021644e-03,8.261030e-01,-1.098914e+00,3.390302e-01
2306049,-5.225908e-03,8.020006e-01,-1.090219e+00,3.202122e-01
2310145,-5.658071e-03,7.635190e-01,-1.065454e+00,3.117048e-01
2314241,-5.963788e-03,7.939473e-01,-1.079758e+00,3.290654e-01
2318337,-4.143306e-03,7.769635e-01,-1.071816e+00,3.409448e-01
2322433,-4.150723e-03,7.370658e-01,-1.082140e+00,3.136597e-01
2326529,-5.792806e-03,7.501336e-01,-1.089273e+00,3.073947e-01
2330625,-5.370114e-03,7.720215e-01,-1.084964e+00,3.380916e-01
2334721,-5.333396e-03,8.133840e-01,-1.103561e+00,3.425492e-01
2338817,-5.878346e-03,8.307173e-01,-1.105649e+00,3.800416e-01
2342913,-5.129280e-03,7.601792e-01,-1.106434e+00,2.939382e-01
2347009,-4.491783e-03,7.656727e-01,-1.078092e+00,3.481960e-01
2351105,-3.457566e-03,8.046305e-01,-1.104902e+00,3.076527e-01
2355201,-5.155708e-03,8.199377e-01,-1.122759e+00,3.355667e-01
2359297,-4.925621e-03,7.604086e-01,-1.116091e+00,3.169090e-01
2363393,-5.053772e-03,8.088473e-01,-1.123905e+00,3.365365e-01
2367489,-5.294360e-03,8.471031e-01,-1.124200e+00,3.565910e-01
2371585,-4.694600e-03,7.797334e-01,-1.115849e+00,3.339704e-01
2375681,-4.830319e-03,8.076128e-01,-1.120724e+00,3.269370e-01
2379777,-5.088234e-03,8.393099e-01,-1.111252e+00,3.336313e-01
2383873,-3.973698e-03,8.201373e-01,-1.108419e+00,3.689779e-01
2387969,-5.207347e-03,8.286102e-01,-1.114624e+00,3.374380e-01
2392065,-4.184854e-03,8.361651e-01,-1.125355e+00,3.560456e-01
2396161,-6.346960e-03,8.244274e-01,-1.134389e+00,3.531579e-01
2400257,-4.725837e-03,8.262267e-01,-1.160135e+00,3.085507e-01
2404353,-5.262407e-03,8.773299e-01,-1.176579e+00,3.724504e-01
2408449,-4.460655e-03,8.027527e-01,-1.126947e+00,3.027974e-01
2412545,-3.167117e-03,8.323051e-01,-1.152120e+00,3.612180e-01
2416641,-5.280379e-03,8.341098e-01,-1.158609e+00,3.530726e-01
2420737,-5.272272e-03,7.618681e-01,-1.125555e+00,3.179965e-01
2424833,-5.429463e-03,8.190310e-01,-1.154264e+00,3.405501e-01
2428929,-5.259750e-03,7.914956e-01,-1.152048e+00,3.319725e-01
2433025,-4.602597e-03,8.148608e-01,-1.153434e+00,3.546489e-01
2437121,-3.664290e-03,8.268541e-01,-1.144059e+00,3.349884e-01
2441217,-4.233300e-03,8.197268e-01,-1.135256e+00,3.626426e-01
2445313,-4.384903e-03,7.985200e-01,-1.153811e+00,3.204585e-01
2449409,-6.533576e-03,8.517216e-01,-1.147741e+00,3.582463e-01
2453505,-5.066165e-03,8.132689e-01,-1.141730e+00,3.234067e-01
2457601,-5.419484e-03,7.876573e-01,-1.135131e+00,3.403094e-01
2461697,-5.621973e-03,7.946693e-01,-1.134403e+00,3.389606e-01
2465793,-4.407075e-03,8.254137e-01,-1.138138e+00,3.258950e-01
2469889,-4.985602e-03,8.332672e-01,-1.126637e+00,3.303688e-01
2473985,-4.684172e-03,8.531296e-01,-1.142080e+00,3.445520e-01
2478081,-5.407257e-03,8.540724e-01,-1.123555e+00,3.261789e-01
2482177,-5.838577e-03,7.982292e-01,-1.152066e+00,3.205894e-01
2486273,-4.910952e-03,8.933530e-01,-1.140424e+00,3.886085e-01
2490369,-3.837205e-03,8.471989e-01,-1.152507e+00,3.267858e-01
2494465,-5.351917e-03,8.529989e-01,-1.168914e+00,3.473539e-01
2498561,-4.611606e-03,8.150612e-01,-1.146598e+00,3.467717e-01
2502657,-4.281640e-03,7.854201e-01,-1.155729e+00,3.166540e-01
2506753,-5.587664e-03,7.862734e-01,-1.159857e+00,3.314302e-01
2510849,-4.610015e-03,8.378227e-01,-1.171446e+00,3.446411e-01
2514945,-6.894871e-03,7.828612e-01,-1.163425e+00,3.131263e-01
2519041,-4.970700e-03,7.866543e-01,-1.169606e+00,3.355429e-01
2523137,-5.569432e-03,7.667248e-01,-1.176896e+00,3.081385e-01
2527233,-6.279334e-03,8.183341e-01,-1.178584e+00,2.999421e-01
2531329,-4.080925e-03,8.244687e-01,-1.162507e+00,3.781377e-01
2535425,-5.353176e-03,7.819233e-01,-1.141480e+00,2.941946e-01
2539521,-4.838330e-03,7.747160e-01,-1.142540e+00,2.974772e-01
2543617,-5.913408e-03,7.566826e-01,-1.132956e+00,3.075843e-01
2547713,-5.039833e-03,7.892546e-01,-1.140524e+00,3.100871e-01
2551809,-5.877924e-03,7.853659e-01,-1.128391e+00,3.203122e-01
2555905,-4.284094e-03,7.828663e-01,-1.136456e+00,3.072180e-01
2560001,-5.184985e-03,7.470469e-01,-1.142495e+00,3.016305e-01
2564097,-4.623924e-03,7.117089e-01,-1.120829e+00,2.922283e-01
2568193,-4.953315e-03,6.830757e-01,-1.121612e+00,2.785612e-01
2572289,-6.610778e-03,7.213136e-01,-1.119961e+00,3.001245e-01
2576385,-4.268879e-03,7.715114e-01,-1.113363e+00,2.953308e-01
2580481,-4.098251e-03,6.963803e-01,-1.149612e+00,2.926003e-01
2584577,-5.237884e-03,7.109804e-01,-1.148800e+00,2.669061e-01
2588673,-4.083480e-03,7.774153e-01,-1.156857e+00,3.346822e-01
2592769,-5.051265e-03,7.540978e-01,-1.147983e+00,2.853146e-01
2596865,-4.908154e-03,7.485812e-01,-1.167895e+00,3.185277e-01
2600961,-4.154155e-03,7.428169e-01,-1.148561e+00,3.033156e-01
2605057,-4.047838e-03,7.537164e-01,-1.180232e+00,3.297378e-01
2609153,-4.714549e-03,7.214674e-01,-1.146801e+00,3.000666e-01
2613249,-4.331678e-03,7.761976e-01,-1.149452e+00,3.151067e-01
2617345,-4.344964e-03,7.799356e-01,-1.159035e+00,3.260106e-01
2621441,-5.233769e-03,7.799459e-01,-1.177977e+00,3.005813e-01
2625537,-3.695184e-03,7.566698e-01,-1.161129e+00,3.017953e-01
2629633,-5.431848e-03,7.598456e-01,-1.186369e+00,2.972313e-01
2633729,-4.800437e-03,8.114198e-01,-1.157473e+00,3.449029e-01
2637825,-5.510047e-03,7.626441e-01,-1.167183e+00,3.164015e-01
2641921,-5.676776e-03,8.291133e-01,-1.190609e+00,3.156976e-01
2646017,-4.738710e-03,7.770112e-01,-1.183791e+00,3.284413e-01
2650113,-6.081648e-03,8.124574e-01,-1.198217e+00,3.260099e-01
2654209,-4.488756e-03,7.736930e-01,-1.165770e+00,3.054129e-01
2658305,-4.852100e-03,7.702467e-01,-1.204658e+00,3.192559e-01
2662401,-5.405081e-03,7.182409e-01,-1.211362e+00,2.850012e-01
2666497,-4.511243e-03,6.946957e-01,-1.159202e+00,2.859890e-01
2670593,-4.930527e-03,7.219415e-01,-1.180786e+00,2.937451e-01
2674689,-3.925963e-03,7.365586e-01,-1.198864e+00,3.274900e-01
2678785,-6.532203e-03,7.269547e-01,-1.208846e+00,3.113703e-01
2682881,-5.243671e-03,7.692713e-01,-1.197228e+00,3.365875e-01
2686977,-6.159363e-03,7.676191e-01,-1.190607e+00,3.102468e-01
2691073,-4.598812e-03,7.742842e-01,-1.186935e+00,3.115337e-01
2695169,-5.517882e-03,7.250468e-01,-1.182099e+00,2.816429e-01
2699265,-6.123219e-03,7.588087e-01,-1.169353e+00,3.077599e-01
2703361,-4.872617e-03,7.211005e-01,-1.173603e+00,2.835628e-01
2707457,-5.054749e-03,7.648596e-01,-1.196364e+00,3.075812e-01
2711553,-4.956336e-03,7.187385e-01,-1.149528e+00,2.816568e-01
2715649,-4.280836e-03,7.590565e-01,-1.170416e+00,3.392903e-01
2719745,-5.519667e-03,8.102195e-01,-1.184199e+00,3.339595e-01
2723841,-4.319083e-03,7.823979e-01,-1.190289e+00,3.301354e-01
2727937,-6.563889e-03,7.895077e-01,-1.189466e+00,3.158739e-01
2732033,-5.274017e-03,8.048876e-01,-1.150692e+00,3.042797e-01
2736129,-4.775755e-03,8.363858e-01,-1.177902e+00,3.437743e-01
2740225,-4.775776e-03,7.895553e-01,-1.148870e+00,3.177978e-01
2744321,-5.108563e-03,7.907401e-01,-1.178795e+00,3.306633e-01
2748417,-5.088410e-03,7.660245e-01,-1.160264e+00,3.311333e-01
2752513,-4.666496e-03,7.187815e-01,-1.175555e+00,3.105665e-01
2756609,-4.867758e-03,7.196491e-01,-1.170468e+00,3.001738e-01
2760705,-4.471549e-03,7.536024e-01,-1.145631e+00,2.870788e-01
2764801,-4.162474e-03,8.186723e-01,-1.141820e+00,3.397775e-01
2768897,-6.052227e-03,7.574943e-01,-1.151564e+00,3.065828e-01
2772993,-5.666058e-03,7.821740e-01,-1.173456e+00,3.235556e-01
2777089,-4.891813e-03,8.072903e-01,-1.152733e+00,3.515377e-01
2781185,-4.568123e-03,7.306745e-01,-1.165181e+00,3.155041e-01
2785281,-6.515920e-03,7.759055e-01,-1.153398e+00,3.324533e-01
2789377,-5.276598e-03,7.099505e-01,-1.133053e+00,2.962270e-01
2793473,-7.143670e-03,7.616819e-01,-1.140618e+00,2.992551e-01
2797569,-5.703209e-03,7.467347e-01,-1.134514e+00,3.011876e-01
2801665,-4.181097e-03,7.457872e-01,-1.149786e+00,3.314018e-01
2805761,-5.508252e-03,7.172604e-01,-1.156570e+00,2.733140e-01
2809857,-4.610745e-03,7.366782e-01,-1.148143e+00,3.174770e-01
2813953,-5.482895e-03,7.436413e-01,-1.117526e+00,2.911268e-01
2818049,-4.212708e-03,6.989846e-01,-1.141093e+00,2.906108e-01
2822145,-5.622329e-03,7.281486e-01,-1.150929e+00,2.904354e-01
2826241,-7.427129e-03,6.870261e-01,-1.155682e+00,2.988942e-01
2830337,-7.385738e-03,6.765593e-01,-1.181564e+00,2.549247e-01
2834433,-6.339101e-03,7.016197e-01,-1.184838e+00,2.568116e-01
2838529,-5.648578e-03,7.074827e-01,-1.190649e+00,2.921513e-01
2842625,-5.338893e-03,6.830562e-01,-1.180428e+00,2.824599e-01
2846721,-5.800770e-03,6.991332e-01,-1.173098e+00,2.802248e-01
2850817,-4.132275e-03,6.802094e-01,-1.181744e+00,2.604491e-01
2854913,-4.825954e-03,6.611502e-01,-1.157307e+00,2.466782e-01
2859009,-6.979820e-03,7.147274e-01,-1.141491e+00,3.097537e-01
2863105,-4.885564e-03,7.133897e-01,-1.134598e+00,2.927613e-01
2867201,-5.357262e-03,7.321992e-01,-1.121196e+00,2.865172e-01
2871297,-6.273663e-03,7.274226e-01,-1.141360e+00,2.912781e-01
2875393,-4.853691e-03,7.318084e-01,-1.102335e+00,2.868342e-01
2879489,-5.329578e-03,7.542762e-01,-1.115538e+00,2.869072e-01
2883585,-4.619057e-03,7.477624e-01,-1.130743e+00,2.852483e-01
2887681,-5.203993e-03,7.046229e-01,-1.127045e+00,2.927840e-01
2891777,-5.630676e-03,7.262573e-01,-1.115751e+00,2.641119e-01
2895873,-4.808674e-03,7.028401e-01,-1.132459e+00,2.969328e-01
2899969,-6.420770e-03,7.309358e-01,-1.129370e+00,2.977205e-01
2904065,-4.460674e-03,7.160159e-01,-1.130988e+00,2.875423e-01
2908161,-4.961601e-03,7.092371e-01,-1.131327e+00,2.520169e-01
2912257,-8.841165e-03,7.239371e-01,-1.117057e+00,2.989770e-01
2916353,-4.181853e-03,7.153998e-01,-1.128607e+00,2.760254e-01
2920449,-5.948500e-03,7.061482e-01,-1.146516e+00,2.922945e-01
2924545,-4.848617e-03,7.083516e-01,-1.160024e+00,3.007831e-01
2928641,-5.432926e-03,7.088767e-01,-1.121433e+00,2.992643e-01
2932737,-5.219198e-03,6.585778e-01,-1.127977e+00,2.747993e-01
2936833,-5.284190e-03,7.575444e-01,-1.139525e+00,3.369079e-01
2940929,-5.388579e-03,7.335109e-01,-1.100088e+00,2.893698e-01
2945025,-5.120826e-03,7.037160e-01,-1.105325e+00,2.919775e-01
2949121,-4.434859e-03,7.134204e-01,-1.097802e+00,2.949601e-01
2953217,-6.089682e-03,7.206398e-01,-1.113519e+00,3.075078e-01
2957313,-6.518214e-03,7.488175e-01,-1.097625e+00,2.962243e-01
2961409,-5.487832e-03,7.629863e-01,-1.098826e+00,2.978871e-01
2965505,-5.634655e-03,7.314212e-01,-1.095740e+00,3.076316e-01
2969601,-4.797783e-03,7.091227e-01,-1.094854e+00,2.898756e-01
2973697,-4.432425e-03,7.803153e-01,-1.098890e+00,3.384194e-01
2977793,-4.918248e-03,7.371644e-01,-1.101340e+00,2.948174e-01
2981889,-6.176181e-03,8.053133e-01,-1.110701e+00,3.320169e-01
2985985,-3.855687e-03,7.457450e-01,-1.094010e+00,3.261347e-01
2990081,-5.647001e-03,7.324922e-01,-1.098981e+00,2.859788e-01
2994177,-5.888507e-03,7.349637e-01,-1.106429e+00,2.874402e-01
2998273,-6.004270e-03,7.711188e-01,-1.093957e+00,3.134807e-01
3002369,-5.320177e-03,7.831354e-01,-1.091519e+00,3.175273e-01
3006465,-4.061061e-03,7.486828e-01,-1.120042e+00,3.155524e-01
3010561,-5.522173e-03,7.718078e-01,-1.113820e+00,3.006696e-01
3014657,-4.790001e-03,7.336552e-01,-1.109665e+00,3.141429e-01
3018753,-4.920169e-03,7.106285e-01,-1.083213e+00,2.904403e-01
3022849,-4.201530e-03,7.342915e-01,-1.105354e+00,2.903957e-01
3026945,-5.099076e-03,7.288289e-01,-1.113124e+00,2.811621e-01
3031041,-5.407154e-03,7.292513e-01,-1.104923e+00,2.723348e-01
3035137,-4.939999e-03,7.405080e-01,-1.113982e+00,2.878676e-01
3039233,-5.459531e-03,7.349605e-01,-1.123731e+00,3.054650e-01
3043329,-5.938842e-03,6.965742e-01,-1.124366e+00,2.745308e-01
3047425,-4.671919e-03,7.224659e-01,-1.131176e+00,3.005821e-01
3051521,-6.065353e-03,7.369794e-01,-1.108695e+00,3.004776e-01
3055617,-3.630214e-03,7.160517e-01,-1.104529e+00,2.953292e-01
3059713,-5.461412e-03,7.276264e-01,-1.110931e+00,2.821074e-01
3063809,-4.852960e-03,7.131651e-01,-1.088090e+00,2.952599e-01
3067905,-5.254445e-03,7.485824e-01,-1.094205e+00,3.216800e-01
3072001,-6.512073e-03,7.556674e-01,-1.106543e+00,2.951644e-01
3076097,-4.554548e-03,7.446924e-01,-1.067577e+00,2.595671e-01
3080193,-5.510498e-03,7.552084e-01,-1.088000e+00,2.853832e-01
3084289,-3.851501e-03,7.810678e-01,-1.097447e+00,3.046792e-01
3088385,-6.538974e-03,7.060629e-01,-1.091659e+00,3.008663e-01
3092481,-5.270833e-03,7.392226e-01,-1.090384e+00,2.816772e-01
3096577,-5.539175e-03,7.099944e-01,-1.094174e+00,2.937225e-01
3100673,-4.341865e-03,7.436331e-01,-1.087703e+00,3.158143e-01
3104769,-7.393211e-03,7.519631e-01,-1.093078e+00,3.305013e-01
3108865,-6.435047e-03,7.241641e-01,-1.098966e+00,3.298626e-01
3112961,-4.379192e-03,7.174927e-01,-1.102402e+00,3.047142e-01
3117057,-5.066578e-03,7.345102e-01,-1.117044e+00,3.036102e-01
3121153,-4.743532e-03,7.270946e-01,-1.100412e+00,3.037237e-01
3125249,-4.273803e-03,7.135371e-01,-1.103985e+00,3.066481e-01
3129345,-6.537003e-03,6.720433e-01,-1.130406e+00,2.564898e-01
3133441,-5.428336e-03,7.261803e-01,-1.127325e+00,2.890629e-01
3137537,-5.379733e-03,7.417217e-01,-1.141246e+00,2.803788e-01
3141633,-4.604295e-03,7.652508e-01,-1.131273e+00,3.391434e-01
3145729,-4.968055e-03,7.195926e-01,-1.114117e+00,2.669564e-01
3149825,-4.449630e-03,7.247118e-01,-1.097866e+00,2.877327e-01
3153921,-6.052650e-03,7.136898e-01,-1.113849e+00,2.885904e-01
3158017,-5.631036e-03,7.305873e-01,-1.101554e+00,2.962064e-01
3162113,-5.090090e-03,7.233633e-01,-1.133669e+00,2.946613e-01
3166209,-4.898083e-03,7.659321e-01,-1.122077e+00,3.141389e-01
3170305,-5.935138e-03,7.941231e-01,-1.137667e+00,3.395620e-01
3174401,-6.188308e-03,7.535217e-01,-1.115467e+00,3.106365e-01
3178497,-5.153551e-03,7.351777e-01,-1.111222e+00,2.709093e-01
3182593,-6.412287e-03,7.925879e-01,-1.101625e+00,3.331181e-01
3186689,-5.630928e-03,7.709647e-01,-1.102314e+00,3.190256e-01
3190785,-5.158896e-03,7.417298e-01,-1.089447e+00,3.055853e-01
3194881,-6.709073e-03,7.630663e-01,-1.090519e+00,3.132692e-01
3198977,-4.449183e-03,7.999823e-01,-1.060827e+00,3.448488e-01
3203073,-4.942599e-03,7.618714e-01,-1.057469e+00,3.166822e-01
3207169,-3.390293e-03,7.602213e-01,-1.065111e+00,3.260987e-01
3211265,-4.638399e-03,7.953011e-01,-1.071311e+00,3.309276e-01
3215361,-4.540982e-03,7.783970e-01,-1.064176e+00,3.208837e-01
3219457,-5.025094e-03,7.871836e-01,-1.084246e+00,3.254273e-01
3223553,-5.687754e-03,7.445038e-01,-1.087859e+00,2.899201e-01
3227649,-4.940270e-03,7.554406e-01,-1.077822e+00,2.896968e-01
3231745,-5.448410e-03,8.200891e-01,-1.088832e+00,3.360938e-01
3235841,-4.341760e-03,7.778122e-01,-1.089310e+00,3.237047e-01
3239937,-5.181555e-03,7.763040e-01,-1.083892e+00,3.177069e-01
3244033,-5.797520e-03,7.795464e-01,-1.077318e+00,3.474753e-01
3248129,-6.549105e-03,7.790643e-01,-1.054726e+00,3.215755e-01
3252225,-4.948884e-03,7.826257e-01,-1.070289e+00,3.296028e-01
3256321,-5.749480e-03,8.084520e-01,-1.080713e+00,3.508025e-01
3260417,-4.345847e-03,8.184914e-01,-1.079270e+00,3.583887e-01
3264513,-4.235291e-03,7.921522e-01,-1.079001e+00,3.436466e-01
3268609,-5.608724e-03,7.921375e-01,-1.072732e+00,3.379766e-01
3272705,-7.203350e-03,7.856931e-01,-1.070241e+00,3.178777e-01
3276801,-6.722779e-03,7.764116e-01,-1.077408e+00,3.017080e-01
3280897,-4.685270e-03,7.598992e-01,-1.081406e+00,3.101038e-01
3284993,-4.959724e-03,8.010512e-01,-1.078759e+00,3.550645e-01
3289089,-5.449288e-03,7.607039e-01,-1.114336e+00,3.143429e-01
3293185,-5.515454e-03,7.633126e-01,-1.114004e+00,2.767807e-01
3297281,-4.834989e-03,7.530127e-01,-1.124705e+00,2.981077e-01
3301377,-5.784333e-03,8.304490e-01,-1.112777e+00,3.277256e-01
3305473,-5.387655e-03,7.935785e-01,-1.127104e+00,3.240153e-01
3309569,-6.189533e-03,7.392499e-01,-1.106636e+00,2.944408e-01
3313665,-6.010182e-03,7.765976e-01,-1.123809e+00,3.256742e-01
3317761,-4.817278e-03,7.843547e-01,-1.108667e+00,3.215626e-01
3321857,-4.514593e-03,8.076650e-01,-1.115612e+00,3.199618e-01
3325953,-4.703377e-03,7.550070e-01,-1.099772e+00,3.166340e-01
3330049,-5.577251e-03,7.390069e-01,-1.100816e+00,2.959010e-01
3334145,-6.123303e-03,7.735779e-01,-1.105399e+00,2.986893e-01
3338241,-5.926579e-03,7.870625e-01,-1.115528e+00,3.201405e-01
3342337,-4.717511e-03,7.789014e-01,-1.110736e+00,3.079810e-01
3346433,-5.032723e-03,7.613688e-01,-1.131339e+00,3.023620e-01
3350529,-4.555262e-03,7.449984e-01,-1.111654e+00,3.137747e-01
3354625,-4.828956e-03,7.766563e-01,-1.125490e+00,3.235809e-01
3358721,-5.185028e-03,7.778269e-01,-1.111978e+00,2.925693e-01
3362817,-5.463401e-03,7.136934e-01,-1.106563e+00,2.753736e-01
3366913,-6.427684e-03,7.391808e-01,-1.130679e+00,2.962122e-01
3371009,-5.401913e-03,7.674579e-01,-1.154654e+00,2.942071e-01
3375105,-4.559363e-03,7.582601e-01,-1.102801e+00,2.887554e-01
3379201,-6.074651e-03,6.828796e-01,-1.116980e+00,2.590533e-01
3383297,-5.466122e-03,6.685305e-01,-1.119485e+00,2.500207e-01
3387393,-5.284244e-03,7.253565e-01,-1.120848e+00,3.058729e-01
3391489,-5.441030e-03,6.900252e-01,-1.139783e+00,2.545741e-01
3395585,-5.977754e-03,7.541288e-01,-1.127936e+00,2.771879e-01
3399681,-5.319110e-03,7.317560e-01,-1.168539e+00,3.233013e-01
3403777,-5.575892e-03,7.363717e-01,-1.144108e+00,2.840450e-01
3407873,-5.646468e-03,6.928542e-01,-1.154709e+00,2.785312e-01
3411969,-4.626231e-03,7.186096e-01,-1.141950e+00,3.098938e-01
3416065,-6.263357e-03,7.342014e-01,-1.140564e+00,2.992641e-01
3420161,-6.392688e-03,7.935783e-01,-1.133660e+00,3.180306e-01
3424257,-4.623944e-03,7.784320e-01,-1.152773e+00,3.003202e-01
3428353,-6.115377e-03,7.520165e-01,-1.155587e+00,3.172128e-01
3432449,-5.833839e-03,7.779894e-01,-1.146181e+00,3.263440e-01
3436545,-4.199494e-03,8.398210e-01,-1.117652e+00,3.472314e-01
3440641,-5.367494e-03,8.454315e-01,-1.125584e+00,3.303625e-01
3444737,-6.644173e-03,7.905086e-01,-1.116629e+00,3.268818e-01
3448833,-4.704066e-03,7.602917e-01,-1.116373e+00,2.964003e-01
3452929,-4.810005e-03,7.960275e-01,-1.113022e+00,3.675942e-01
3457025,-5.355150e-03,7.988897e-01,-1.133091e+00,3.265134e-01
3461121,-4.589712e-03,7.742382e-01,-1.152784e+00,3.315560e-01
3465217,-5.051119e-03,7.752607e-01,-1.137526e+00,3.243689e-01
3469313,-5.463534e-03,8.124971e-01,-1.131023e+00,3.470196e-01
3473409,-5.965997e-03,7.545147e-01,-1.125421e+00,3.076689e-01
3477505,-6.075228e-03,7.506580e-01,-1.129350e+00,3.239767e-01
3481601,-4.791959e-03,7.589045e-01,-1.137960e+00,3.113295e-01
3485697,-5.376799e-03,7.207599e-01,-1.158899e+00,2.844039e-01
3489793,-5.254475e-03,7.208552e-01,-1.141858e+00,3.024297e-01
3493889,-6.217212e-03,7.398230e-01,-1.147825e+00,3.077673e-01
3497985,-6.074360e-03,7.335706e-01,-1.153338e+00,3.082427e-01
3502081,-6.106988e-03,7.700297e-01,-1.184404e+00,3.020082e-01
3506177,-5.739745e-03,7.623730e-01,-1.168664e+00,2.822873e-01
3510273,-4.857567e-03,7.525162e-01,-1.149667e+00,3.146089e-01
3514369,-5.161044e-03,7.030974e-01,-1.152025e+00,2.749415e-01
3518465,-6.084932e-03,7.356241e-01,-1.147325e+00,3.174647e-01
3522561,-4.961236e-03,7.481218e-01,-1.156309e+00,3.013155e-01
3526657,-6.314969e-03,7.267989e-01,-1.140344e+00,3.283688e-01
3530753,-4.704515e-03,7.132584e-01,-1.169733e+00,2.842335e-01
3534849,-4.760777e-03,6.949583e-01,-1.177285e+00,2.659811e-01
3538945,-4.683413e-03,7.110270e-01,-1.168730e+00,2.865697e-01
3543041,-4.281767e-03,6.909011e-01,-1.168612e+00,2.699565e-01
3547137,-5.081990e-03,7.115918e-01,-1.169898e+00,2.712271e-01
3551233,-5.845715e-03,7.214604e-01,-1.178457e+00,2.956440e-01
3555329,-5.002238e-03,7.666233e-01,-1.177330e+00,3.305764e-01
3559425,-6.984993e-03,7.267076e-01,-1.160038e+00,2.850759e-01
3563521,-5.869804e-03,7.193856e-01,-1.132980e+00,2.906572e-01
3567617,-6.298882e-03,7.877944e-01,-1.152537e+00,3.201452e-01
3571713,-4.496357e-03,7.903526e-01,-1.145952e+00,3.294080e-01
3575809,-5.048413e-03,7.472361e-01,-1.148974e+00,3.188195e-01
3579905,-5.611072e-03,7.689383e-01,-1.161429e+00,3.242394e-01
3584001,-5.195910e-03,7.382550e-01,-1.154002e+00,2.975056e-01
3588097,-5.300261e-03,7.349734e-01,-1.140454e+00,3.090546e-01
3592193,-5.654357e-03,7.070273e-01,-1.148352e+00,2.628664e-01
3596289,-4.928456e-03,7.397602e-01,-1.170009e+00,3.020970e-01
3600385,-5.405636e-03,7.935367e-01,-1.160085e+00,3.555460e-01
3604481,-6.610768e-03,7.375393e-01,-1.155824e+00,3.067807e-01
3608577,-6.000607e-03,7.480165e-01,-1.156458e+00,3.042901e-01
3612673,-6.897323e-03,7.353039e-01,-1.169952e+00,3.157440e-01
3616769,-5.319095e-03,7.523382e-01,-1.152025e+00,3.015940e-01
3620865,-4.077929e-03,7.106804e-01,-1.153222e+00,2.779779e-01
3624961,-5.390197e-03,7.729858e-01,-1.155697e+00,3.135707e-01
3629057,-5.832173e-03,7.411962e-01,-1.169197e+00,3.086037e-01
3633153,-4.891586e-03,7.570658e-01,-1.167005e+00,3.162989e-01
3637249,-4.734890e-03,8.216273e-01,-1.174829e+00,3.302616e-01
3641345,-5.118139e-03,7.225257e-01,-1.163435e+00,2.942123e-01
3645441,-5.949333e-03,7.709226e-01,-1.134866e+00,3.091499e-01
3649537,-5.019481e-03,7.593757e-01,-1.158002e+00,3.123574e-01
3653633,-6.608930e-03,7.425739e-01,-1.148381e+00,2.840618e-01
3657729,-4.712706e-03,7.729294e-01,-1.124382e+00,3.134250e-01
3661825,-4.332639e-03,7.444612e-01,-1.108632e+00,3.191570e-01
3665921,-5.446953e-03,7.405262e-01,-1.101948e+00,3.087769e-01
3670017,-5.862575e-03,7.096510e-01,-1.119388e+00,2.970701e-01
3674113,-6.285207e-03,6.920408e-01,-1.128944e+00,2.705756e-01
3678209,-6.836543e-03,7.745400e-01,-1.157948e+00,3.317638e-01
3682305,-5.499703e-03,7.436121e-01,-1.160078e+00,2.870593e-01
3686401,-4.778034e-03,7.866519e-01,-1.155648e+00,3.358673e-01
3690497,-6.502037e-03,6.814097e-01,-1.158921e+00,2.322746e-01
3694593,-4.212776e-03,7.325032e-01,-1.142607e+00,2.821662e-01
3698689,-6.454780e-03,7.844010e-01,-1.135652e+00,3.373853e-01
3702785,-6.292204e-03,7.346914e-01,-1.112631e+00,3.064884e-01
3706881,-5.231709e-03,7.397452e-01,-1.101303e+00,2.851097e-01
3710977,-5.622445e-03,7.237542e-01,-1.096160e+00,2.795151e-01
3715073,-5.791002e-03,7.691546e-01,-1.108741e+00,3.285795e-01
3719169,-6.646837e-03,7.331738e-01,-1.106471e+00,2.970932e-01
3723265,-6.833381e-03,8.296531e-01,-1.132529e+00,3.551992e-01
3727361,-4.816654e-03,8.094683e-01,-1.136572e+00,3.021113e-01
3731457,-5.373163e-03,7.773989e-01,-1.163190e+00,3.120469e-01
3735553,-5.908752e-03,7.382540e-01,-1.169889e+00,3.089896e-01
3739649,-6.254570e-03,8.465663e-01,-1.160184e+00,3.473512e-01
3743745,-6.398406e-03,7.740815e-01,-1.157503e+00,3.035382e-01
3747841,-5.955186e-03,7.726704e-01,-1.173008e+00,3.291612e-01
3751937,-5.596565e-03,7.702387e-01,-1.164215e+00,3.213557e-01
3756033,-4.907580e-03,7.620304e-01,-1.182193e+00,3.231535e-01
3760129,-6.719383e-03,7.775516e-01,-1.179962e+00,2.922861e-01
3764225,-5.441062e-03,7.716302e-01,-1.163814e+00,3.210962e-01
3768321,-6.394227e-03,8.043114e-01,-1.154329e+00,3.511838e-01
3772417,-6.467195e-03,7.809877e-01,-1.155778e+00,2.990581e-01
3776513,-5.977845e-03,7.454015e-01,-1.153740e+00,3.067820e-01
3780609,-5.815822e-03,7.712950e-01,-1.156491e+00,3.173566e-01
3784705,-5.996954e-03,7.254173e-01,-1.145853e+00,2.831038e-01
3788801,-4.972660e-03,7.712168e-01,-1.155352e+00,3.195602e-01
3792897,-5.921835e-03,7.496888e-01,-1.151664e+00,2.927231e-01
3796993,-6.415444e-03,7.781742e-01,-1.124452e+00,3.103243e-01
3801089,-6.145501e-03,7.656255e-01,-1.152617e+00,2.913510e-01
3805185,-7.103844e-03,7.559778e-01,-1.154884e+00,2.977610e-01
3809281,-6.115967e-03,8.148126e-01,-1.152301e+00,3.354935e-01
3813377,-5.071030e-03,7.680850e-01,-1.154531e+00,3.062975e-01
3817473,-6.754350e-03,7.714392e-01,-1.139841e+00,3.095974e-01
3821569,-5.893806e-03,7.682735e-01,-1.157706e+00,3.155115e-01
3825665,-6.152630e-03,7.536811e-01,-1.156139e+00,2.964789e-01
3829761,-5.235982e-03,7.545131e-01,-1.162407e+00,3.298120e-01
3833857,-3.667057e-03,7.891687e-01,-1.137483e+00,3.132669e-01
3837953,-5.071116e-03,7.749289e-01,-1.161741e+00,3.449389e-01
3842049,-6.110706e-03,7.724038e-01,-1.169635e+00,3.205902e-01
3846145,-5.625163e-03,7.542888e-01,-1.150423e+00,2.994800e-01
3850241,-5.476581e-03,8.282532e-01,-1.152740e+00,3.068454e-01
3854337,-6.542065e-03,7.891701e-01,-1.172039e+00,3.305644e-01
3858433,-5.189233e-03,7.813084e-01,-1.186778e+00,3.223102e-01
3862529,-5.977140e-03,7.964846e-01,-1.165688e+00,3.296816e-01
3866625,-5.422042e-03,7.920138e-01,-1.158178e+00,2.976452e-01
3870721,-4.941298e-03,7.339055e-01,-1.139277e+00,2.895785e-01
3874817,-5.303392e-03,7.402375e-01,-1.157768e+00,3.225372e-01
3878913,-4.712829e-03,7.770851e-01,-1.154713e+00,3.286587e-01
3883009,-6.504694e-03,8.111627e-01,-1.128122e+00,3.185467e-01
3887105,-4.883425e-03,7.401904e-01,-1.129792e+00,2.899189e-01
3891201,-4.352955e-03,7.219379e-01,-1.133743e+00,3.085692e-01
3895297,-5.049877e-03,7.410076e-01,-1.159032e+00,3.058825e-01
3899393,-5.987348e-03,7.396534e-01,-1.145318e+00,2.732835e-01
3903489,-5.780881e-03,7.979561e-01,-1.138406e+00,3.262802e-01
3907585,-5.563073e-03,7.376487e-01,-1.141518e+00,3.198673e-01
3911681,-5.490466e-03,7.573642e-01,-1.157927e+00,3.043500e-01
3915777,-7.811525e-03,6.536428e-01,-1.146174e+00,2.738315e-01
3919873,-5.566102e-03,7.047829e-01,-1.169640e+00,2.552150e-01
3923969,-5.287590e-03,7.212478e-01,-1.177237e+00,2.986107e-01
3928065,-5.068261e-03,7.280290e-01,-1.178209e+00,2.841521e-01
3932161,-5.903058e-03,7.315085e-01,-1.153679e+00,2.997087e-01
3936257,-5.151612e-03,7.722289e-01,-1.134328e+00,3.389360e-01
3940353,-6.682387e-03,7.422898e-01,-1.124759e+00,3.159848e-01
3944449,-6.147299e-03,7.538024e-01,-1.141901e+00,2.979681e-01
3948545,-4.744078e-03,7.865666e-01,-1.124733e+00,3.259239e-01
3952641,-5.375175e-03,7.761778e-01,-1.122081e+00,3.078562e-01
3956737,-5.960132e-03,7.600057e-01,-1.145060e+00,3.066162e-01
3960833,-6.267727e-03,7.724825e-01,-1.149522e+00,3.020657e-01
3964929,-5.361556e-03,7.397899e-01,-1.137673e+00,2.937110e-01
3969025,-6.452790e-03,7.675023e-01,-1.140271e+00,3.046950e-01
3973121,-6.227628e-03,7.361561e-01,-1.176921e+00,3.040416e-01
3977217,-7.447027e-03,6.958304e-01,-1.177547e+00,2.629324e-01
3981313,-5.152535e-03,7.335232e-01,-1.179245e+00,3.023444e-01
3985409,-5.521057e-03,7.475803e-01,-1.175272e+00,2.906799e-01
3989505,-5.388348e-03,6.543966e-01,-1.186279e+00,2.591391e-01
3993601,-4.683662e-03,6.795932e-01,-1.200223e+00,2.808124e-01
3997697,-4.780646e-03,7.437824e-01,-1.201627e+00,2.824068e-01
4001793,-5.684620e-03,7.816783e-01,-1.200969e+00,3.064378e-01
4005889,-5.732500e-03,7.875599e-01,-1.165315e+00,3.032526e-01
4009985,-4.618968e-03,7.401268e-01,-1.163835e+00,3.017209e-01
4014081,-5.491791e-03,7.788153e-01,-1.170312e+00,3.221859e-01
4018177,-5.779130e-03,7.477864e-01,-1.131848e+00,3.009784e-01
4022273,-4.699167e-03,7.460992e-01,-1.169082e+00,2.859949e-01
4026369,-5.766261e-03,7.322306e-01,-1.171724e+00,2.773665e-01
4030465,-5.834828e-03,7.590879e-01,-1.197331e+00,3.359047e-01
4034561,-7.248084e-03,7.458924e-01,-1.159106e+00,3.013817e-01
4038657,-5.042405e-03,7.137360e-01,-1.156784e+00,2.997077e-01
4042753,-6.646148e-03,7.649170e-01,-1.156537e+00,3.165819e-01
4046849,-6.936918e-03,7.277659e-01,-1.131116e+00,2.697599e-01
4050945,-6.471165e-03,7.585818e-01,-1.137415e+00,2.908160e-01
4055041,-5.747341e-03,6.981026e-01,-1.143046e+00,2.842038e-01
4059137,-5.100526e-03,7.739185e-01,-1.151981e+00,3.226366e-01
4063233,-7.198461e-03,7.479068e-01,-1.166011e+00,3.147703e-01
4067329,-6.095616e-03,7.792718e-01,-1.158463e+00,3.148086e-01
4071425,-8.344134e-03,7.830790e-01,-1.134030e+00,3.117488e-01
4075521,-5.560111e-03,7.235074e-01,-1.144493e+00,3.034788e-01
4079617,-5.332628e-03,8.065830e-01,-1.140375e+00,3.255492e-01
4083713,-4.203886e-03,8.007685e-01,-1.137480e+00,3.495932e-01
4087809,-6.031272e-03,7.280017e-01,-1.113982e+00,2.825944e-01
4091905,-6.725875e-03,7.573470e-01,-1.114821e+00,3.035035e-01
4096001,-5.952000e-03,7.166099e-01,-1.148166e+00,2.821731e-01
4100097,-7.316923e-03,7.136040e-01,-1.125282e+00,2.757328e-01
4104193,-4.639954e-03,7.450398e-01,-1.163777e+00,3.198964e-01
4108289,-4.621156e-03,7.535250e-01,-1.138300e+00,3.022819e-01
4112385,-3.705938e-03,7.922917e-01,-1.157556e+00,3.091316e-01
4116481,-6.084707e-03,7.478530e-01,-1.136947e+00,3.088630e-01
4120577,-6.392319e-03,7.361610e-01,-1.099999e+00,3.260442e-01
4124673,-7.357301e-03,7.728456e-01,-1.121856e+00,2.933443e-01
4128769,-5.732916e-03,8.001163e-01,-1.134448e+00,3.291967e-01
4132865,-5.308914e-03,7.454534e-01,-1.129334e+00,3.262210e-01
4136961,-4.363240e-03,7.294745e-01,-1.131201e+00,3.096758e-01
4141057,-7.356663e-03,8.011639e-01,-1.133679e+00,3.406911e-01
4145153,-4.615863e-03,8.087159e-01,-1.121927e+00,3.272491e-01
4149249,-5.525530e-03,8.415440e-01,-1.127598e+00,3.497565e-01
4153345,-5.703219e-03,8.193484e-01,-1.110985e+00,3.470139e-01
4157441,-6.035562e-03,7.968287e-01,-1.143817e+00,3.153314e-01
4161537,-6.056345e-03,7.810363e-01,-1.130590e+00,3.130949e-01
4165633,-6.076237e-03,8.544409e-01,-1.135470e+00,3.647448e-01
4169729,-3.922452e-03,7.976112e-01,-1.145835e+00,3.191138e-01
4173825,-5.678936e-03,8.079929e-01,-1.143655e+00,3.371916e-01
4177921,-6.350150e-03,7.991254e-01,-1.154708e+00,3.079481e-01
4182017,-5.702854e-03,8.001515e-01,-1.147528e+00,3.437496e-01
4186113,-4.762481e-03,7.834905e-01,-1.144099e+00,3.172241e-01
4190209,-5.676502e-03,7.985112e-01,-1.139277e+00,3.313296e-01
4194305,-6.799183e-03,8.052828e-01,-1.133534e+00,3.286662e-01
4198401,-7.026072e-03,8.133455e-01,-1.121584e+00,3.447662e-01
4202497,-5.294394e-03,7.764049e-01,-1.118832e+00,3.251399e-01
4206593,-7.199079e-03,7.897084e-01,-1.124513e+00,3.277128e-01
4210689,-5.029153e-03,7.532702e-01,-1.122278e+00,3.036894e-01
4214785,-6.999574e-03,8.309490e-01,-1.124480e+00,3.443591e-01
4218881,-6.377274e-03,8.047846e-01,-1.102044e+00,3.200598e-01
4222977,-4.572572e-03,8.249864e-01,-1.126464e+00,3.397006e-01
4227073,-5.031606e-03,8.036768e-01,-1.133015e+00,3.440821e-01
4231169,-6.561451e-03,7.939574e-01,-1.133623e+00,3.237860e-01
4235265,-5.402998e-03,7.759823e-01,-1.128944e+00,3.088199e-01
4239361,-6.172486e-03,7.613061e-01,-1.148635e+00,3.049832e-01
4243457,-6.796605e-03,7.673850e-01,-1.140927e+00,3.140833e-01
4247553,-6.016127e-03,6.896537e-01,-1.140725e+00,2.616807e-01
4251649,-5.856940e-03,7.579777e-01,-1.151657e+00,3.122342e-01
4255745,-6.354457e-03,8.203309e-01,-1.143235e+00,3.314491e-01
4259841,-7.003455e-03,8.117204e-01,-1.149509e+00,3.200814e-01
4263937,-6.514150e-03,7.511928e-01,-1.121329e+00,3.114930e-01
4268033,-5.148367e-03,7.294972e-01,-1.120086e+00,2.691387e-01
4272129,-5.864163e-03,7.300127e-01,-1.102701e+00,3.102257e-01
4276225,-5.370410e-03,7.519717e-01,-1.111373e+00,3.172082e-01
4280321,-6.492223e-03,7.987604e-01,-1.123289e+00,3.263212e-01
4284417,-5.795685e-03,8.174265e-01,-1.111032e+00,3.314090e-01
4288513,-5.486746e-03,7.617257e-01,-1.094954e+00,3.095947e-01
4292609,-5.604887e-03,7.502386e-01,-1.102162e+00,2.904708e-01
4296705,-6.865201e-03,7.882494e-01,-1.108200e+00,3.058304e-01
4300801,-6.079065e-03,8.073139e-01,-1.102452e+00,3.181863e-01
4304897,-6.275193e-03,7.683459e-01,-1.123728e+00,3.026049e-01
4308993,-6.881627e-03,7.467686e-01,-1.138767e+00,3.024670e-01
4313089,-6.225609e-03,7.505072e-01,-1.141013e+00,2.739214e-01
4317185,-5.276517e-03,6.919640e-01,-1.145994e+00,2.875113e-01
4321281,-7.246868e-03,7.018043e-01,-1.134342e+00,2.659906e-01
4325377,-6.376759e-03,7.637377e-01,-1.148487e+00,3.131396e-01
4329473,-6.158476e-03,7.332905e-01,-1.162758e+00,3.174805e-01
4333569,-4.336214e-03,7.104436e-01,-1.135771e+00,2.638782e-01
4337665,-5.074054e-03,7.575184e-01,-1.132601e+00,3.230439e-01
4341761,-6.098342e-03,7.730446e-01,-1.124341e+00,3.123790e-01
4345857,-7.570266e-03,7.579418e-01,-1.141987e+00,2.884189e-01
4349953,-6.206308e-03,7.119280e-01,-1.149864e+00,3.112776e-01
4354049,-5.773806e-03,7.642734e-01,-1.140129e+00,3.129994e-01
4358145,-5.218322e-03,7.445526e-01,-1.139825e+00,3.020959e-01
4362241,-5.324042e-03,7.089018e-01,-1.144571e+00,2.576424e-01
4366337,-6.169728e-03,7.568939e-01,-1.138130e+00,3.097297e-01
4370433,-5.582039e-03,7.348651e-01,-1.153384e+00,3.033963e-01
4374529,-5.827809e-03,7.579735e-01,-1.148624e+00,2.954010e-01
4378625,-6.481751e-03,7.563820e-01,-1.154216e+00,3.282970e-01
4382721,-6.191266e-03,7.309799e-01,-1.135364e+00,2.876404e-01
4386817,-5.426639e-03,7.514910e-01,-1.145523e+00,3.388740e-01
4390913,-7.268425e-03,7.479734e-01,-1.162267e+00,2.794439e-01
4395009,-6.209731e-03,7.845020e-01,-1.127277e+00,3.470417e-01
4399105,-6.401211e-03,7.378440e-01,-1.110464e+00,2.871127e-01
4403201,-5.189367e-03,7.948949e-01,-1.126915e+00,3.073286e-01
4407297,-7.469791e-03,7.456201e-01,-1.126689e+00,2.955197e-01
4411393,-6.753686e-03,7.509194e-01,-1.114375e+00,3.020287e-01
4415489,-5.313207e-03,6.967486e-01,-1.111475e+00,2.951939e-01
4419585,-4.768714e-03,7.374921e-01,-1.088579e+00,3.117218e-01
4423681,-5.734606e-03,7.392941e-01,-1.094494e+00,2.950158e-01
4427777,-5.961920e-03,8.013903e-01,-1.092256e+00,3.525606e-01
4431873,-5.863547e-03,7.740162e-01,-1.093070e+00,3.167461e-01
4435969,-5.398731e-03,7.659197e-01,-1.123755e+00,3.202251e-01
4440065,-5.511491e-03,7.546676e-01,-1.115434e+00,2.999324e-01
4444161,-7.377531e-03,7.475568e-01,-1.094336e+00,3.184415e-01
4448257,-7.277822e-03,7.435869e-01,-1.096584e+00,2.934430e-01
4452353,-6.124234e-03,7.747134e-01,-1.122702e+00,3.266097e-01
4456449,-5.295347e-03,7.955552e-01,-1.160602e+00,3.335228e-01
4460545,-4.304637e-03,7.805854e-01,-1.159860e+00,3.330977e-01
4464641,-6.750815e-03,7.232117e-01,-1.169220e+00,2.965179e-01
4468737,-7.746429e-03,6.736895e-01,-1.191742e+00,2.833921e-01
4472833,-7.201380e-03,7.068417e-01,-1.178470e+00,2.981186e-01
4476929,-5.971050e-03,8.271193e-01,-1.180014e+00,3.577673e-01
4481025,-4.990725e-03,7.800159e-01,-1.169952e+00,3.304817e-01
4485121,-6.175059e-03,7.459574e-01,-1.147220e+00,2.748563e-01
4489217,-5.931000e-03,7.875969e-01,-1.141547e+00,3.279673e-01
4493313,-5.559854e-03,7.142305e-01,-1.135581e+00,2.956576e-01
4497409,-5.860124e-03,8.017972e-01,-1.150711e+00,3.360460e-01
4501505,-4.512804e-03,7.598606e-01,-1.164171e+00,3.235368e-01
4505601,-6.994575e-03,7.755306e-01,-1.148511e+00,3.147435e-01
4509697,-6.793538e-03,7.807408e-01,-1.135507e+00,3.352017e-01
4513793,-5.648175e-03,7.321911e-01,-1.155649e+00,2.717528e-01
4517889,-6.825451e-03,7.820619e-01,-1.138838e+00,3.303665e-01
4521985,-6.002371e-03,7.688062e-01,-1.126542e+00,3.188281e-01
4526081,-6.426902e-03,7.353223e-01,-1.150532e+00,3.035493e-01
4530177,-5.580404e-03,7.400439e-01,-1.138631e+00,3.011987e-01
4534273,-7.303233e-03,6.930188e-01,-1.159883e+00,2.671379e-01
4538369,-8.063194e-03,6.939809e-01,-1.158831e+00,2.748350e-01
4542465,-5.835127e-03,7.009217e-01,-1.165136e+00,2.776449e-01
4546561,-6.679502e-03,7.728729e-01,-1.138827e+00,2.816401e-01
4550657,-7.110275e-03,7.353845e-01,-1.153817e+00,2.859182e-01
4554753,-5.279016e-03,7.948241e-01,-1.141785e+00,3.332553e-01
4558849,-7.434203e-03,7.576200e-01,-1.121380e+00,2.929368e-01
4562945,-6.118861e-03,7.916954e-01,-1.119688e+00,3.421489e-01
4567041,-6.144892e-03,7.387296e-01,-1.134654e+00,3.192753e-01
4571137,-6.540099e-03,6.992595e-01,-1.135514e+00,2.926376e-01
4575233,-6.132826e-03,6.823191e-01,-1.135404e+00,2.817974e-01
4579329,-7.389571e-03,7.065458e-01,-1.145145e+00,2.752069e-01
4583425,-5.696928e-03,7.338491e-01,-1.143548e+00,2.909790e-01
4587521,-6.720445e-03,7.051297e-01,-1.155929e+00,2.889206e-01
4591617,-4.650320e-03,6.831762e-01,-1.160805e+00,2.739806e-01
4595713,-6.818596e-03,7.023390e-01,-1.146265e+00,2.794439e-01
4599809,-6.952058e-03,6.994605e-01,-1.170416e+00,2.894243e-01
4603905,-5.204693e-03,7.231551e-01,-1.168117e+00,2.757474e-01
4608001,-7.293046e-03,6.465186e-01,-1.182493e+00,2.691899e-01
4612097,-6.657869e-03,7.600724e-01,-1.159987e+00,3.012492e-01
4616193,-5.040515e-03,7.178772e-01,-1.162002e+00,2.787482e-01
4620289,-7.084701e-03,6.565139e-01,-1.178901e+00,2.625853e-01
4624385,-7.519375e-03,7.146541e-01,-1.155453e+00,2.975869e-01
4628481,-6.676473e-03,7.230030e-01,-1.130191e+00,2.969693e-01
4632577,-4.766288e-03,6.970920e-01,-1.143545e+00,2.688018e-01
4636673,-7.543593e-03,7.112015e-01,-1.170803e+00,2.633458e-01
4640769,-4.835112e-03,7.953273e-01,-1.148944e+00,3.188358e-01
4644865,-5.328915e-03,7.439133e-01,-1.165968e+00,2.930748e-01
4648961,-6.356052e-03,7.560624e-01,-1.134445e+00,2.930043e-01
4653057,-5.878486e-03,7.307059e-01,-1.172608e+00,2.896679e-01
4657153,-6.313161e-03,7.738540e-01,-1.148699e+00,3.330212e-01
4661249,-5.744631e-03,7.280121e-01,-1.190213e+00,2.728125e-01
4665345,-5.664850e-03,7.080345e-01,-1.165265e+00,2.995081e-01
4669441,-6.667861e-03,7.852796e-01,-1.193115e+00,2.973036e-01
4673537,-5.151788e-03,7.532454e-01,-1.162832e+00,2.801848e-01
4677633,-6.965709e-03,7.786188e-01,-1.146688e+00,3.146867e-01
4681729,-5.636345e-03,7.827116e-01,-1.135210e+00,3.224624e-01
4685825,-5.539914e-03,7.840855e-01,-1.142950e+00,3.223797e-01
4689921,-6.697349e-03,7.623713e-01,-1.134609e+00,2.998702e-01
4694017,-6.343166e-03,7.757979e-01,-1.144711e+00,3.176776e-01
4698113,-7.689635e-03,7.955938e-01,-1.153745e+00,3.395257e-01
4702209,-5.668761e-03,7.680281e-01,-1.143730e+00,3.117284e-01
4706305,-6.199850e-03,8.136632e-01,-1.167552e+00,3.470879e-01
4710401,-5.834015e-03,7.886582e-01,-1.145246e+00,3.425834e-01
4714497,-5.631639e-03,7.265817e-01,-1.145380e+00,2.560232e-01
4718593,-6.271533e-03,7.643999e-01,-1.160359e+00,2.903870e-01
4722689,-5.810927e-03,7.113563e-01,-1.149480e+00,2.563619e-01
4726785,-6.553313e-03,6.648839e-01,-1.138978e+00,2.803569e-01
4730881,-5.900026e-03,6.754817e-01,-1.165470e+00,2.233405e-01
4734977,-6.538098e-03,7.401809e-01,-1.153365e+00,3.088862e-01
4739073,-6.033371e-03,7.249460e-01,-1.165330e+00,2.996542e-01
4743169,-4.976666e-03,6.850849e-01,-1.177313e+00,2.597141e-01
4747265,-7.150337e-03,7.218439e-01,-1.174505e+00,2.954471e-01
4751361,-6.737082e-03,7.363448e-01,-1.142597e+00,2.969742e-01
4755457,-6.288919e-03,7.320622e-01,-1.145399e+00,2.776052e-01
4759553,-6.504222e-03,6.766734e-01,-1.148768e+00,2.642546e-01
4763649,-5.274797e-03,7.296374e-01,-1.162515e+00,2.822822e-01
4767745,-6.518801e-03,7.503396e-01,-1.160213e+00,2.922365e-01
4771841,-6.739934e-03,7.476882e-01,-1.176904e+00,3.010817e-01
4775937,-5.932560e-03,7.524058e-01,-1.196517e+00,3.117353e-01
4780033,-5.459780e-03,7.543374e-01,-1.170728e+00,3.263048e-01
4784129,-6.175135e-03,7.875065e-01,-1.190220e+00,3.288944e-01
4788225,-5.630787e-03,7.097148e-01,-1.205721e+00,3.087112e-01
4792321,-5.105492e-03,7.766845e-01,-1.172639e+00,3.179740e-01
4796417,-6.030844e-03,7.002281e-01,-1.175122e+00,2.777249e-01
4800513,-7.637131e-03,7.441557e-01,-1.194256e+00,2.950338e-01
4804609,-7.881041e-03,7.166230e-01,-1.192157e+00,2.891446e-01
4808705,-5.888013e-03,7.518137e-01,-1.201379e+00,2.914612e-01
4812801,-5.693678e-03,7.220079e-01,-1.176517e+00,2.739336e-01
4816897,-7.391130e-03,7.367022e-01,-1.162440e+00,3.228170e-01
4820993,-5.456273e-03,7.241555e-01,-1.175728e+00,2.844314e-01
4825089,-6.025520e-03,7.649005e-01,-1.149381e+00,3.049688e-01
4829185,-6.817851e-03,7.804324e-01,-1.154742e+00,3.604988e-01
4833281,-5.807756e-03,7.698372e-01,-1.130491e+00,3.468100e-01
4837377,-4.866660e-03,7.881054e-01,-1.144305e+00,3.280151e-01
4841473,-6.533853e-03,8.082114e-01,-1.139211e+00,3.517426e-01
4845569,-5.942827e-03,7.790375e-01,-1.136336e+00,3.395716e-01
4849665,-6.363596e-03,7.794941e-01,-1.127851e+00,3.153297e-01
4853761,-5.570212e-03,7.647575e-01,-1.149350e+00,3.086024e-01
4857857,-5.251743e-03,7.982938e-01,-1.149319e+00,3.255573e-01
4861953,-7.137286e-03,7.518499e-01,-1.139787e+00,3.057024e-01
4866049,-5.379004e-03,7.440515e-01,-1.148048e+00,2.827169e-01
4870145,-5.575297e-03,8.061871e-01,-1.161331e+00,3.278834e-01
4874241,-6.891692e-03,7.768942e-01,-1.150657e+00,3.066778e-01
4878337,-5.680331e-03,7.963860e-01,-1.144073e+00,3.241753e-01
4882433,-6.560149e-03,7.314424e-01,-1.147033e+00,3.085756e-01
4886529,-6.314292e-03,7.791721e-01,-1.155802e+00,3.331217e-01
4890625,-5.239330e-03,7.062048e-01,-1.164183e+00,2.658753e-01
4894721,-6.153316e-03,7.092870e-01,-1.192696e+00,2.918738e-01
4898817,-5.228585e-03,7.413994e-01,-1.186769e+00,2.638009e-01
4902913,-6.522353e-03,7.648938e-01,-1.173794e+00,3.086689e-01
4907009,-6.517165e-03,7.008777e-01,-1.162655e+00,2.703250e-01
4911105,-6.805936e-03,6.951846e-01,-1.183981e+00,2.734405e-01
4915201,-4.857550e-03,6.743080e-01,-1.170217e+00,2.695798e-01
4919297,-5.836621e-03,6.399645e-01,-1.177147e+00,2.421184e-01
4923393,-8.371784e-03,6.596769e-01,-1.192973e+00,2.587390e-01
4927489,-6.547382e-03,6.507405e-01,-1.175455e+00,2.247312e-01
4931585,-6.435727e-03,7.015117e-01,-1.153065e+00,2.952029e-01
4935681,-5.638777e-03,6.627594e-01,-1.150562e+00,2.528512e-01
4939777,-7.274206e-03,6.332451e-01,-1.147583e+00,2.622689e-01
4943873,-6.640991e-03,6.512400e-01,-1.178498e+00,2.366784e-01
4947969,-7.522212e-03,6.226593e-01,-1.174629e+00,2.179889e-01
4952065,-7.725782e-03,6.882405e-01,-1.176047e+00,2.611864e-01
4956161,-4.739398e-03,7.062948e-01,-1.136138e+00,3.064610e-01
4960257,-5.586553e-03,7.044640e-01,-1.158963e+00,2.763748e-01
4964353,-6.422927e-03,6.907131e-01,-1.164293e+00,2.827188e-01
4968449,-5.228096e-03,7.321351e-01,-1.160777e+00,2.900897e-01
4972545,-5.273343e-03,7.831418e-01,-1.154049e+00,3.235562e-01
4976641,-6.768464e-03,7.498950e-01,-1.149078e+00,3.011663e-01
4980737,-6.881147e-03,7.293310e-01,-1.117317e+00,2.848318e-01
4984833,-6.939014e-03,8.055017e-01,-1.119201e+00,3.185058e-01
4988929,-6.037466e-03,7.726355e-01,-1.140108e+00,3.133133e-01
4993025,-5.751684e-03,7.917064e-01,-1.126233e+00,2.913902e-01
4997121,-7.099180e-03,7.476594e-01,-1.128281e+00,2.774933e-01
5001217,-5.244133e-03,7.660115e-01,-1.145808e+00,3.159336e-01
5005313,-5.197601e-03,7.754748e-01,-1.122821e+00,3.359050e-01
5009409,-5.856261e-03,6.981079e-01,-1.121450e+00,3.252259e-01
5013505,-6.533201e-03,6.920338e-01,-1.130656e+00,2.604716e-01
5017601,-6.615973e-03,7.567526e-01,-1.115510e+00,3.195447e-01
5021697,-5.865758e-03,6.877079e-01,-1.114468e+00,2.732859e-01
5025793,-5.836883e-03,6.822746e-01,-1.124190e+00,2.619320e-01
5029889,-6.400295e-03,7.005400e-01,-1.121999e+00,2.935241e-01
5033985,-7.018869e-03,7.448692e-01,-1.119207e+00,3.212873e-01
5038081,-6.203112e-03,7.180065e-01,-1.113967e+00,2.932988e-01
5042177,-5.486868e-03,7.164822e-01,-1.129168e+00,2.844092e-01
5046273,-5.977741e-03,7.301552e-01,-1.092917e+00,3.042294e-01
5050369,-6.553845e-03,7.487118e-01,-1.112052e+00,3.079601e-01
5054465,-6.506952e-03,7.789337e-01,-1.126879e+00,3.154076e-01
5058561,-5.491436e-03,7.255033e-01,-1.113662e+00,3.056743e-01
5062657,-6.284128e-03,7.608153e-01,-1.120415e+00,3.159686e-01
5066753,-6.423313e-03,7.408019e-01,-1.092584e+00,3.248537e-01
5070849,-5.983947e-03,7.824367e-01,-1.098620e+00,3.325304e-01
5074945,-6.581331e-03,7.457414e-01,-1.114505e+00,3.153636e-01
5079041,-5.605980e-03,7.281121e-01,-1.107633e+00,2.771924e-01
5083137,-7.267371e-03,7.518423e-01,-1.109584e+00,3.131733e-01
5087233,-5.970873e-03,8.058444e-01,-1.098047e+00,3.374977e-01
5091329,-6.661635e-03,7.413935e-01,-1.108321e+00,3.215260e-01
5095425,-5.854534e-03,7.297684e-01,-1.103979e+00,3.267118e-01
5099521,-6.422693e-03,7.281668e-01,-1.091586e+00,2.947070e-01
5103617,-8.240284e-03,7.641109e-01,-1.084036e+00,3.082286e-01
5107713,-5.890303e-03,7.342057e-01,-1.083219e+00,3.144897e-01
5111809,-4.826815e-03,7.724479e-01,-1.087065e+00,3.013855e-01
5115905,-6.760218e-03,8.113445e-01,-1.093265e+00,3.299522e-01
5120001,-6.730775e-03,8.086069e-01,-1.120667e+00,3.372639e-01
5124097,-4.943766e-03,7.310906e-01,-1.116769e+00,2.960671e-01
5128193,-5.492044e-03,7.579788e-01,-1.121621e+00,3.020238e-01
5132289,-7.398941e-03,7.308985e-01,-1.099745e+00,2.944579e-01
5136385,-6.588041e-03,7.810590e-01,-1.088909e+00,3.203064e-01
5140481,-6.337548e-03,7.822458e-01,-1.076008e+00,3.391673e-01
5144577,-5.643821e-03,7.735624e-01,-1.091522e+00,2.800371e-01
5148673,-5.344991e-03,7.652827e-01,-1.089010e+00,3.148506e-01
5152769,-7.507167e-03,7.631066e-01,-1.088351e+00,3.044477e-01
5156865,-6.331490e-03,7.104415e-01,-1.094552e+00,2.846590e-01
5160961,-6.589956e-03,7.417307e-01,-1.095622e+00,2.937487e-01
5165057,-7.543831e-03,7.171743e-01,-1.102731e+00,2.986060e-01
5169153,-6.782359e-03,7.524036e-01,-1.085650e+00,3.129852e-01
5173249,-5.766883e-03,7.663356e-01,-1.077815e+00,3.135548e-01
5177345,-5.163881e-03,7.830698e-01,-1.071933e+00,3.372898e-01
5181441,-6.516063e-03,7.395143e-01,-1.083377e+00,3.024680e-01
5185537,-5.009996e-03,8.318195e-01,-1.084375e+00,3.616413e-01
5189633,-6.752379e-03,7.483780e-01,-1.110473e+00,2.988438e-01
5193729,-5.897582e-03,7.815397e-01,-1.088024e+00,3.091530e-01
5197825,-7.520362e-03,6.994252e-01,-1.081105e+00,2.685549e-01
5201921,-5.020419e-03,7.600271e-01,-1.073338e+00,3.110407e-01
5206017,-5.763697e-03,7.494898e-01,-1.102094e+00,2.862701e-01
5210113,-7.248017e-03,7.563179e-01,-1.081945e+00,2.930292e-01
5214209,-7.072620e-03,7.646208e-01,-1.086973e+00,3.078860e-01
5218305,-6.746285e-03,7.647166e-01,-1.090205e+00,3.216231e-01
5222401,-4.809041e-03,7.359676e-01,-1.084732e+00,2.919538e-01
5226497,-6.264515e-03,7.617389e-01,-1.099796e+00,2.862954e-01
5230593,-5.525348e-03,7.233412e-01,-1.103055e+00,3.021348e-01
5234689,-8.274769e-03,6.988703e-01,-1.109387e+00,2.800103e-01
5238785,-5.854928e-03,7.659566e-01,-1.113966e+00,3.235904e-01
5242881,-5.970649e-03,7.400073e-01,-1.114276e+00,2.958970e-01
5246977,-5.668309e-03,7.307893e-01,-1.112354e+00,2.923817e-01
5251073,-6.574432e-03,7.302162e-01,-1.123223e+00,2.819787e-01
5255169,-5.632085e-03,7.033346e-01,-1.116129e+00,2.634050e-01
5259265,-6.653397e-03,7.222330e-01,-1.110597e+00,2.894223e-01
5263361,-6.116959e-03,6.820023e-01,-1.124104e+00,2.931297e-01
5267457,-5.547912e-03,7.167476e-01,-1.121366e+00,2.550950e-01
5271553,-6.093211e-03,6.919682e-01,-1.105425e+00,2.879140e-01
5275649,-4.878970e-03,6.662624e-01,-1.121963e+00,2.619926e-01
5279745,-5.832657e-03,7.418636e-01,-1.119715e+00,3.231165e-01
5283841,-5.309163e-03,6.812636e-01,-1.121003e+00,2.784704e-01
5287937,-4.298379e-03,7.324978e-01,-1.119716e+00,2.785354e-01
5292033,-6.840559e-03,7.496817e-01,-1.127399e+00,2.819758e-01
5296129,-6.646215e-03,7.564930e-01,-1.113377e+00,3.325796e-01
5300225,-6.479357e-03,7.066798e-01,-1.140193e+00,2.838326e-01
5304321,-6.744197e-03,7.385635e-01,-1.145672e+00,2.686859e-01
5308417,-6.360792e-03,7.181157e-01,-1.145164e+00,2.876278e-01
5312513,-6.904722e-03,7.532821e-01,-1.128469e+00,3.222058e-01
5316609,-7.731891e-03,7.644277e-01,-1.135810e+00,3.287498e-01
5320705,-6.695670e-03,7.788693e-01,-1.134673e+00,3.156543e-01
5324801,-5.099617e-03,7.805234e-01,-1.113258e+00,3.189642e-01
5328897,-7.048021e-03,7.726655e-01,-1.122582e+00,3.516447e-01
5332993,-7.183088e-03,7.270993e-01,-1.123661e+00,2.768495e-01
5337089,-6.894652e-03,7.484141e-01,-1.120749e+00,3.120432e-01
5341185,-5.423974e-03,7.958999e-01,-1.133314e+00,3.593530e-01
5345281,-6.615437e-03,8.032675e-01,-1.131938e+00,3.019433e-01
5349377,-6.660468e-03,7.378822e-01,-1.159038e+00,2.681548e-01
5353473,-8.341583e-03,7.443832e-01,-1.146965e+00,3.104487e-01
5357569,-7.623624e-03,7.535674e-01,-1.145762e+00,2.995508e-01
5361665,-6.080654e-03,7.371036e-01,-1.140944e+00,2.782745e-01
5365761,-6.970371e-03,7.785414e-01,-1.156657e+00,2.860182e-01
5369857,-6.111826e-03,7.479296e-01,-1.126565e+00,2.872685e-01
5373953,-4.365834e-03,7.491427e-01,-1.126028e+00,2.942235e-01
5378049,-7.491735e-03,7.354456e-01,-1.104120e+00,2.649886e-01
5382145,-5.212214e-03,7.769038e-01,-1.135560e+00,3.063657e-01
5386241,-4.211820e-03,7.188647e-01,-1.120291e+00,2.703969e-01
5390337,-6.647526e-03,6.963471e-01,-1.143437e+00,2.438237e-01
5394433,-5.317179e-03,7.098873e-01,-1.114692e+00,2.916260e-01
5398529,-6.817655e-03,7.195519e-01,-1.131418e+00,2.856071e-01
5402625,-6.651681e-03,7.156495e-01,-1.096639e+00,2.918327e-01
5406721,-6.361294e-03,7.600773e-01,-1.106702e+00,3.252991e-01
5410817,-6.228963e-03,7.417346e-01,-1.113890e+00,2.887203e-01
5414913,-5.853901e-03,7.622405e-01,-1.121264e+00,3.368243e-01
5419009,-8.407069e-03,6.717757e-01,-1.125550e+00,2.565340e-01
5423105,-7.576666e-03,7.191862e-01,-1.110582e+00,2.977979e-01
5427201,-6.666149e-03,7.364360e-01,-1.133769e+00,3.070554e-01
5431297,-6.083088e-03,7.191197e-01,-1.138457e+00,3.095091e-01
5435393,-5.796482e-03,7.370216e-01,-1.123336e+00,2.952111e-01
5439489,-6.732285e-03,7.681975e-01,-1.119538e+00,2.853794e-01
5443585,-5.988425e-03,7.585986e-01,-1.154193e+00,3.083175e-01
5447681,-7.987559e-03,7.098456e-01,-1.137115e+00,2.802978e-01
5451777,-6.294173e-03,7.324841e-01,-1.128210e+00,2.887374e-01
5455873,-7.138837e-03,7.936138e-01,-1.129316e+00,3.419250e-01
5459969,-6.840599e-03,7.763483e-01,-1.147040e+00,3.573203e-01
5464065,-4.820996e-03,7.853445e-01,-1.147841e+00,3.343977e-01
5468161,-6.580377e-03,7.503105e-01,-1.136722e+00,2.897053e-01
5472257,-7.055717e-03,7.259179e-01,-1.127836e+00,2.797575e-01
5476353,-7.165310e-03,7.574095e-01,-1.117373e+00,3.175554e-01
5480449,-6.461507e-03,7.635142e-01,-1.135541e+00,3.160917e-01
5484545,-4.847242e-03,6.954815e-01,-1.162148e+00,2.660026e-01
5488641,-7.569884e-03,7.355193e-01,-1.164690e+00,2.904562e-01
5492737,-5.866100e-03,8.370374e-01,-1.144844e+00,3.476643e-01
5496833,-6.739750e-03,7.687242e-01,-1.142191e+00,3.212101e-01
5500929,-8.026461e-03,7.641117e-01,-1.150180e+00,3.003053e-01
5505025,-7.030455e-03,7.283400e-01,-1.164998e+00,3.061423e-01
5509121,-6.493801e-03,7.474120e-01,-1.160507e+00,2.923433e-01
5513217,-6.756402e-03,7.423179e-01,-1.150505e+00,2.991490e-01
5517313,-5.640478e-03,7.607550e-01,-1.132727e+00,3.225712e-01
5521409,-7.059451e-03,7.189629e-01,-1.125857e+00,2.772441e-01
5525505,-6.965724e-03,7.416224e-01,-1.125809e+00,2.871880e-01
5529601,-6.623211e-03,7.876394e-01,-1.145542e+00,3.473477e-01
5533697,-5.100319e-03,7.434122e-01,-1.138008e+00,2.986902e-01
5537793,-5.597730e-03,7.173556e-01,-1.166854e+00,2.602272e-01
5541889,-4.636781e-03,7.596779e-01,-1.160465e+00,2.896798e-01
5545985,-7.208949e-03,7.629001e-01,-1.163317e+00,3.103629e-01
5550081,-6.116535e-03,7.537790e-01,-1.140774e+00,2.936223e-01
5554177,-6.275616e-03,8.086385e-01,-1.157388e+00,3.563152e-01
5558273,-6.385244e-03,7.571070e-01,-1.133069e+00,2.936203e-01
5562369,-7.712438e-03,7.507398e-01,-1.122042e+00,3.049434e-01
5566465,-6.724770e-03,7.835067e-01,-1.141104e+00,2.965965e-01
5570561,-5.621646e-03,7.444274e-01,-1.148957e+00,3.310527e-01
5574657,-6.054126e-03,7.906370e-01,-1.148924e+00,3.292851e-01
5578753,-6.802412e-03,7.998666e-01,-1.155838e+00,3.175759e-01
5582849,-8.675995e-03,8.343989e-01,-1.159764e+00,3.220691e-01
5586945,-6.576768e-03,7.550132e-01,-1.159369e+00,2.963143e-01
5591041,-6.461753e-03,7.959404e-01,-1.182826e+00,3.400096e-01
5595137,-6.479975e-03,8.121392e-01,-1.179590e+00,3.042023e-01
5599233,-6.379832e-03,7.298960e-01,-1.173925e+00,2.978380e-01
5603329,-6.803766e-03,7.495765e-01,-1.188293e+00,2.958722e-01
5607425,-6.372943e-03,7.331665e-01,-1.194807e+00,3.177924e-01
5611521,-7.111103e-03,7.839280e-01,-1.147786e+00,3.334400e-01
5615617,-5.870629e-03,7.459171e-01,-1.188052e+00,2.820621e-01
5619713,-6.185794e-03,7.563033e-01,-1.168248e+00,3.076008e-01
5623809,-5.969663e-03,7.863550e-01,-1.160862e+00,3.268864e-01
5627905,-6.019455e-03,7.403007e-01,-1.157727e+00,2.956612e-01
5632001,-4.815043e-03,7.620676e-01,-1.166193e+00,3.220457e-01
5636097,-6.366979e-03,7.573289e-01,-1.189250e+00,3.094690e-01
5640193,-6.144501e-03,7.581840e-01,-1.175320e+00,2.949771e-01
5644289,-7.787639e-03,7.815549e-01,-1.170162e+00,3.118957e-01
5648385,-6.437197e-03,7.598075e-01,-1.135127e+00,3.014334e-01
5652481,-5.388540e-03,6.949595e-01,-1.145784e+00,2.843781e-01
5656577,-6.576596e-03,7.050394e-01,-1.154191e+00,2.773713e-01
5660673,-6.097186e-03,7.344195e-01,-1.152686e+00,3.084825e-01
5664769,-5.984350e-03,7.163000e-01,-1.171442e+00,2.837816e-01
5668865,-6.387277e-03,7.852696e-01,-1.152081e+00,3.162066e-01
5672961,-6.822852e-03,7.387727e-01,-1.142627e+00,3.010411e-01
5677057,-6.932732e-03,7.046157e-01,-1.152411e+00,3.022841e-01
5681153,-6.962239e-03,7.180601e-01,-1.157464e+00,2.972462e-01
5685249,-7.677486e-03,7.517162e-01,-1.127841e+00,3.146460e-01
5689345,-6.336949e-03,6.731818e-01,-1.128320e+00,2.498342e-01
5693441,-5.842490e-03,7.076768e-01,-1.141126e+00,2.965664e-01
5697537,-5.086831e-03,7.380037e-01,-1.131103e+00,3.065155e-01
5701633,-6.650538e-03,7.231197e-01,-1.120941e+00,2.819393e-01
5705729,-6.120696e-03,7.375330e-01,-1.111009e+00,2.777521e-01
5709825,-5.290226e-03,7.115811e-01,-1.117923e+00,3.036021e-01
5713921,-6.013209e-03,7.862132e-01,-1.110896e+00,3.387393e-01
5718017,-5.324938e-03,8.080340e-01,-1.121367e+00,3.048317e-01
5722113,-4.554511e-03,7.701411e-01,-1.108708e+00,3.272063e-01
5726209,-8.020780e-03,7.086349e-01,-1.101384e+00,2.832974e-01
5730305,-5.921377e-03,7.337268e-01,-1.148832e+00,3.006080e-01
5734401,-6.967912e-03,7.647111e-01,-1.114727e+00,3.116629e-01
5738497,-7.217996e-03,7.636749e-01,-1.124710e+00,3.125950e-01
5742593,-5.831951e-03,7.517629e-01,-1.127658e+00,2.844047e-01
5746689,-7.012324e-03,6.873681e-01,-1.128542e+00,2.490541e-01
5750785,-7.524124e-03,7.543884e-01,-1.142639e+00,3.038239e-01
5754881,-7.135563e-03,7.472764e-01,-1.145911e+00,2.909676e-01
5758977,-5.934256e-03,7.689352e-01,-1.144958e+00,3.002370e-01
5763073,-7.112555e-03,7.532361e-01,-1.140555e+00,3.262144e-01
5767169,-6.686678e-03,7.404178e-01,-1.137211e+00,2.875080e-01
5771265,-6.346701e-03,7.399413e-01,-1.149274e+00,3.009166e-01
5775361,-7.249147e-03,7.441963e-01,-1.132936e+00,2.939608e-01
5779457,-6.596108e-03,7.755533e-01,-1.127000e+00,3.109945e-01
5783553,-8.098933e-03,7.644283e-01,-1.160904e+00,2.759470e-01
5787649,-6.224227e-03,7.170880e-01,-1.167176e+00,2.925497e-01
5791745,-7.051767e-03,7.343236e-01,-1.151593e+00,2.773509e-01
5795841,-7.232007e-03,7.036917e-01,-1.192523e+00,2.886585e-01
5799937,-7.838812e-03,7.008233e-01,-1.181714e+00,2.758903e-01
5804033,-4.592504e-03,7.284794e-01,-1.188786e+00,3.206751e-01
5808129,-5.713009e-03,7.233108e-01,-1.202322e+00,2.912472e-01
5812225,-7.288157e-03,7.333179e-01,-1.187206e+00,3.152179e-01
5816321,-6.886248e-03,7.841800e-01,-1.177826e+00,2.888289e-01
5820417,-7.094740e-03,7.146900e-01,-1.165832e+00,2.847528e-01
5824513,-7.023010e-03,7.853605e-01,-1.166163e+00,3.181203e-01
5828609,-5.299636e-03,7.620248e-01,-1.181017e+00,3.019837e-01
5832705,-6.037728e-03,7.122058e-01,-1.184034e+00,2.783405e-01
5836801,-8.542375e-03,7.646185e-01,-1.191051e+00,2.806465e-01
5840897,-5.933861e-03,7.372342e-01,-1.173847e+00,2.761150e-01
5844993,-6.420155e-03,7.521739e-01,-1.178331e+00,3.245237e-01
5849089,-5.505702e-03,7.536371e-01,-1.157346e+00,3.322648e-01
5853185,-6.305085e-03,7.152846e-01,-1.156448e+00,2.872580e-01
5857281,-6.024340e-03,7.238148e-01,-1.162789e+00,2.710671e-01
5861377,-6.963815e-03,7.312000e-01,-1.142122e+00,3.118941e-01
5865473,-6.707187e-03,7.499087e-01,-1.157787e+00,3.208138e-01
5869569,-6.099732e-03,7.903926e-01,-1.138301e+00,3.190191e-01
5873665,-5.950436e-03,7.581230e-01,-1.132125e+00,3.033956e-01
5877761,-8.015938e-03,7.419891e-01,-1.126356e+00,3.101271e-01
5881857,-5.582586e-03,7.685746e-01,-1.151159e+00,2.958204e-01
5885953,-7.554879e-03,7.552740e-01,-1.126130e+00,3.093928e-01
5890049,-4.728200e-03,7.575326e-01,-1.136373e+00,3.119956e-01
5894145,-6.723008e-03,7.635057e-01,-1.148383e+00,3.296224e-01
5898241,-5.202416e-03,7.469435e-01,-1.132996e+00,3.135822e-01
5902337,-6.844040e-03,7.953881e-01,-1.138548e+00,3.207732e-01
5906433,-5.815846e-03,7.058562e-01,-1.140824e+00,2.857856e-01
5910529,-6.261112e-03,7.426034e-01,-1.126193e+00,3.207090e-01
5914625,-6.616295e-03,7.608778e-01,-1.132865e+00,2.937276e-01
5918721,-5.966718e-03,7.259981e-01,-1.117709e+00,2.962347e-01
5922817,-8.181271e-03,7.739330e-01,-1.152141e+00,3.060561e-01
5926913,-6.712781e-03,7.332524e-01,-1.161312e+00,2.573594e-01
5931009,-6.566069e-03,7.213953e-01,-1.151421e+00,2.993647e-01
5935105,-7.148841e-03,6.763268e-01,-1.155076e+00,2.678470e-01
5939201,-7.151892e-03,7.181462e-01,-1.159578e+00,2.947888e-01
5943297,-6.841024e-03,7.430174e-01,-1.148114e+00,3.253283e-01
5947393,-7.325534e-03,7.056400e-01,-1.146901e+00,2.918067e-01
5951489,-6.710586e-03,7.170604e-01,-1.111766e+00,2.599204e-01
5955585,-6.534102e-03,7.130266e-01,-1.075335e+00,3.028489e-01
5959681,-5.762607e-03,7.280768e-01,-1.083364e+00,3.438576e-01
5963777,-5.362258e-03,7.502180e-01,-1.077140e+00,3.110553e-01
5967873,-6.864864e-03,7.789189e-01,-1.089053e+00,3.014035e-01
5971969,-6.544768e-03,7.302426e-01,-1.110666e+00,2.901406e-01
5976065,-5.455666e-03,7.088174e-01,-1.104195e+00,2.590125e-01
5980161,-6.393100e-03,7.135305e-01,-1.127099e+00,2.964287e-01
5984257,-7.711644e-03,7.508525e-01,-1.122709e+00,2.746853e-01
5988353,-6.491930e-03,7.545448e-01,-1.116175e+00,3.250307e-01
5992449,-7.825477e-03,7.261714e-01,-1.100586e+00,2.908260e-01
5996545,-5.491659e-03,7.421340e-01,-1.110776e+00,3.015356e-01
6000641,-8.066443e-03,7.347805e-01,-1.115483e+00,2.819099e-01
6004737,-7.542787e-03,7.026355e-01,-1.093600e+00,2.820631e-01
6008833,-7.496949e-03,7.684825e-01,-1.101466e+00,3.292894e-01
6012929,-7.299113e-03,7.069959e-01,-1.109747e+00,2.676045e-01
6017025,-5.931945e-03,7.616337e-01,-1.104566e+00,3.398809e-01
6021121,-5.913831e-03,7.693740e-01,-1.107936e+00,2.905486e-01
6025217,-7.004965e-03,7.324740e-01,-1.117502e+00,2.921437e-01
6029313,-5.411467e-03,6.952829e-01,-1.124436e+00,2.473374e-01
6033409,-7.225952e-03,7.188309e-01,-1.099340e+00,2.543622e-01
6037505,-5.361089e-03,7.463785e-01,-1.104737e+00,2.996556e-01
6041601,-6.972836e-03,7.423972e-01,-1.101306e+00,2.968955e-01
6045697,-6.368182e-03,7.017771e-01,-1.122140e+00,2.483839e-01
6049793,-5.834551e-03,7.489638e-01,-1.112832e+00,3.166353e-01
6053889,-6.495489e-03,7.548950e-01,-1.103316e+00,3.313880e-01
6057985,-5.219141e-03,8.067255e-01,-1.090165e+00,3.473352e-01
6062081,-7.585661e-03,7.706674e-01,-1.105051e+00,2.988712e-01
6066177,-5.203402e-03,7.568682e-01,-1.102790e+00,3.165796e-01
6070273,-6.418258e-03,7.082445e-01,-1.095065e+00,2.988057e-01
6074369,-6.725248e-03,7.907105e-01,-1.091601e+00,3.040494e-01
6078465,-5.716267e-03,7.629641e-01,-1.095450e+00,3.310527e-01
6082561,-6.988013e-03,7.854392e-01,-1.089859e+00,3.378134e-01
6086657,-4.535638e-03,7.796442e-01,-1.092577e+00,3.144443e-01
6090753,-6.340174e-03,7.499214e-01,-1.067018e+00,3.036867e-01
6094849,-5.992050e-03,7.895468e-01,-1.088766e+00,3.415450e-01
6098945,-5.962404e-03,6.889490e-01,-1.097968e+00,2.699795e-01
6103041,-5.922698e-03,7.714570e-01,-1.100744e+00,3.192896e-01
6107137,-8.485979e-03,6.661854e-01,-1.099635e+00,2.479026e-01
6111233,-6.523337e-03,7.325302e-01,-1.063603e+00,3.028378e-01
6115329,-5.085809e-03,7.386236e-01,-1.091068e+00,2.989966e-01
6119425,-7.482672e-03,7.451348e-01,-1.077929e+00,3.045171e-01
6123521,-6.748666e-03,6.926098e-01,-1.081355e+00,2.825397e-01
6127617,-6.556515e-03,7.380838e-01,-1.059789e+00,3.088782e-01
6131713,-6.768058e-03,7.255662e-01,-1.069329e+00,3.250723e-01
6135809,-7.265519e-03,7.293402e-01,-1.063740e+00,2.980083e-01
6139905,-7.066274e-03,7.357347e-01,-1.038501e+00,2.873564e-01
6144001,-4.396384e-03,7.651637e-01,-1.039335e+00,3.318726e-01
6148097,-5.178092e-03,7.498082e-01,-1.030992e+00,3.081880e-01
6152193,-6.558659e-03,7.709714e-01,-1.006062e+00,2.999870e-01
6156289,-6.955410e-03,7.897809e-01,-1.002230e+00,3.420171e-01
6160385,-5.966116e-03,7.809367e-01,-1.012911e+00,3.345445e-01
6164481,-5.467395e-03,7.812620e-01,-1.037394e+00,3.111198e-01
6168577,-6.767440e-03,7.949446e-01,-1.017057e+00,3.516037e-01
6172673,-5.848636e-03,7.752280e-01,-1.031065e+00,3.020017e-01
6176769,-6.771003e-03,7.328120e-01,-1.047771e+00,2.873559e-01
6180865,-5.711133e-03,7.655548e-01,-1.055193e+00,3.070416e-01
6184961,-6.906917e-03,7.863844e-01,-1.070209e+00,3.462404e-01
6189057,-7.190741e-03,7.456778e-01,-1.035688e+00,3.192134e-01
6193153,-6.393468e-03,7.910556e-01,-1.060893e+00,3.321460e-01
6197249,-5.467836e-03,7.482883e-01,-1.052238e+00,3.162622e-01
6201345,-7.626657e-03,7.497643e-01,-1.062086e+00,3.014165e-01
6205441,-6.792949e-03,7.528311e-01,-1.076868e+00,3.260946e-01
6209537,-6.896411e-03,7.330074e-01,-1.077740e+00,2.948193e-01
6213633,-6.225177e-03,7.217949e-01,-1.080845e+00,2.887753e-01
6217729,-6.265933e-03,7.322520e-01,-1.075931e+00,2.968560e-01
6221825,-4.955052e-03,7.463506e-01,-1.095584e+00,2.894844e-01
6225921,-7.218949e-03,7.491743e-01,-1.069455e+00,3.083366e-01
6230017,-6.802092e-03,7.398274e-01,-1.084272e+00,3.044289e-01
6234113,-6.094206e-03,7.509255e-01,-1.095628e+00,2.810231e-01
6238209,-5.096121e-03,7.184222e-01,-1.121172e+00,2.702746e-01
6242305,-5.980919e-03,7.299867e-01,-1.115393e+00,2.935120e-01
6246401,-5.643538e-03,6.962781e-01,-1.116200e+00,2.798046e-01
6250497,-5.931364e-03,7.067004e-01,-1.109929e+00,2.813109e-01
6254593,-7.374072e-03,7.346754e-01,-1.099090e+00,2.891937e-01
6258689,-5.484434e-03,6.975472e-01,-1.104442e+00,2.588390e-01
6262785,-8.463696e-03,7.246136e-01,-1.088886e+00,2.602260e-01
6266881,-6.718334e-03,7.223193e-01,-1.080699e+00,3.019983e-01
6270977,-6.996831e-03,7.661283e-01,-1.093319e+00,3.240520e-01
6275073,-4.909613e-03,7.583434e-01,-1.106322e+00,3.080241e-01
6279169,-6.375176e-03,6.982849e-01,-1.109716e+00,2.767576e-01
6283265,-5.954977e-03,7.551909e-01,-1.096234e+00,3.127237e-01
6287361,-6.645953e-03,7.190755e-01,-1.100531e+00,2.870689e-01
6291457,-7.098276e-03,7.637430e-01,-1.097528e+00,2.911352e-01
6295553,-6.747386e-03,7.310568e-01,-1.082818e+00,2.905594e-01
6299649,-6.223920e-03,7.544612e-01,-1.073974e+00,3.179966e-01
6303745,-6.623294e-03,7.449005e-01,-1.074155e+00,2.934023e-01
6307841,-6.500908e-03,7.329097e-01,-1.117729e+00,2.930591e-01
6311937,-6.323367e-03,7.119258e-01,-1.104448e+00,2.990101e-01
6316033,-6.244289e-03,7.061994e-01,-1.106709e+00,2.743840e-01
6320129,-7.996988e-03,6.845148e-01,-1.072484e+00,2.576420e-01
6324225,-6.475111e-03,7.601691e-01,-1.100946e+00,3.274596e-01
6328321,-6.576940e-03,7.717194e-01,-1.090519e+00,3.123841e-01
6332417,-6.514234e-03,6.995175e-01,-1.102852e+00,2.710122e-01
6336513,-7.630718e-03,7.452223e-01,-1.124581e+00,3.109459e-01
6340609,-7.120006e-03,7.099299e-01,-1.123877e+00,2.792469e-01
6344705,-5.990374e-03,7.320535e-01,-1.102916e+00,3.074001e-01
6348801,-6.121859e-03,7.161308e-01,-1.127841e+00,2.924206e-01
6352897,-6.344282e-03,7.260810e-01,-1.103410e+00,2.582573e-01
6356993,-6.055824e-03,7.072583e-01,-1.113972e+00,3.056153e-01
6361089,-8.582688e-03,7.132762e-01,-1.116191e+00,2.890933e-01
6365185,-7.175524e-03,7.345384e-01,-1.136259e+00,2.710343e-01
6369281,-7.484006e-03,7.522472e-01,-1.124364e+00,2.936741e-01
6373377,-6.650198e-03,7.555523e-01,-1.105168e+00,3.075870e-01
6377473,-6.632554e-03,7.385190e-01,-1.103331e+00,2.972452e-01
6381569,-6.484411e-03,7.467430e-01,-1.125691e+00,3.039479e-01
6385665,-6.332829e-03,7.697751e-01,-1.122893e+00,3.231285e-01
6389761,-6.937656e-03,7.029591e-01,-1.115108e+00,2.632444e-01
6393857,-6.292565e-03,7.397040e-01,-1.123084e+00,2.892117e-01
6397953,-5.995654e-03,7.512026e-01,-1.129158e+00,2.758780e-01
6402049,-7.228738e-03,7.328190e-01,-1.109501e+00,2.910258e-01
6406145,-6.615468e-03,7.183488e-01,-1.130108e+00,3.053083e-01
6410241,-6.948746e-03,7.327994e-01,-1.109561e+00,3.222941e-01
6414337,-5.915787e-03,7.192352e-01,-1.082694e+00,2.924309e-01
6418433,-6.858672e-03,7.058865e-01,-1.091241e+00,3.026715e-01
6422529,-5.631333e-03,6.958502e-01,-1.079109e+00,2.727426e-01
6426625,-6.796351e-03,7.525931e-01,-1.093162e+00,2.946915e-01
6430721,-7.025278e-03,6.986147e-01,-1.098725e+00,2.979720e-01
6434817,-7.669155e-03,7.292096e-01,-1.091591e+00,2.710689e-01
6438913,-6.189856e-03,6.932155e-01,-1.110358e+00,2.704726e-01
6443009,-7.188207e-03,7.626884e-01,-1.088297e+00,3.012362e-01
6447105,-6.498855e-03,6.926768e-01,-1.120361e+00,2.799444e-01
6451201,-6.887021e-03,7.032679e-01,-1.111839e+00,3.307172e-01
6455297,-7.564334e-03,6.838954e-01,-1.083881e+00,2.734619e-01
6459393,-7.154908e-03,7.085962e-01,-1.111556e+00,2.810441e-01
6463489,-6.574121e-03,7.418633e-01,-1.128792e+00,3.059135e-01
6467585,-5.927751e-03,6.817256e-01,-1.129853e+00,2.434761e-01
6471681,-5.865801e-03,7.257848e-01,-1.150791e+00,2.818683e-01
6475777,-5.791632e-03,7.038368e-01,-1.132144e+00,2.761507e-01
6479873,-5.920973e-03,6.953393e-01,-1.114682e+00,2.729671e-01
6483969,-5.946790e-03,6.696138e-01,-1.143785e+00,2.731980e-01
6488065,-7.172913e-03,6.580949e-01,-1.142443e+00,2.420331e-01
6492161,-5.616478e-03,6.734526e-01,-1.142560e+00,2.528232e-01
6496257,-7.323602e-03,6.680039e-01,-1.117701e+00,2.479455e-01
6500353,-6.746667e-03,6.733987e-01,-1.115608e+00,2.719540e-01
6504449,-6.275920e-03,6.339486e-01,-1.113426e+00,2.604976e-01
6508545,-5.833966e-03,6.814281e-01,-1.113584e+00,2.678827e-01
6512641,-6.945631e-03,6.658664e-01,-1.129232e+00,2.557927e-01
6516737,-5.470509e-03,6.329710e-01,-1.107447e+00,2.372189e-01
6520833,-6.240636e-03,6.831675e-01,-1.113160e+00,2.734123e-01
6524929,-5.823091e-03,7.256994e-01,-1.104749e+00,2.903955e-01
6529025,-6.355397e-03,6.929113e-01,-1.111189e+00,2.821100e-01
6533121,-6.360991e-03,6.983980e-01,-1.113966e+00,2.806661e-01
6537217,-7.339624e-03,7.129497e-01,-1.111735e+00,2.778729e-01
6541313,-6.710867e-03,7.507268e-01,-1.106521e+00,2.969645e-01
6545409,-5.571924e-03,7.497743e-01,-1.108592e+00,3.287681e-01
6549505,-8.055142e-03,7.217046e-01,-1.119430e+00,3.112738e-01
6553601,-7.805985e-03,6.761018e-01,-1.126987e+00,2.564448e-01
6557697,-7.007752e-03,7.083298e-01,-1.114570e+00,2.767262e-01
6561793,-7.577062e-03,6.593234e-01,-1.134045e+00,2.554909e-01
6565889,-6.845761e-03,6.762083e-01,-1.125422e+00,2.449934e-01
6569985,-6.082459e-03,6.921785e-01,-1.116483e+00,2.917588e-01
6574081,-6.085152e-03,6.914546e-01,-1.131761e+00,2.806696e-01
6578177,-6.067598e-03,6.928216e-01,-1.127468e+00,2.824942e-01
6582273,-7.512981e-03,7.041127e-01,-1.106533e+00,2.914172e-01
6586369,-7.924358e-03,6.447908e-01,-1.128811e+00,2.705199e-01
6590465,-7.369271e-03,6.755471e-01,-1.138725e+00,2.561735e-01
6594561,-5.882099e-03,6.535304e-01,-1.137789e+00,2.680768e-01
6598657,-6.260194e-03,6.023562e-01,-1.150631e+00,2.107406e-01
6602753,-8.350062e-03,6.406894e-01,-1.146354e+00,2.487762e-01
6606849,-6.966582e-03,6.012487e-01,-1.150380e+00,2.406869e-01
6610945,-8.082101e-03,6.900593e-01,-1.124415e+00,2.655969e-01
6615041,-5.726985e-03,7.224335e-01,-1.131789e+00,3.003708e-01
6619137,-7.496203e-03,6.815320e-01,-1.110962e+00,2.666678e-01
6623233,-6.880982e-03,7.429332e-01,-1.118988e+00,2.988980e-01
6627329,-5.962157e-03,6.776010e-01,-1.107290e+00,2.842776e-01
6631425,-7.338336e-03,7.580405e-01,-1.099173e+00,2.931457e-01
6635521,-9.226003e-03,7.087952e-01,-1.101741e+00,2.957054e-01
6639617,-6.909204e-03,6.833624e-01,-1.086564e+00,2.834221e-01
6643713,-6.611216e-03,6.869188e-01,-1.094013e+00,2.623399e-01
6647809,-8.712243e-03,6.710271e-01,-1.078030e+00,2.518980e-01
6651905,-6.472392e-03,7.550231e-01,-1.080525e+00,3.119676e-01
6656001,-5.572221e-03,7.113671e-01,-1.071832e+00,2.980762e-01
6660097,-6.126291e-03,7.115148e-01,-1.067213e+00,3.017384e-01
6664193,-6.828126e-03,6.982827e-01,-1.053544e+00,2.926811e-01
6668289,-6.363487e-03,7.766054e-01,-1.069024e+00,3.068939e-01
6672385,-7.507895e-03,7.634193e-01,-1.071968e+00,3.157282e-01
6676481,-6.050249e-03,7.352577e-01,-1.074563e+00,2.885777e-01
6680577,-5.194338e-03,7.762972e-01,-1.077462e+00,2.941510e-01
6684673,-6.784760e-03,7.497915e-01,-1.083799e+00,2.888496e-01
6688769,-5.864930e-03,7.062889e-01,-1.060397e+00,2.780209e-01
6692865,-5.590430e-03,7.106091e-01,-1.067327e+00,2.693307e-01
6696961,-7.437595e-03,7.645338e-01,-1.063353e+00,3.071124e-01
6701057,-6.323708e-03,7.258850e-01,-1.081450e+00,2.828617e-01
6705153,-7.210338e-03,7.328163e-01,-1.110074e+00,2.944756e-01
6709249,-6.456224e-03,7.251443e-01,-1.105061e+00,3.035568e-01
6713345,-7.712594e-03,7.285210e-01,-1.100866e+00,3.026527e-01
6717441,-6.741112e-03,6.972601e-01,-1.108867e+00,2.799610e-01
6721537,-5.868886e-03,6.986046e-01,-1.132465e+00,2.735673e-01
6725633,-6.996207e-03,6.906650e-01,-1.111329e+00,3.047481e-01
6729729,-5.867904e-03,6.995504e-01,-1.100154e+00,2.859324e-01
6733825,-6.556333e-03,6.992869e-01,-1.114246e+00,2.513483e-01
6737921,-5.660869e-03,7.148858e-01,-1.110673e+00,2.901937e-01
6742017,-6.115395e-03,6.912089e-01,-1.107232e+00,2.831657e-01
6746113,-4.974895e-03,7.620984e-01,-1.097805e+00,3.338580e-01
6750209,-5.920938e-03,6.988276e-01,-1.100062e+00,2.708775e-01
6754305,-9.380029e-03,7.208169e-01,-1.117877e+00,3.045697e-01
6758401,-7.558252e-03,7.161956e-01,-1.126088e+00,2.807693e-01
6762497,-6.939609e-03,7.211952e-01,-1.118252e+00,2.992538e-01
6766593,-5.918132e-03,6.904004e-01,-1.121107e+00,2.640103e-01
6770689,-7.025328e-03,7.014484e-01,-1.102133e+00,2.715759e-01
6774785,-6.388879e-03,7.141620e-01,-1.094146e+00,2.622632e-01
6778881,-6.695971e-03,7.237338e-01,-1.102515e+00,2.791839e-01
6782977,-7.091006e-03,7.570502e-01,-1.107894e+00,2.914995e-01
6787073,-6.610051e-03,7.086971e-01,-1.083337e+00,3.036300e-01
6791169,-5.922810e-03,7.141551e-01,-1.080866e+00,3.127081e-01
6795265,-6.353860e-03,6.939000e-01,-1.072570e+00,2.587545e-01
6799361,-6.863410e-03,6.902968e-01,-1.093822e+00,2.881640e-01
6803457,-7.804624e-03,6.716897e-01,-1.070168e+00,2.766061e-01
6807553,-7.100607e-03,7.377744e-01,-1.081522e+00,3.011818e-01
6811649,-6.480175e-03,7.056610e-01,-1.078227e+00,2.766295e-01
6815745,-7.200120e-03,7.384642e-01,-1.066223e+00,3.107129e-01
6819841,-6.525482e-03,7.643152e-01,-1.079127e+00,3.225916e-01
6823937,-6.336876e-03,7.634158e-01,-1.094021e+00,3.314343e-01
6828033,-6.119401e-03,7.100421e-01,-1.105695e+00,3.012105e-01
6832129,-7.291105e-03,7.225883e-01,-1.120800e+00,3.045453e-01
6836225,-6.912433e-03,7.521850e-01,-1.107221e+00,3.271768e-01
6840321,-5.932529e-03,7.438331e-01,-1.120423e+00,2.904845e-01
6844417,-7.203527e-03,7.241551e-01,-1.127212e+00,3.070896e-01
6848513,-6.863642e-03,7.196673e-01,-1.108427e+00,2.860422e-01
6852609,-6.871134e-03,6.866380e-01,-1.084577e+00,2.813746e-01
6856705,-6.384223e-03,7.474725e-01,-1.101672e+00,2.982115e-01
6860801,-5.117472e-03,6.931200e-01,-1.135682e+00,2.723728e-01
6864897,-6.570514e-03,6.918453e-01,-1.119965e+00,2.529811e-01
6868993,-5.827650e-03,7.681619e-01,-1.107310e+00,3.537216e-01
6873089,-5.740702e-03,7.442799e-01,-1.098700e+00,3.102264e-01
6877185,-7.665175e-03,8.010069e-01,-1.086239e+00,3.037185e-01
6881281,-5.895517e-03,7.567505e-01,-1.102774e+00,3.153449e-01
6885377,-6.846326e-03,7.738992e-01,-1.092608e+00,3.174822e-01
6889473,-5.977704e-03,7.695855e-01,-1.089281e+00,3.317507e-01
6893569,-7.502026e-03,7.765383e-01,-1.080686e+00,3.189898e-01
6897665,-6.372210e-03,7.950065e-01,-1.081183e+00,3.138452e-01
6901761,-6.264520e-03,7.781470e-01,-1.081135e+00,3.357843e-01
6905857,-7.232514e-03,7.951155e-01,-1.090126e+00,3.556762e-01
6909953,-5.820776e-03,7.558104e-01,-1.087082e+00,3.173451e-01
6914049,-6.295418e-03,7.496512e-01,-1.104124e+00,3.170077e-01
6918145,-7.145878e-03,7.948146e-01,-1.110846e+00,3.305116e-01
6922241,-5.533400e-03,7.489044e-01,-1.092121e+00,3.078439e-01
6926337,-6.975380e-03,7.689834e-01,-1.106480e+00,3.336775e-01
6930433,-6.013694e-03,7.482890e-01,-1.087892e+00,3.117149e-01
6934529,-6.936849e-03,7.222772e-01,-1.059592e+00,2.821759e-01
6938625,-5.957566e-03,7.836330e-01,-1.094070e+00,3.271203e-01
6942721,-6.666784e-03,7.392218e-01,-1.098566e+00,2.933868e-01
6946817,-7.026032e-03,7.150486e-01,-1.130453e+00,2.899784e-01
6950913,-5.833490e-03,6.868760e-01,-1.113330e+00,2.629939e-01
6955009,-5.607855e-03,8.141420e-01,-1.088207e+00,3.491218e-01
6959105,-6.001352e-03,7.807907e-01,-1.088116e+00,3.084776e-01
6963201,-6.513208e-03,7.706448e-01,-1.112789e+00,3.304861e-01
6967297,-6.933911e-03,7.490628e-01,-1.099449e+00,2.997969e-01
6971393,-6.001943e-03,7.676159e-01,-1.099024e+00,3.117020e-01
6975489,-7.125074e-03,7.758624e-01,-1.100760e+00,3.160161e-01
6979585,-6.058307e-03,7.589476e-01,-1.069597e+00,3.126051e-01
6983681,-7.007088e-03,6.866829e-01,-1.088350e+00,2.811358e-01
6987777,-6.521722e-03,7.423115e-01,-1.089591e+00,2.751413e-01
6991873,-5.433639e-03,7.256083e-01,-1.115312e+00,2.835426e-01
6995969,-7.182855e-03,7.236000e-01,-1.113606e+00,2.838797e-01
7000065,-5.511860e-03,6.868682e-01,-1.107366e+00,2.826246e-01
7004161,-6.684931e-03,7.112485e-01,-1.125377e+00,2.612724e-01
7008257,-6.352292e-03,6.891499e-01,-1.120245e+00,2.949829e-01
7012353,-5.889494e-03,7.216393e-01,-1.122549e+00,2.847934e-01
7016449,-6.735674e-03,6.883113e-01,-1.117713e+00,2.760027e-01
7020545,-5.958550e-03,7.574592e-01,-1.102861e+00,3.102491e-01
7024641,-6.329417e-03,7.347053e-01,-1.096276e+00,2.792260e-01
7028737,-5.846282e-03,7.228231e-01,-1.107575e+00,3.100297e-01
7032833,-7.486577e-03,7.130473e-01,-1.071326e+00,2.840163e-01
7036929,-8.588009e-03,7.517002e-01,-1.104231e+00,2.962897e-01
7041025,-6.432651e-03,7.625722e-01,-1.077192e+00,3.135585e-01
7045121,-5.431639e-03,7.614254e-01,-1.054653e+00,3.230348e-01
7049217,-6.723525e-03,7.418570e-01,-1.085606e+00,2.905101e-01
7053313,-5.587049e-03,7.233503e-01,-1.084039e+00,2.803393e-01
7057409,-7.028389e-03,7.474322e-01,-1.087287e+00,3.164679e-01
7061505,-7.036096e-03,7.255242e-01,-1.087485e+00,2.840463e-01
7065601,-5.438631e-03,7.292486e-01,-1.084808e+00,2.672031e-01
7069697,-7.160193e-03,7.592304e-01,-1.065811e+00,3.007780e-01
7073793,-7.702086e-03,7.168157e-01,-1.063955e+00,2.828809e-01
7077889,-6.143285e-03,7.862875e-01,-1.055517e+00,3.340119e-01
7081985,-6.525525e-03,8.108919e-01,-1.061815e+00,3.462473e-01
7086081,-5.593813e-03,7.556070e-01,-1.050907e+00,3.259425e-01
7090177,-6.832550e-03,7.554437e-01,-1.038018e+00,3.300177e-01
7094273,-7.058739e-03,7.373601e-01,-1.049164e+00,3.207898e-01
7098369,-6.472767e-03,7.678166e-01,-1.042672e+00,2.842903e-01
7102465,-6.505399e-03,7.656873e-01,-1.037232e+00,3.006023e-01
7106561,-6.328963e-03,7.449867e-01,-1.041904e+00,3.115256e-01
7110657,-8.124074e-03,7.767514e-01,-1.044266e+00,3.152701e-01
7114753,-7.161774e-03,7.601918e-01,-1.056035e+00,2.964112e-01
7118849,-5.225794e-03,7.288790e-01,-1.056144e+00,2.979203e-01
7122945,-7.276151e-03,7.496877e-01,-1.047569e+00,3.024718e-01
7127041,-6.087997e-03,6.703824e-01,-1.065899e+00,2.683168e-01
7131137,-5.703726e-03,6.651754e-01,-1.056127e+00,2.910540e-01
7135233,-5.374410e-03,7.276328e-01,-1.050341e+00,3.117111e-01
7139329,-6.266021e-03,6.588143e-01,-1.057911e+00,2.758319e-01
7143425,-5.864618e-03,6.588929e-01,-1.023042e+00,2.563179e-01
7147521,-6.238612e-03,6.850239e-01,-1.017229e+00,2.788750e-01
7151617,-7.529561e-03,6.544855e-01,-1.039334e+00,2.528212e-01
7155713,-7.310987e-03,6.587056e-01,-1.036980e+00,2.617708e-01
7159809,-6.386151e-03,7.365717e-01,-1.011860e+00,2.996215e-01
7163905,-6.864739e-03,6.774958e-01,-1.042412e+00,2.729648e-01
7168001,-6.245971e-03,6.380506e-01,-1.038634e+00,2.498113e-01
7172097,-5.851221e-03,6.554118e-01,-1.038625e+00,2.786242e-01
7176193,-7.118483e-03,5.888215e-01,-1.053641e+00,2.053961e-01
7180289,-6.012683e-03,6.945686e-01,-1.044633e+00,2.631700e-01
7184385,-6.315833e-03,6.189756e-01,-1.044037e+00,2.216433e-01
7188481,-7.530998e-03,6.323365e-01,-1.020356e+00,1.957689e-01
7192577,-8.166694e-03,6.329034e-01,-1.045010e+00,2.412336e-01
7196673,-6.672356e-03,6.042747e-01,-1.051271e+00,2.091497e-01
7200769,-6.032563e-03,6.243095e-01,-1.031901e+00,2.327515e-01
7204865,-5.141305e-03,6.891232e-01,-1.044447e+00,2.765289e-01
7208961,-7.439952e-03,7.026114e-01,-1.047525e+00,2.859640e-01
7213057,-7.676073e-03,7.303200e-01,-1.030060e+00,2.958225e-01
7217153,-5.413760e-03,7.316827e-01,-1.043799e+00,3.241376e-01
7221249,-4.886005e-03,7.140827e-01,-1.028162e+00,2.910449e-01
7225345,-7.174404e-03,7.473036e-01,-1.054482e+00,2.992817e-01
7229441,-7.804706e-03,6.746200e-01,-1.037422e+00,2.599389e-01
7233537,-7.610567e-03,6.526540e-01,-1.042608e+00,2.686590e-01
7237633,-5.959213e-03,6.640015e-01,-1.062250e+00,2.905810e-01
7241729,-8.096050e-03,6.943536e-01,-1.063745e+00,2.597414e-01
7245825,-4.672376e-03,7.500580e-01,-1.070657e+00,3.341948e-01
7249921,-7.598641e-03,7.296116e-01,-1.079012e+00,2.859862e-01
7254017,-7.677522e-03,6.823079e-01,-1.079410e+00,2.473662e-01
7258113,-6.280510e-03,6.746941e-01,-1.067430e+00,2.590984e-01
7262209,-7.587983e-03,7.169892e-01,-1.073281e+00,2.827148e-01
7266305,-6.086646e-03,7.009191e-01,-1.069174e+00,2.911235e-01
7270401,-5.180179e-03,7.145605e-01,-1.088863e+00,3.064943e-01
7274497,-7.480177e-03,6.100693e-01,-1.085600e+00,2.106372e-01
7278593,-6.070860e-03,6.716417e-01,-1.089134e+00,2.748435e-01
7282689,-6.686124e-03,7.386202e-01,-1.117851e+00,2.909946e-01
7286785,-6.149370e-03,7.408178e-01,-1.101920e+00,3.101695e-01
7290881,-7.030936e-03,7.138163e-01,-1.111055e+00,2.755653e-01
7294977,-8.325721e-03,7.550415e-01,-1.087468e+00,3.272396e-01
7299073,-8.284781e-03,7.543359e-01,-1.089942e+00,2.762040e-01
7303169,-6.397691e-03,6.444235e-01,-1.116651e+00,2.711729e-01
7307265,-8.102684e-03,6.850617e-01,-1.107073e+00,2.690401e-01
7311361,-6.323720e-03,7.240440e-01,-1.096423e+00,2.998499e-01
7315457,-6.016873e-03,6.572168e-01,-1.095419e+00,2.584369e-01
7319553,-8.527724e-03,7.169483e-01,-1.112321e+00,3.034580e-01
7323649,-6.399217e-03,7.124094e-01,-1.105394e+00,2.901444e-01
7327745,-6.807784e-03,6.819099e-01,-1.092762e+00,2.827909e-01
7331841,-6.454351e-03,7.145245e-01,-1.114624e+00,2.764511e-01
7335937,-5.773894e-03,6.945236e-01,-1.092533e+00,2.708992e-01
7340033,-7.071765e-03,6.145158e-01,-1.115236e+00,2.405445e-01
7344129,-5.803952e-03,7.252400e-01,-1.096832e+00,3.042660e-01
7348225,-5.442144e-03,6.654285e-01,-1.102549e+00,2.574996e-01
7352321,-6.191629e-03,7.137476e-01,-1.118841e+00,2.743352e-01
7356417,-6.060008e-03,7.225233e-01,-1.101380e+00,2.838513e-01
7360513,-6.219323e-03,7.237414e-01,-1.094341e+00,3.226196e-01
7364609,-5.847587e-03,7.004826e-01,-1.105179e+00,2.990833e-01
7368705,-7.210749e-03,7.252456e-01,-1.105794e+00,2.913716e-01
7372801,-7.275746e-03,6.936335e-01,-1.091582e+00,2.983133e-01
7376897,-7.394250e-03,6.825528e-01,-1.081259e+00,2.807556e-01
7380993,-7.867583e-03,6.688648e-01,-1.083754e+00,2.476754e-01
7385089,-6.452001e-03,6.931185e-01,-1.083542e+00,2.703176e-01
7389185,-7.702823e-03,6.772540e-01,-1.081765e+00,2.888480e-01
7393281,-7.705173e-03,6.871208e-01,-1.098913e+00,2.595559e-01
7397377,-6.221330e-03,6.987303e-01,-1.074604e+00,2.891341e-01
7401473,-6.516714e-03,7.588108e-01,-1.096481e+00,3.085876e-01
7405569,-9.294277e-03,6.695544e-01,-1.109630e+00,2.633476e-01
7409665,-6.326299e-03,7.277002e-01,-1.115010e+00,3.013578e-01
7413761,-6.721725e-03,6.939127e-01,-1.117507e+00,2.859837e-01
7417857,-6.518276e-03,6.596081e-01,-1.120452e+00,2.694788e-01
7421953,-6.345143e-03,6.824011e-01,-1.108140e+00,2.916137e-01
7426049,-6.261102e-03,7.099248e-01,-1.125468e+00,2.695889e-01
7430145,-5.820339e-03,7.137634e-01,-1.122896e+00,3.025376e-01
7434241,-6.642716e-03,7.034949e-01,-1.133225e+00,2.823534e-01
7438337,-8.946113e-03,7.042606e-01,-1.139462e+00,2.624109e-01
7442433,-7.006311e-03,6.833984e-01,-1.137371e+00,2.811358e-01
7446529,-8.195409e-03,6.698336e-01,-1.108545e+00,2.536857e-01
7450625,-6.315211e-03,6.897924e-01,-1.111435e+00,2.821001e-01
7454721,-6.708573e-03,7.229695e-01,-1.110849e+00,2.881293e-01
7458817,-6.434127e-03,6.893699e-01,-1.093729e+00,2.528012e-01
7462913,-6.839960e-03,6.815699e-01,-1.098183e+00,2.781671e-01
7467009,-6.280353e-03,7.009426e-01,-1.100977e+00,2.846733e-01
7471105,-6.739635e-03,6.634749e-01,-1.088271e+00,2.723575e-01
7475201,-5.400449e-03,7.225482e-01,-1.100222e+00,2.888804e-01
7479297,-6.357895e-03,7.404021e-01,-1.097982e+00,2.978925e-01
7483393,-6.707042e-03,6.559076e-01,-1.077751e+00,2.783329e-01
7487489,-5.714987e-03,7.209301e-01,-1.092458e+00,2.794794e-01
7491585,-6.040840e-03,7.176292e-01,-1.088274e+00,2.971614e-01
7495681,-7.647371e-03,7.748793e-01,-1.108054e+00,3.114843e-01
7499777,-6.702981e-03,7.017052e-01,-1.073355e+00,2.865801e-01
7503873,-7.089838e-03,7.933009e-01,-1.088559e+00,3.283249e-01
7507969,-6.971613e-03,7.135502e-01,-1.087273e+00,2.873462e-01
7512065,-8.358327e-03,7.305209e-01,-1.081909e+00,3.096643e-01
7516161,-6.193908e-03,7.418091e-01,-1.099245e+00,2.847832e-01
7520257,-5.937736e-03,7.560468e-01,-1.093675e+00,3.114901e-01
7524353,-6.646259e-03,7.519079e-01,-1.078750e+00,2.868948e-01
7528449,-7.300894e-03,7.235764e-01,-1.132520e+00,2.743321e-01
7532545,-7.255266e-03,6.678317e-01,-1.096363e+00,2.677794e-01
7536641,-7.405469e-03,7.350714e-01,-1.116546e+00,3.375735e-01
7540737,-5.682113e-03,7.146077e-01,-1.092353e+00,2.799760e-01
7544833,-7.391820e-03,7.198117e-01,-1.105020e+00,2.764844e-01
7548929,-7.036191e-03,7.322968e-01,-1.103275e+00,2.818453e-01
7553025,-7.645303e-03,7.089611e-01,-1.116728e+00,2.865231e-01
7557121,-6.353031e-03,6.733386e-01,-1.107623e+00,2.650400e-01
7561217,-6.157074e-03,7.559171e-01,-1.121498e+00,2.996524e-01
7565313,-6.605349e-03,7.208354e-01,-1.117820e+00,3.022133e-01
7569409,-8.793400e-03,7.341736e-01,-1.112362e+00,2.877801e-01
7573505,-6.870489e-03,7.557982e-01,-1.075070e+00,2.960782e-01
7577601,-7.423155e-03,7.583029e-01,-1.065360e+00,3.117440e-01
7581697,-5.804028e-03,7.369217e-01,-1.089622e+00,2.857500e-01
7585793,-6.857859e-03,7.503424e-01,-1.111364e+00,2.865943e-01
7589889,-7.330251e-03,7.894799e-01,-1.116667e+00,3.239294e-01
7593985,-8.855142e-03,6.643518e-01,-1.099464e+00,2.615831e-01
7598081,-7.012190e-03,6.451710e-01,-1.114868e+00,2.538407e-01
7602177,-7.726140e-03,6.651013e-01,-1.099885e+00,2.560250e-01
7606273,-7.743512e-03,7.341905e-01,-1.128178e+00,3.000555e-01
7610369,-8.401417e-03,7.238004e-01,-1.104028e+00,3.007403e-01
7614465,-7.432473e-03,6.898245e-01,-1.082138e+00,2.527756e-01
7618561,-6.887928e-03,7.202595e-01,-1.091693e+00,2.929308e-01
7622657,-8.273782e-03,7.287313e-01,-1.103202e+00,2.930712e-01
7626753,-7.140240e-03,7.390475e-01,-1.096791e+00,2.855600e-01
7630849,-6.400872e-03,7.648607e-01,-1.112073e+00,3.262411e-01
7634945,-5.548237e-03,7.792417e-01,-1.108472e+00,3.024250e-01
7639041,-6.724219e-03,7.076715e-01,-1.123793e+00,2.822761e-01
7643137,-8.003184e-03,7.201791e-01,-1.104588e+00,2.864378e-01
7647233,-5.609038e-03,7.287086e-01,-1.129260e+00,2.772960e-01
7651329,-7.190842e-03,7.054758e-01,-1.151913e+00,2.926456e-01
7655425,-6.250662e-03,7.112712e-01,-1.145024e+00,2.753389e-01
7659521,-8.429433e-03,6.957390e-01,-1.162847e+00,2.619852e-01
7663617,-7.018335e-03,7.087065e-01,-1.130204e+00,3.034308e-01
7667713,-5.811471e-03,7.099723e-01,-1.138827e+00,2.704097e-01
7671809,-5.615543e-03,7.277586e-01,-1.123184e+00,3.220071e-01
7675905,-7.081828e-03,7.023808e-01,-1.121950e+00,2.833548e-01
7680001,-7.833251e-03,7.659495e-01,-1.117799e+00,3.181891e-01
7684097,-5.956685e-03,7.600044e-01,-1.128771e+00,2.944420e-01
7688193,-6.836491e-03,7.941605e-01,-1.111880e+00,3.346110e-01
7692289,-6.292588e-03,7.391166e-01,-1.130753e+00,2.929695e-01
7696385,-6.270343e-03,7.676500e-01,-1.137948e+00,2.784702e-01
7700481,-7.609185e-03,7.656867e-01,-1.121053e+00,3.041597e-01
7704577,-5.560338e-03,7.686064e-01,-1.131746e+00,3.125115e-01
7708673,-7.044832e-03,7.498551e-01,-1.128592e+00,2.902717e-01
7712769,-5.315425e-03,7.925069e-01,-1.112902e+00,3.420199e-01
7716865,-7.255792e-03,7.775900e-01,-1.113962e+00,3.240435e-01
7720961,-7.171396e-03,7.596985e-01,-1.115368e+00,3.305402e-01
7725057,-7.968705e-03,7.238323e-01,-1.123470e+00,2.800639e-01
7729153,-6.289946e-03,7.683636e-01,-1.131822e+00,3.362421e-01
7733249,-8.053033e-03,7.082299e-01,-1.135468e+00,2.797813e-01
7737345,-8.251073e-03,6.838770e-01,-1.155254e+00,2.609430e-01
7741441,-6.690005e-03,7.416379e-01,-1.126900e+00,3.055149e-01
7745537,-6.317181e-03,7.202696e-01,-1.115358e+00,3.229845e-01
7749633,-7.410566e-03,7.282926e-01,-1.113149e+00,2.791950e-01
7753729,-6.135271e-03,7.463577e-01,-1.118924e+00,3.030491e-01
7757825,-5.549923e-03,7.618675e-01,-1.114257e+00,3.334472e-01
7761921,-6.588521e-03,6.792669e-01,-1.137956e+00,2.445773e-01
7766017,-6.594946e-03,7.351113e-01,-1.144926e+00,2.671061e-01
7770113,-7.368981e-03,7.625717e-01,-1.111085e+00,3.067645e-01
7774209,-7.101520e-03,7.511973e-01,-1.120638e+00,2.862211e-01
7778305,-5.297830e-03,7.304772e-01,-1.137893e+00,3.015737e-01
7782401,-7.212115e-03,7.557873e-01,-1.148265e+00,3.105497e-01
7786497,-8.455418e-03,7.445929e-01,-1.135817e+00,2.953494e-01
7790593,-6.830373e-03,7.027068e-01,-1.137336e+00,2.817430e-01
7794689,-7.024765e-03,7.398084e-01,-1.119802e+00,3.069100e-01
7798785,-6.981204e-03,7.869564e-01,-1.101396e+00,3.389824e-01
7802881,-7.687010e-03,7.456754e-01,-1.107671e+00,2.916728e-01
7806977,-6.608477e-03,7.447501e-01,-1.091448e+00,3.015820e-01
7811073,-7.803157e-03,7.699096e-01,-1.114378e+00,3.157117e-01
7815169,-7.463784e-03,7.780204e-01,-1.133588e+00,2.839119e-01
7819265,-8.481246e-03,7.425716e-01,-1.108959e+00,3.233934e-01
7823361,-6.927286e-03,7.128151e-01,-1.102307e+00,2.965276e-01
7827457,-7.226990e-03,6.868761e-01,-1.105963e+00,2.933179e-01
7831553,-6.071348e-03,6.995549e-01,-1.115210e+00,2.893047e-01
7835649,-6.480214e-03,7.285970e-01,-1.114521e+00,2.964335e-01
7839745,-5.133483e-03,6.906424e-01,-1.100561e+00,2.823043e-01
7843841,-6.437211e-03,7.419069e-01,-1.093999e+00,2.680233e-01
7847937,-5.076113e-03,7.042280e-01,-1.105284e+00,2.793251e-01
7852033,-6.625218e-03,7.285154e-01,-1.114968e+00,2.965287e-01
7856129,-6.618456e-03,7.075004e-01,-1.109094e+00,2.966090e-01
7860225,-5.741377e-03,6.966410e-01,-1.100826e+00,2.616293e-01
7864321,-6.246428e-03,6.910810e-01,-1.080307e+00,2.746922e-01
7868417,-8.798619e-03,7.026690e-01,-1.106834e+00,3.012174e-01
7872513,-7.747574e-03,7.195426e-01,-1.076418e+00,2.879903e-01
7876609,-6.997059e-03,7.473683e-01,-1.101042e+00,3.169188e-01
7880705,-5.936997e-03,6.914205e-01,-1.073459e+00,2.836699e-01
7884801,-7.119346e-03,7.240061e-01,-1.106537e+00,2.569135e-01
7888897,-7.400706e-03,7.002256e-01,-1.106260e+00,2.704206e-01
7892993,-7.298683e-03,7.476793e-01,-1.079830e+00,3.399017e-01
7897089,-7.298134e-03,7.383918e-01,-1.050135e+00,2.912544e-01
7901185,-8.070802e-03,7.880845e-01,-1.093561e+00,3.132321e-01
7905281,-7.836639e-03,7.276699e-01,-1.098848e+00,2.919387e-01
7909377,-5.838518e-03,7.606319e-01,-1.093285e+00,2.975815e-01
7913473,-5.959054e-03,7.860077e-01,-1.080411e+00,3.070116e-01
7917569,-6.825652e-03,7.545529e-01,-1.087929e+00,2.758902e-01
7921665,-6.596802e-03,7.740368e-01,-1.085561e+00,3.191361e-01
7925761,-6.480869e-03,7.403645e-01,-1.100374e+00,3.158146e-01
7929857,-7.400988e-03,6.810033e-01,-1.080570e+00,2.663544e-01
7933953,-7.239577e-03,7.344007e-01,-1.097763e+00,2.914482e-01
7938049,-8.502250e-03,7.065832e-01,-1.089853e+00,2.716622e-01
7942145,-5.858999e-03,7.057056e-01,-1.084658e+00,2.966101e-01
7946241,-7.159969e-03,6.923105e-01,-1.109843e+00,2.856528e-01
7950337,-7.547440e-03,7.223960e-01,-1.110448e+00,2.683431e-01
7954433,-6.191880e-03,7.295823e-01,-1.128067e+00,2.709869e-01
7958529,-7.111733e-03,7.551274e-01,-1.107445e+00,2.929459e-01
7962625,-6.950987e-03,7.270099e-01,-1.134711e+00,3.062730e-01
7966721,-6.606254e-03,8.031782e-01,-1.126924e+00,3.362625e-01
7970817,-7.803094e-03,7.724259e-01,-1.127728e+00,3.181545e-01
7974913,-6.480214e-03,7.819408e-01,-1.120325e+00,2.938932e-01
7979009,-5.345714e-03,7.139573e-01,-1.121394e+00,2.736227e-01
7983105,-7.540469e-03,7.258677e-01,-1.110608e+00,3.002323e-01
7987201,-7.424768e-03,7.745123e-01,-1.115765e+00,3.153774e-01
7991297,-7.729116e-03,7.095130e-01,-1.139251e+00,2.823487e-01
7995393,-5.690760e-03,7.571373e-01,-1.115732e+00,2.989542e-01
7999489,-5.335034e-03,7.225425e-01,-1.141327e+00,2.895795e-01
8003585,-8.280950e-03,7.278248e-01,-1.125943e+00,2.744808e-01
8007681,-7.022804e-03,7.362942e-01,-1.133284e+00,3.159923e-01
8011777,-5.989670e-03,7.206569e-01,-1.112454e+00,2.837971e-01
8015873,-8.988450e-03,6.631648e-01,-1.079476e+00,2.574664e-01
8019969,-8.118801e-03,7.123989e-01,-1.111639e+00,2.718994e-01
8024065,-5.836611e-03,7.433654e-01,-1.118123e+00,2.886837e-01
8028161,-6.778768e-03,7.209518e-01,-1.105752e+00,2.941616e-01
8032257,-6.971641e-03,7.594331e-01,-1.110629e+00,3.045111e-01
8036353,-8.293982e-03,7.215196e-01,-1.098030e+00,2.855589e-01
8040449,-6.923571e-03,7.594015e-01,-1.126213e+00,2.909523e-01
8044545,-7.122164e-03,7.533554e-01,-1.124899e+00,3.121876e-01
8048641,-5.994522e-03,7.573654e-01,-1.141192e+00,2.884230e-01
8052737,-8.124725e-03,6.678239e-01,-1.123027e+00,2.821331e-01
8056833,-7.272765e-03,7.322452e-01,-1.127407e+00,2.925935e-01
8060929,-7.359720e-03,7.530715e-01,-1.122869e+00,3.093976e-01
8065025,-6.231109e-03,6.897515e-01,-1.116019e+00,2.625779e-01
8069121,-7.189413e-03,7.336867e-01,-1.144383e+00,3.150244e-01
8073217,-5.911995e-03,7.203262e-01,-1.115878e+00,2.997190e-01
8077313,-7.469848e-03,6.840274e-01,-1.140960e+00,2.568365e-01
8081409,-5.560015e-03,7.369535e-01,-1.124253e+00,3.172612e-01
8085505,-7.085938e-03,7.386244e-01,-1.105540e+00,2.922297e-01
8089601,-6.022759e-03,7.147142e-01,-1.103602e+00,2.657540e-01
8093697,-8.369542e-03,6.647695e-01,-1.124235e+00,2.577703e-01
8097793,-6.174472e-03,6.617771e-01,-1.102791e+00,2.658837e-01
8101889,-7.339402e-03,6.781802e-01,-1.122173e+00,2.769569e-01
8105985,-5.993911e-03,7.125900e-01,-1.106515e+00,2.871411e-01
8110081,-7.512917e-03,7.224009e-01,-1.083403e+00,2.866167e-01
8114177,-7.433323e-03,6.974800e-01,-1.116137e+00,2.791587e-01
8118273,-6.752295e-03,6.980901e-01,-1.097149e+00,2.989164e-01
8122369,-6.450460e-03,6.842756e-01,-1.122544e+00,2.577987e-01
8126465,-7.469220e-03,7.101379e-01,-1.147637e+00,2.847057e-01
8130561,-6.020993e-03,7.382699e-01,-1.130486e+00,3.064804e-01
8134657,-6.217057e-03,7.756669e-01,-1.135206e+00,3.188603e-01
8138753,-8.707117e-03,7.247193e-01,-1.136442e+00,2.963928e-01
8142849,-7.069835e-03,7.329916e-01,-1.125699e+00,3.328902e-01
8146945,-7.428406e-03,7.617731e-01,-1.147823e+00,2.817753e-01
8151041,-6.496679e-03,7.504492e-01,-1.149583e+00,3.144625e-01
8155137,-7.010894e-03,7.031385e-01,-1.140276e+00,2.716213e-01
8159233,-5.633202e-03,6.856044e-01,-1.141722e+00,3.044953e-01
8163329,-9.026738e-03,7.313943e-01,-1.131773e+00,3.054308e-01
8167425,-6.719767e-03,7.565027e-01,-1.130883e+00,2.847575e-01
8171521,-7.414363e-03,7.184094e-01,-1.134741e+00,2.779299e-01
8175617,-6.306389e-03,7.533182e-01,-1.126803e+00,3.256057e-01
8179713,-6.941693e-03,7.249699e-01,-1.126357e+00,3.140199e-01
8183809,-7.903347e-03,7.091442e-01,-1.131060e+00,2.833967e-01
8187905,-8.371262e-03,7.404652e-01,-1.122732e+00,2.951054e-01
8192001,-7.471680e-03,7.004129e-01,-1.121109e+00,2.674989e-01
8196097,-7.090286e-03,6.996139e-01,-1.126185e+00,2.516041e-01
8200193,-6.527460e-03,7.510875e-01,-1.145662e+00,3.057770e-01
8204289,-6.231631e-03,7.315519e-01,-1.132589e+00,2.746442e-01
8208385,-7.686454e-03,7.565950e-01,-1.139712e+00,2.988840e-01
8212481,-7.614288e-03,7.549741e-01,-1.154434e+00,2.705892e-01
8216577,-7.325647e-03,7.203636e-01,-1.135674e+00,2.881656e-01
8220673,-6.223687e-03,7.514195e-01,-1.138518e+00,3.067485e-01
8224769,-6.488693e-03,7.079746e-01,-1.139832e+00,2.887003e-01
8228865,-6.551349e-03,7.468045e-01,-1.137076e+00,3.019525e-01
8232961,-8.058255e-03,7.553278e-01,-1.143291e+00,2.662423e-01
8237057,-7.916523e-03,7.482748e-01,-1.099162e+00,2.741694e-01
8241153,-7.267352e-03,7.853888e-01,-1.104850e+00,3.382965e-01
8245249,-6.449070e-03,7.178951e-01,-1.102009e+00,3.028492e-01
8249345,-6.916612e-03,7.277208e-01,-1.123990e+00,3.034264e-01
8253441,-7.273784e-03,8.126670e-01,-1.113825e+00,3.439266e-01
8257537,-7.678380e-03,7.835561e-01,-1.118564e+00,3.299618e-01
8261633,-7.952142e-03,7.836155e-01,-1.119821e+00,3.229260e-01
8265729,-7.156108e-03,7.825540e-01,-1.091003e+00,3.026839e-01
8269825,-7.891428e-03,7.586699e-01,-1.093948e+00,3.001862e-01
8273921,-8.228144e-03,7.729713e-01,-1.082501e+00,2.808004e-01
8278017,-8.157112e-03,7.511557e-01,-1.111224e+00,3.123227e-01
8282113,-6.784296e-03,8.071394e-01,-1.116415e+00,3.244127e-01
8286209,-8.871230e-03,7.620115e-01,-1.114148e+00,3.312936e-01
8290305,-7.768373e-03,7.016840e-01,-1.128143e+00,2.690600e-01
8294401,-8.269232e-03,7.795610e-01,-1.112134e+00,3.050503e-01
8298497,-7.197925e-03,7.500860e-01,-1.139045e+00,2.855821e-01
8302593,-6.918840e-03,7.391694e-01,-1.123334e+00,3.008378e-01
8306689,-7.027691e-03,7.437665e-01,-1.131763e+00,3.268102e-01
8310785,-7.379822e-03,7.798943e-01,-1.135926e+00,3.150464e-01
8314881,-8.189598e-03,7.445962e-01,-1.126008e+00,2.916386e-01
8318977,-6.763304e-03,8.059487e-01,-1.124905e+00,3.357437e-01
8323073,-6.857299e-03,7.533133e-01,-1.119693e+00,2.970797e-01
8327169,-7.325694e-03,7.328805e-01,-1.110360e+00,2.904194e-01
8331265,-7.487570e-03,7.357226e-01,-1.110817e+00,2.999340e-01
8335361,-6.169704e-03,7.630414e-01,-1.137945e+00,3.053903e-01
8339457,-8.481977e-03,7.441996e-01,-1.127735e+00,2.960822e-01
8343553,-6.187166e-03,7.668673e-01,-1.132435e+00,3.167321e-01
8347649,-6.586607e-03,7.259556e-01,-1.143858e+00,3.200917e-01
8351745,-8.307401e-03,6.764812e-01,-1.121623e+00,2.542829e-01
8355841,-8.321776e-03,6.730416e-01,-1.112325e+00,2.482971e-01
8359937,-5.836224e-03,7.036070e-01,-1.108525e+00,3.104926e-01
8364033,-6.310853e-03,7.084986e-01,-1.117892e+00,2.874822e-01
8368129,-7.251015e-03,7.074527e-01,-1.126335e+00,2.533791e-01
8372225,-6.838535e-03,7.263153e-01,-1.126757e+00,3.174606e-01
8376321,-5.906208e-03,7.452969e-01,-1.124699e+00,3.123776e-01
8380417,-6.581766e-03,7.381122e-01,-1.132542e+00,3.099118e-01
8384513,-7.601562e-03,7.692503e-01,-1.119559e+00,3.040270e-01
8388609,-7.795698e-03,7.348857e-01,-1.142440e+00,2.941399e-01
8392705,-5.639793e-03,7.224456e-01,-1.120931e+00,2.814896e-01
8396801,-5.597561e-03,7.177849e-01,-1.131137e+00,2.880994e-01
8400897,-7.199178e-03,7.750544e-01,-1.148314e+00,3.020327e-01
8404993,-6.599133e-03,7.853474e-01,-1.134378e+00,3.247114e-01
8409089,-6.603704e-03,7.853565e-01,-1.127298e+00,3.198905e-01
8413185,-6.078699e-03,8.077497e-01,-1.134667e+00,3.169912e-01
8417281,-6.114396e-03,7.873187e-01,-1.139932e+00,3.103735e-01
8421377,-6.823161e-03,7.955121e-01,-1.127817e+00,3.587803e-01
8425473,-7.275449e-03,7.459660e-01,-1.107495e+00,2.995647e-01
8429569,-8.239669e-03,7.455215e-01,-1.133666e+00,3.222629e-01
8433665,-7.326966e-03,7.508045e-01,-1.113335e+00,2.993845e-01
8437761,-6.947410e-03,7.154190e-01,-1.139432e+00,3.117648e-01
8441857,-9.744918e-03,6.956150e-01,-1.135156e+00,2.735020e-01
8445953,-6.911355e-03,7.647143e-01,-1.159500e+00,3.199244e-01
8450049,-6.396494e-03,7.398631e-01,-1.168100e+00,3.002791e-01
8454145,-7.098220e-03,7.819124e-01,-1.181086e+00,3.059662e-01
8458241,-7.537145e-03,7.027954e-01,-1.171664e+00,2.957485e-01
8462337,-6.639486e-03,8.059747e-01,-1.185957e+00,3.463731e-01
8466433,-8.213788e-03,7.127156e-01,-1.178710e+00,2.499114e-01
8470529,-6.992814e-03,7.203756e-01,-1.161033e+00,2.818567e-01
8474625,-6.854227e-03,7.286708e-01,-1.153701e+00,2.875976e-01
8478721,-7.177498e-03,6.730768e-01,-1.163308e+00,2.632706e-01
8482817,-7.527315e-03,7.030333e-01,-1.164925e+00,2.704056e-01
8486913,-7.499032e-03,7.366869e-01,-1.119837e+00,3.000233e-01
8491009,-7.296391e-03,7.274500e-01,-1.134756e+00,2.710035e-01
8495105,-6.958483e-03,7.407994e-01,-1.126238e+00,3.256493e-01
8499201,-7.606578e-03,6.605162e-01,-1.118199e+00,2.549427e-01
8503297,-6.547927e-03,7.259783e-01,-1.153832e+00,2.927684e-01
8507393,-6.798404e-03,7.086120e-01,-1.135719e+00,3.000475e-01
8511489,-6.341124e-03,7.217816e-01,-1.138722e+00,2.776426e-01
8515585,-8.532839e-03,6.775126e-01,-1.125717e+00,2.733000e-01
8519681,-6.630281e-03,7.073486e-01,-1.124758e+00,2.668785e-01
8523777,-7.363736e-03,6.735046e-01,-1.136220e+00,2.475255e-01
8527873,-6.600588e-03,7.342127e-01,-1.130155e+00,3.084640e-01
8531969,-6.785958e-03,7.478258e-01,-1.128598e+00,3.026059e-01
8536065,-8.555196e-03,6.469027e-01,-1.125730e+00,2.480171e-01
8540161,-7.908415e-03,7.383938e-01,-1.122755e+00,2.971144e-01
8544257,-6.916955e-03,7.034733e-01,-1.111003e+00,3.071703e-01
8548353,-9.209375e-03,7.444945e-01,-1.097344e+00,2.952220e-01
8552449,-5.882510e-03,7.083708e-01,-1.096878e+00,2.914310e-01
8556545,-7.813301e-03,7.323659e-01,-1.097468e+00,2.688100e-01
8560641,-7.950721e-03,7.809243e-01,-1.098768e+00,3.087180e-01
8564737,-6.101681e-03,7.545002e-01,-1.107799e+00,2.917666e-01
8568833,-6.176686e-03,7.431861e-01,-1.118329e+00,3.169484e-01
8572929,-6.032694e-03,7.060105e-01,-1.113959e+00,2.758345e-01
8577025,-6.536042e-03,7.777604e-01,-1.121926e+00,3.110049e-01
8581121,-7.484408e-03,6.901760e-01,-1.107160e+00,3.158349e-01
8585217,-7.505172e-03,7.413775e-01,-1.098031e+00,2.709661e-01
8589313,-7.106210e-03,7.606271e-01,-1.106374e+00,3.143237e-01
8593409,-7.505966e-03,7.710246e-01,-1.123880e+00,3.208299e-01
8597505,-6.033091e-03,7.575608e-01,-1.128471e+00,3.172794e-01
8601601,-6.859272e-03,7.587255e-01,-1.128333e+00,3.243134e-01
8605697,-7.530386e-03,7.313703e-01,-1.115216e+00,2.994616e-01
8609793,-8.561395e-03,7.104356e-01,-1.132929e+00,2.616121e-01
8613889,-7.120580e-03,7.701453e-01,-1.105161e+00,3.344331e-01
8617985,-6.938627e-03,7.342793e-01,-1.103608e+00,3.025916e-01
8622081,-7.834166e-03,7.434897e-01,-1.098055e+00,3.198199e-01
8626177,-7.222843e-03,6.989211e-01,-1.119291e+00,2.679695e-01
8630273,-7.413684e-03,7.041798e-01,-1.092043e+00,2.495607e-01
8634369,-8.597338e-03,6.741077e-01,-1.101849e+00,2.725165e-01
8638465,-6.848627e-03,6.575281e-01,-1.105709e+00,2.475462e-01
8642561,-6.660436e-03,7.083843e-01,-1.114636e+00,2.920374e-01
8646657,-7.303618e-03,7.277489e-01,-1.106446e+00,2.880333e-01
8650753,-8.757130e-03,6.794436e-01,-1.109824e+00,2.499729e-01
8654849,-7.469610e-03,7.371917e-01,-1.132067e+00,3.229122e-01
8658945,-7.784402e-03,6.954343e-01,-1.120502e+00,2.861654e-01
8663041,-5.503453e-03,6.961604e-01,-1.115776e+00,2.813869e-01
8667137,-8.234606e-03,6.596539e-01,-1.107128e+00,2.458526e-01
8671233,-7.815194e-03,7.098798e-01,-1.125083e+00,2.839044e-01
8675329,-8.473458e-03,7.473411e-01,-1.128568e+00,2.746074e-01
8679425,-6.469523e-03,7.357829e-01,-1.117189e+00,2.924640e-01
8683521,-6.716663e-03,7.515840e-01,-1.136645e+00,3.184905e-01
8687617,-7.366850e-03,7.252623e-01,-1.145180e+00,2.992086e-01
8691713,-8.090765e-03,7.060482e-01,-1.119789e+00,2.809153e-01
8695809,-7.461147e-03,6.970121e-01,-1.140628e+00,2.865024e-01
8699905,-6.336693e-03,6.918170e-01,-1.119058e+00,2.806426e-01
8704001,-6.766547e-03,7.005247e-01,-1.093452e+00,2.679433e-01
8708097,-6.309002e-03,7.460180e-01,-1.104375e+00,3.029246e-01
8712193,-6.463436e-03,7.471134e-01,-1.102851e+00,2.953197e-01
8716289,-6.496462e-03,7.143181e-01,-1.107043e+00,2.890922e-01
8720385,-8.379323e-03,7.426861e-01,-1.106924e+00,2.968188e-01
8724481,-6.231768e-03,7.212887e-01,-1.095402e+00,2.918890e-01
8728577,-8.047303e-03,7.364750e-01,-1.103801e+00,3.018352e-01
8732673,-6.184897e-03,6.871881e-01,-1.091266e+00,2.771112e-01
8736769,-5.723824e-03,7.297524e-01,-1.080111e+00,3.367195e-01
8740865,-7.015352e-03,7.115176e-01,-1.081298e+00,2.925763e-01
8744961,-6.973739e-03,6.831303e-01,-1.115493e+00,2.494303e-01
8749057,-5.856160e-03,6.836079e-01,-1.096814e+00,2.512731e-01
8753153,-7.088321e-03,6.635284e-01,-1.126068e+00,2.637818e-01
8757249,-6.674243e-03,7.030370e-01,-1.122221e+00,2.482896e-01
8761345,-6.366584e-03,6.872059e-01,-1.145164e+00,2.818090e-01
8765441,-7.160726e-03,7.101188e-01,-1.123276e+00,2.549153e-01
8769537,-6.669706e-03,7.009203e-01,-1.122631e+00,2.663047e-01
8773633,-7.722909e-03,6.911593e-01,-1.120513e+00,2.706947e-01
8777729,-6.050511e-03,6.872682e-01,-1.107190e+00,2.515546e-01
8781825,-7.769622e-03,6.805864e-01,-1.115485e+00,2.878917e-01
8785921,-6.484220e-03,6.965574e-01,-1.105414e+00,2.713400e-01
8790017,-7.317825e-03,7.065781e-01,-1.088575e+00,2.951399e-01
8794113,-6.839921e-03,7.444697e-01,-1.069350e+00,2.894436e-01
8798209,-5.582025e-03,7.035294e-01,-1.078686e+00,2.721002e-01
8802305,-7.133561e-03,6.665139e-01,-1.104101e+00,2.911553e-01
8806401,-8.591827e-03,6.841723e-01,-1.093921e+00,2.599621e-01
8810497,-7.108476e-03,6.821341e-01,-1.079539e+00,2.683261e-01
8814593,-6.627004e-03,7.603509e-01,-1.067737e+00,3.231096e-01
8818689,-7.490860e-03,6.979941e-01,-1.086834e+00,2.958121e-01
8822785,-7.776388e-03,6.863656e-01,-1.105899e+00,2.697093e-01
8826881,-6.069527e-03,6.823779e-01,-1.097044e+00,2.758031e-01
8830977,-6.426840e-03,6.491895e-01,-1.077075e+00,2.461350e-01
8835073,-7.014011e-03,6.691798e-01,-1.100028e+00,2.355846e-01
8839169,-8.225135e-03,6.685741e-01,-1.102955e+00,2.501352e-01
8843265,-6.310464e-03,7.058646e-01,-1.102349e+00,3.064568e-01
8847361,-6.268261e-03,7.397527e-01,-1.118929e+00,2.960313e-01
8851457,-7.456110e-03,7.356517e-01,-1.099722e+00,3.144110e-01
8855553,-6.799479e-03,6.962487e-01,-1.084368e+00,2.678465e-01
8859649,-8.775780e-03,6.857730e-01,-1.119773e+00,2.634289e-01
8863745,-7.350770e-03,7.552727e-01,-1.074616e+00,3.124704e-01
8867841,-6.608013e-03,7.088131e-01,-1.092868e+00,2.843269e-01
8871937,-7.201091e-03,6.901419e-01,-1.083876e+00,2.776751e-01
8876033,-7.123777e-03,6.156069e-01,-1.091128e+00,2.206090e-01
8880129,-6.523863e-03,6.922440e-01,-1.095043e+00,2.973871e-01
8884225,-7.428327e-03,6.852738e-01,-1.112928e+00,2.761809e-01
8888321,-6.259813e-03,6.699020e-01,-1.105430e+00,2.484885e-01
8892417,-7.376293e-03,6.441091e-01,-1.103307e+00,2.623992e-01
8896513,-6.977479e-03,6.988157e-01,-1.077194e+00,2.687910e-01
8900609,-6.923811e-03,6.966894e-01,-1.077206e+00,2.625453e-01
8904705,-7.282910e-03,7.130447e-01,-1.076735e+00,2.657293e-01
8908801,-6.734945e-03,7.284590e-01,-1.072171e+00,2.779248e-01
8912897,-8.101975e-03,7.447902e-01,-1.068219e+00,3.028048e-01
8916993,-6.752262e-03,6.911258e-01,-1.095155e+00,2.744358e-01
8921089,-6.194201e-03,7.549863e-01,-1.091096e+00,3.040334e-01
8925185,-7.620734e-03,7.223342e-01,-1.085272e+00,2.912087e-01
8929281,-7.813467e-03,7.441934e-01,-1.065886e+00,3.089874e-01
8933377,-7.271089e-03,7.844324e-01,-1.083117e+00,3.188169e-01
8937473,-7.582283e-03,7.542587e-01,-1.087882e+00,3.044437e-01
8941569,-5.737932e-03,7.556552e-01,-1.078560e+00,3.201119e-01
8945665,-7.255437e-03,7.311040e-01,-1.098212e+00,2.953680e-01
8949761,-6.737495e-03,7.945282e-01,-1.104861e+00,3.055748e-01
8953857,-6.379192e-03,7.724722e-01,-1.097680e+00,3.371247e-01
8957953,-5.682309e-03,7.624474e-01,-1.097304e+00,3.200189e-01
8962049,-6.302065e-03,8.014897e-01,-1.115662e+00,3.267197e-01
8966145,-6.196463e-03,7.760456e-01,-1.116846e+00,3.560407e-01
8970241,-6.137003e-03,7.710580e-01,-1.108256e+00,3.330376e-01
8974337,-6.987508e-03,7.778841e-01,-1.090716e+00,3.129565e-01
8978433,-6.325801e-03,7.675656e-01,-1.093662e+00,3.260852e-01
8982529,-6.214322e-03,7.996816e-01,-1.092609e+00,3.436845e-01
8986625,-5.677581e-03,7.874683e-01,-1.093517e+00,3.214567e-01
8990721,-6.205798e-03,7.887276e-01,-1.084141e+00,3.327215e-01
8994817,-6.923136e-03,7.686567e-01,-1.106980e+00,3.150947e-01
8998913,-5.435889e-03,7.742596e-01,-1.093727e+00,3.340836e-01
9003009,-6.220387e-03,8.000881e-01,-1.105328e+00,2.960630e-01
9007105,-5.204252e-03,7.624827e-01,-1.106739e+00,3.182091e-01
9011201,-6.177918e-03,7.417564e-01,-1.099119e+00,3.042484e-01
9015297,-8.194168e-03,7.206674e-01,-1.141049e+00,2.842112e-01
9019393,-7.178819e-03,7.752861e-01,-1.106700e+00,3.352962e-01
9023489,-6.818836e-03,7.210105e-01,-1.096258e+00,3.028188e-01
9027585,-7.734644e-03,8.065316e-01,-1.120531e+00,3.456587e-01
9031681,-7.354874e-03,7.382918e-01,-1.109760e+00,3.075852e-01
9035777,-6.908597e-03,7.266524e-01,-1.120264e+00,2.984964e-01
9039873,-6.724099e-03,6.995854e-01,-1.135162e+00,2.836381e-01
9043969,-7.047061e-03,7.725173e-01,-1.145762e+00,3.495517e-01
9048065,-5.979178e-03,7.844048e-01,-1.102368e+00,2.949575e-01
9052161,-7.943116e-03,7.307390e-01,-1.119898e+00,3.020676e-01
9056257,-8.958912e-03,7.201625e-01,-1.113888e+00,2.791416e-01
9060353,-7.063431e-03,6.964196e-01,-1.105611e+00,2.895908e-01
9064449,-7.490558e-03,6.454633e-01,-1.094721e+00,2.693771e-01
9068545,-6.912942e-03,7.063016e-01,-1.084679e+00,2.624769e-01
9072641,-7.434993e-03,6.951242e-01,-1.082113e+00,2.622356e-01
9076737,-7.481839e-03,7.394448e-01,-1.083355e+00,2.913960e-01
9080833,-6.153237e-03,7.738041e-01,-1.086841e+00,3.100960e-01
9084929,-8.050627e-03,7.285291e-01,-1.072908e+00,2.831152e-01
9089025,-5.684962e-03,7.663890e-01,-1.102264e+00,3.058380e-01
9093121,-7.447342e-03,7.183302e-01,-1.076463e+00,2.750465e-01
9097217,-8.429510e-03,7.491727e-01,-1.073089e+00,3.082910e-01
9101313,-7.539240e-03,7.052999e-01,-1.086022e+00,2.810825e-01
9105409,-8.674014e-03,7.339091e-01,-1.082905e+00,2.779310e-01
9109505,-8.519834e-03,7.578632e-01,-1.099084e+00,3.087918e-01
9113601,-7.458652e-03,7.488981e-01,-1.110210e+00,2.891220e-01
9117697,-9.308574e-03,7.638791e-01,-1.089318e+00,3.208521e-01
9121793,-6.408422e-03,7.720892e-01,-1.095472e+00,3.106061e-01
9125889,-6.442248e-03,7.872067e-01,-1.103029e+00,3.345188e-01
9129985,-6.922532e-03,7.764800e-01,-1.090568e+00,3.159138e-01
9134081,-7.954466e-03,7.683787e-01,-1.109572e+00,3.257113e-01
9138177,-6.643240e-03,7.039805e-01,-1.096978e+00,2.581463e-01
9142273,-6.599086e-03,7.130403e-01,-1.106373e+00,2.867681e-01
9146369,-7.909789e-03,6.973509e-01,-1.101101e+00,2.607655e-01
9150465,-6.393516e-03,7.010407e-01,-1.110307e+00,2.832754e-01
9154561,-7.141124e-03,6.996520e-01,-1.093043e+00,2.874036e-01
9158657,-6.955125e-03,7.661464e-01,-1.109213e+00,2.979796e-01
9162753,-6.525764e-03,7.021879e-01,-1.095041e+00,2.488832e-01
9166849,-7.036982e-03,7.050367e-01,-1.109815e+00,2.522971e-01
9170945,-7.613140e-03,7.265058e-01,-1.093516e+00,3.136205e-01
9175041,-6.200878e-03,7.332824e-01,-1.133444e+00,2.961096e-01
9179137,-6.011553e-03,7.228620e-01,-1.140921e+00,2.819862e-01
9183233,-7.770590e-03,6.900944e-01,-1.137984e+00,2.954483e-01
9187329,-7.142867e-03,7.229391e-01,-1.126014e+00,2.814962e-01
9191425,-6.878019e-03,6.535364e-01,-1.114710e+00,2.631274e-01
9195521,-7.901847e-03,7.495903e-01,-1.129477e+00,3.108644e-01
9199617,-6.546585e-03,7.145611e-01,-1.128809e+00,2.735801e-01
9203713,-8.270431e-03,6.410041e-01,-1.131035e+00,2.390830e-01
9207809,-5.764881e-03,7.343629e-01,-1.108386e+00,2.757772e-01
9211905,-8.127890e-03,6.596084e-01,-1.119166e+00,2.444164e-01
9216001,-5.942965e-03,6.615003e-01,-1.106543e+00,2.581125e-01
9220097,-5.655024e-03,6.677273e-01,-1.121512e+00,2.640732e-01
9224193,-6.755964e-03,7.156719e-01,-1.127896e+00,2.974770e-01
9228289,-6.996233e-03,6.978653e-01,-1.125580e+00,2.865700e-01
9232385,-6.779674e-03,6.758642e-01,-1.105781e+00,2.909581e-01
9236481,-7.896056e-03,6.954798e-01,-1.101092e+00,2.724017e-01
9240577,-8.173917e-03,7.018198e-01,-1.122430e+00,2.648024e-01
9244673,-8.031129e-03,6.998369e-01,-1.115015e+00,2.730941e-01
9248769,-6.355703e-03,7.445227e-01,-1.133219e+00,2.832339e-01
9252865,-6.583970e-03,6.989477e-01,-1.126303e+00,2.849658e-01
9256961,-7.461712e-03,6.982886e-01,-1.119092e+00,2.670304e-01
9261057,-7.367267e-03,6.936792e-01,-1.105667e+00,2.689849e-01
9265153,-6.807666e-03,6.965840e-01,-1.116442e+00,2.686583e-01
9269249,-6.523049e-03,6.783923e-01,-1.127040e+00,2.783079e-01
9273345,-7.254323e-03,7.193243e-01,-1.117316e+00,2.996326e-01
9277441,-9.577918e-03,7.000794e-01,-1.098070e+00,2.478116e-01
9281537,-6.464611e-03,6.605333e-01,-1.114565e+00,2.724152e-01
9285633,-5.320106e-03,6.922830e-01,-1.130031e+00,2.793724e-01
9289729,-6.740944e-03,6.874369e-01,-1.124246e+00,2.889109e-01
9293825,-6.288584e-03,6.816308e-01,-1.126564e+00,2.682656e-01
9297921,-9.091597e-03,7.132773e-01,-1.107061e+00,2.694871e-01
9302017,-1.094886e-02,6.759826e-01,-1.133835e+00,2.531756e-01
9306113,-9.421638e-03,7.452597e-01,-1.127145e+00,2.925360e-01
9310209,-5.445076e-03,7.761716e-01,-1.129097e+00,3.000025e-01
9314305,-6.472439e-03,7.644532e-01,-1.111613e+00,3.209729e-01
9318401,-6.720707e-03,7.001269e-01,-1.107817e+00,3.137027e-01
9322497,-6.271726e-03,6.967588e-01,-1.123284e+00,2.704982e-01
9326593,-7.059443e-03,6.700289e-01,-1.117189e+00,2.645480e-01
9330689,-6.632006e-03,7.225977e-01,-1.106708e+00,2.807456e-01
9334785,-6.458900e-03,6.988590e-01,-1.107470e+00,2.909155e-01
9338881,-6.509891e-03,7.197874e-01,-1.116555e+00,3.072386e-01
9342977,-7.009534e-03,7.411875e-01,-1.119584e+00,2.984275e-01
9347073,-8.250439e-03,7.046542e-01,-1.106815e+00,2.445121e-01
9351169,-6.164330e-03,7.678979e-01,-1.090624e+00,3.097693e-01
9355265,-6.318667e-03,7.752942e-01,-1.088333e+00,3.339663e-01
9359361,-6.585269e-03,7.669434e-01,-1.103358e+00,3.018003e-01
9363457,-7.466459e-03,7.504640e-01,-1.093741e+00,3.387401e-01
9367553,-7.130110e-03,7.719366e-01,-1.086903e+00,3.113107e-01
9371649,-7.249265e-03,7.236850e-01,-1.105587e+00,3.034384e-01
9375745,-6.654552e-03,7.261182e-01,-1.086520e+00,2.526191e-01
9379841,-7.053318e-03,7.194949e-01,-1.091121e+00,2.823852e-01
9383937,-7.964632e-03,7.127398e-01,-1.106561e+00,2.957976e-01
9388033,-7.280582e-03,7.384853e-01,-1.087675e+00,2.967480e-01
9392129,-7.814537e-03,7.180340e-01,-1.087277e+00,2.949586e-01
9396225,-6.475500e-03,7.804322e-01,-1.085626e+00,3.104180e-01
9400321,-6.085392e-03,7.943042e-01,-1.070149e+00,3.150272e-01
9404417,-7.428981e-03,7.754085e-01,-1.069033e+00,3.295518e-01
9408513,-8.648353e-03,7.493777e-01,-1.075886e+00,3.106117e-01
9412609,-6.648968e-03,7.199263e-01,-1.057283e+00,2.925587e-01
9416705,-8.051874e-03,6.896763e-01,-1.094565e+00,2.600080e-01
9420801,-7.657485e-03,7.497538e-01,-1.064980e+00,2.756604e-01
9424897,-7.200089e-03,7.749232e-01,-1.073999e+00,3.325992e-01
9428993,-6.935873e-03,7.134895e-01,-1.099353e+00,2.724866e-01
9433089,-7.154922e-03,7.439834e-01,-1.109343e+00,2.931232e-01
9437185,-7.441336e-03,7.331558e-01,-1.115443e+00,2.747916e-01
9441281,-6.880892e-03,6.906933e-01,-1.116858e+00,2.675807e-01
9445377,-6.354071e-03,6.673473e-01,-1.112342e+00,2.696866e-01
9449473,-6.536260e-03,7.002836e-01,-1.114493e+00,2.793648e-01
9453569,-7.862523e-03,7.000223e-01,-1.106521e+00,2.917535e-01
9457665,-7.451488e-03,7.069210e-01,-1.103030e+00,2.862776e-01
9461761,-8.255384e-03,7.484706e-01,-1.110558e+00,3.288925e-01
9465857,-7.466197e-03,6.950076e-01,-1.130037e+00,2.609255e-01
9469953,-8.276118e-03,6.742122e-01,-1.128259e+00,2.462133e-01
9474049,-7.347388e-03,7.382857e-01,-1.129547e+00,2.718930e-01
9478145,-8.341832e-03,6.553568e-01,-1.148808e+00,2.686868e-01
9482241,-7.345298e-03,7.687492e-01,-1.157559e+00,3.096792e-01
9486337,-7.533667e-03,7.805819e-01,-1.136316e+00,3.106045e-01
9490433,-7.626786e-03,7.312680e-01,-1.126944e+00,3.286137e-01
9494529,-7.954422e-03,7.269042e-01,-1.126785e+00,2.844826e-01
9498625,-6.319502e-03,7.818376e-01,-1.113211e+00,3.054426e-01
9502721,-4.908785e-03,7.404812e-01,-1.130398e+00,2.800518e-01
9506817,-7.373256e-03,7.914723e-01,-1.123980e+00,3.521572e-01
9510913,-6.510928e-03,7.781395e-01,-1.117715e+00,3.094710e-01
9515009,-7.236138e-03,8.044746e-01,-1.109982e+00,3.324781e-01
9519105,-7.714501e-03,7.893343e-01,-1.115277e+00,3.036651e-01
9523201,-6.382385e-03,7.984519e-01,-1.118118e+00,3.505705e-01
9527297,-8.846097e-03,7.277308e-01,-1.096628e+00,2.894060e-01
9531393,-7.184862e-03,7.688926e-01,-1.111270e+00,3.105534e-01
9535489,-6.671675e-03,7.663861e-01,-1.111600e+00,3.120368e-01
9539585,-7.764567e-03,7.452096e-01,-1.110196e+00,3.217842e-01
9543681,-6.625173e-03,7.953593e-01,-1.106686e+00,3.363751e-01
9547777,-6.613368e-03,7.833434e-01,-1.107988e+00,3.201781e-01
9551873,-7.234047e-03,7.494483e-01,-1.108804e+00,3.037760e-01
9555969,-7.316465e-03,7.790245e-01,-1.116774e+00,3.255422e-01
9560065,-6.429460e-03,7.844463e-01,-1.128864e+00,3.043853e-01
9564161,-7.083182e-03,7.899668e-01,-1.136479e+00,3.034310e-01
9568257,-7.296286e-03,7.957049e-01,-1.126594e+00,3.112890e-01
9572353,-7.210242e-03,7.554923e-01,-1.137001e+00,3.013975e-01
9576449,-7.598310e-03,7.308989e-01,-1.122335e+00,2.647287e-01
9580545,-6.446056e-03,7.505695e-01,-1.132384e+00,2.984204e-01
9584641,-7.313850e-03,7.867930e-01,-1.130636e+00,3.239765e-01
9588737,-7.511912e-03,7.648648e-01,-1.130048e+00,2.990454e-01
9592833,-7.311855e-03,7.624280e-01,-1.122229e+00,3.307255e-01
9596929,-8.185398e-03,7.978118e-01,-1.132416e+00,3.040700e-01
9601025,-8.073427e-03,7.539667e-01,-1.114736e+00,3.090244e-01
9605121,-6.265143e-03,7.926975e-01,-1.117428e+00,3.126280e-01
9609217,-6.255163e-03,7.045076e-01,-1.131248e+00,2.575393e-01
9613313,-7.829462e-03,7.626654e-01,-1.141838e+00,3.100501e-01
9617409,-8.777278e-03,7.438199e-01,-1.132610e+00,3.129897e-01
9621505,-7.633555e-03,7.807598e-01,-1.126298e+00,3.189169e-01
9625601,-7.046294e-03,7.296605e-01,-1.109711e+00,2.618368e-01
9629697,-7.597428e-03,7.587646e-01,-1.120690e+00,3.098386e-01
9633793,-6.286769e-03,7.459650e-01,-1.138942e+00,2.944461e-01
9637889,-6.960341e-03,7.511632e-01,-1.143619e+00,3.030727e-01
9641985,-8.768209e-03,7.604780e-01,-1.157581e+00,2.926504e-01
9646081,-7.673902e-03,7.415613e-01,-1.133212e+00,2.819045e-01
9650177,-6.606726e-03,7.861643e-01,-1.107453e+00,3.117135e-01
9654273,-6.356707e-03,7.761931e-01,-1.094579e+00,3.261616e-01
9658369,-6.640411e-03,7.738403e-01,-1.119945e+00,3.099648e-01
9662465,-6.971500e-03,7.890765e-01,-1.102292e+00,3.242623e-01
9666561,-6.024466e-03,8.123041e-01,-1.115069e+00,3.198286e-01
9670657,-7.659681e-03,7.779361e-01,-1.109080e+00,3.145115e-01
9674753,-7.174361e-03,8.070430e-01,-1.088701e+00,3.335364e-01
9678849,-6.263736e-03,7.930055e-01,-1.090891e+00,3.326426e-01
9682945,-5.289766e-03,8.206058e-01,-1.090910e+00,3.463568e-01
9687041,-7.423481e-03,7.101654e-01,-1.087929e+00,3.019148e-01
9691137,-6.541583e-03,7.840565e-01,-1.095044e+00,3.382638e-01
9695233,-7.254771e-03,7.066006e-01,-1.109280e+00,2.895405e-01
9699329,-6.156287e-03,6.957282e-01,-1.118731e+00,2.485167e-01
9703425,-7.063781e-03,7.451583e-01,-1.119755e+00,3.050464e-01
9707521,-8.207295e-03,7.105947e-01,-1.118766e+00,2.691852e-01
9711617,-8.537098e-03,7.981322e-01,-1.116138e+00,2.880910e-01
9715713,-6.693539e-03,7.048226e-01,-1.120539e+00,2.713030e-01
9719809,-7.373078e-03,7.398958e-01,-1.092160e+00,2.949905e-01
9723905,-8.074222e-03,7.825255e-01,-1.112472e+00,3.141634e-01
9728001,-7.325679e-03,7.298505e-01,-1.100813e+00,2.967324e-01
9732097,-7.490097e-03,7.216495e-01,-1.125800e+00,2.722887e-01
9736193,-7.220572e-03,7.060339e-01,-1.103176e+00,2.683094e-01
9740289,-9.066972e-03,8.166087e-01,-1.097656e+00,3.346313e-01
9744385,-6.150104e-03,7.369482e-01,-1.084655e+00,3.091976e-01
9748481,-6.669681e-03,7.397790e-01,-1.084310e+00,2.932253e-01
9752577,-6.479019e-03,7.678123e-01,-1.095039e+00,3.208621e-01
9756673,-5.829079e-03,7.455712e-01,-1.088300e+00,2.888262e-01
9760769,-6.781259e-03,7.031545e-01,-1.096875e+00,2.801387e-01
9764865,-7.309431e-03,7.426350e-01,-1.091085e+00,3.228776e-01
9768961,-8.611512e-03,7.349414e-01,-1.089077e+00,3.013247e-01
9773057,-7.267492e-03,7.157906e-01,-1.098745e+00,2.602380e-01
9777153,-8.134853e-03,6.988298e-01,-1.102337e+00,2.947564e-01
9781249,-6.548058e-03,7.233528e-01,-1.087877e+00,3.046296e-01
9785345,-8.167518e-03,7.056041e-01,-1.078875e+00,2.910687e-01
9789441,-7.493450e-03,6.989456e-01,-1.110462e+00,2.663509e-01
9793537,-7.965630e-03,7.252151e-01,-1.100119e+00,2.895311e-01
9797633,-7.771782e-03,7.346309e-01,-1.089547e+00,2.928126e-01
9801729,-6.093539e-03,6.753375e-01,-1.102885e+00,2.719377e-01
9805825,-8.491391e-03,6.800430e-01,-1.090206e+00,2.759885e-01
9809921,-6.782968e-03,6.900915e-01,-1.091297e+00,2.809577e-01
9814017,-7.252450e-03,7.087418e-01,-1.093119e+00,2.960771e-01
9818113,-7.200833e-03,7.379934e-01,-1.080333e+00,2.716657e-01
9822209,-6.975558e-03,7.455685e-01,-1.085581e+00,3.236052e-01
9826305,-8.398625e-03,7.284530e-01,-1.079246e+00,2.980884e-01
9830401,-7.903302e-03,7.337971e-01,-1.084703e+00,2.611304e-01
9834497,-6.884863e-03,7.288561e-01,-1.105433e+00,2.778536e-01
9838593,-5.874656e-03,7.417063e-01,-1.123284e+00,2.894505e-01
9842689,-8.529157e-03,7.147996e-01,-1.099837e+00,2.453283e-01
9846785,-9.212145e-03,7.056106e-01,-1.106191e+00,3.091957e-01
9850881,-6.775582e-03,6.952867e-01,-1.125245e+00,2.813893e-01
9854977,-8.327252e-03,7.020723e-01,-1.115632e+00,2.906793e-01
9859073,-7.249151e-03,7.093810e-01,-1.118329e+00,2.906469e-01
9863169,-6.855541e-03,6.974384e-01,-1.083123e+00,2.859661e-01
9867265,-7.664734e-03,7.333443e-01,-1.070015e+00,2.791896e-01
9871361,-6.087867e-03,6.718195e-01,-1.092543e+00,2.646689e-01
9875457,-6.504806e-03,7.071400e-01,-1.099010e+00,2.871674e-01
9879553,-7.310747e-03,6.849403e-01,-1.095991e+00,2.578794e-01
9883649,-7.140849e-03,7.292835e-01,-1.116531e+00,3.183194e-01
9887745,-7.184544e-03,7.512338e-01,-1.101957e+00,2.964606e-01
9891841,-6.195822e-03,7.207144e-01,-1.092451e+00,2.989734e-01
9895937,-8.303476e-03,7.472814e-01,-1.078191e+00,3.063529e-01
9900033,-7.813996e-03,6.962669e-01,-1.097930e+00,2.783369e-01
9904129,-6.257338e-03,7.716088e-01,-1.059954e+00,3.245128e-01
9908225,-7.032171e-03,7.466797e-01,-1.077994e+00,3.046751e-01
9912321,-6.870345e-03,7.000285e-01,-1.072369e+00,2.681675e-01
9916417,-6.329470e-03,7.266250e-01,-1.065576e+00,2.516195e-01
9920513,-7.456259e-03,7.120633e-01,-1.052744e+00,2.878119e-01
9924609,-7.867235e-03,7.417757e-01,-1.055906e+00,2.948177e-01
9928705,-8.550598e-03,7.432831e-01,-1.042835e+00,3.201879e-01
9932801,-6.126387e-03,7.578514e-01,-1.035629e+00,2.804085e-01
9936897,-7.392639e-03,7.515290e-01,-1.051751e+00,3.193392e-01
9940993,-6.594096e-03,7.362790e-01,-1.075691e+00,2.728469e-01
9945089,-7.623043e-03,7.672297e-01,-1.082686e+00,3.223050e-01
9949185,-6.904053e-03,6.987366e-01,-1.080457e+00,2.696157e-01
9953281,-5.633735e-03,7.124636e-01,-1.078814e+00,2.691470e-01
9957377,-6.561487e-03,7.698771e-01,-1.077662e+00,3.275320e-01
9961473,-7.820442e-03,7.078690e-01,-1.075571e+00,3.074463e-01
9965569,-7.334195e-03,7.236763e-01,-1.080509e+00,2.804013e-01
9969665,-6.229734e-03,6.881430e-01,-1.096335e+00,2.927256e-01
9973761,-7.351257e-03,6.992294e-01,-1.091937e+00,2.587595e-01
9977857,-7.328042e-03,6.925939e-01,-1.089255e+00,2.803387e-01
9981953,-6.992513e-03,7.027455e-01,-1.081048e+00,2.968621e-01
9986049,-6.877091e-03,7.313704e-01,-1.065338e+00,3.012697e-01
9990145,-7.074717e-03,7.271402e-01,-1.070987e+00,2.823116e-01
9994241,-6.451215e-03,7.418699e-01,-1.050780e+00,3.012426e-01
9998337,-6.409878e-03,7.190510e-01,-1.046041e+00,3.060507e-01
10002433,-6.476566e-03,7.240710e-01,-1.070298e+00,2.927089e-01
10006529,-6.727869e-03,7.110249e-01,-1.066877e+00,2.986062e-01
10010625,-6.876288e-03,7.646538e-01,-1.050288e+00,3.039106e-01
10014721,-6.064647e-03,7.107151e-01,-1.066296e+00,2.758842e-01
10018817,-5.967768e-03,7.417615e-01,-1.060313e+00,2.633372e-01
10022913,-7.656777e-03,6.818966e-01,-1.082838e+00,2.758625e-01
10027009,-8.148813e-03,7.207435e-01,-1.087758e+00,3.092340e-01
10031105,-7.572210e-03,7.103816e-01,-1.073204e+00,2.671901e-01
10035201,-5.634455e-03,7.264430e-01,-1.062327e+00,2.924942e-01
10039297,-7.148409e-03,7.007472e-01,-1.085947e+00,2.815332e-01
10043393,-5.992584e-03,7.352381e-01,-1.093415e+00,2.846230e-01
10047489,-6.471719e-03,7.288995e-01,-1.078953e+00,2.728061e-01
10051585,-7.571470e-03,7.461004e-01,-1.075946e+00,3.380826e-01
10055681,-8.814644e-03,7.417653e-01,-1.075963e+00,3.021441e-01
10059777,-6.827849e-03,6.957004e-01,-1.101168e+00,2.728375e-01
10063873,-8.018218e-03,7.829785e-01,-1.097591e+00,3.249725e-01
10067969,-7.429304e-03,6.617411e-01,-1.100618e+00,2.631724e-01
10072065,-8.675756e-03,6.851487e-01,-1.110489e+00,2.820480e-01
10076161,-6.495756e-03,6.599110e-01,-1.099061e+00,2.491697e-01
10080257,-7.901574e-03,7.017485e-01,-1.108178e+00,2.635326e-01
10084353,-8.519803e-03,6.771565e-01,-1.104498e+00,2.648017e-01
10088449,-9.228725e-03,6.959007e-01,-1.123530e+00,2.615183e-01
10092545,-7.063025e-03,7.076857e-01,-1.089018e+00,2.774298e-01
10096641,-7.063362e-03,7.421347e-01,-1.050417e+00,2.989895e-01
10100737,-8.152659e-03,7.566184e-01,-1.068038e+00,3.244076e-01
10104833,-6.868212e-03,6.713430e-01,-1.099296e+00,2.611205e-01
10108929,-9.382175e-03,7.119656e-01,-1.104219e+00,2.631204e-01
10113025,-9.589151e-03,7.399800e-01,-1.093281e+00,3.040872e-01
10117121,-8.486000e-03,7.369172e-01,-1.082867e+00,2.731764e-01
10121217,-7.161532e-03,6.738922e-01,-1.092378e+00,2.476740e-01
10125313,-6.796567e-03,6.945423e-01,-1.087638e+00,2.832679e-01
10129409,-8.174614e-03,7.533452e-01,-1.095349e+00,2.810054e-01
10133505,-8.720194e-03,7.549801e-01,-1.086638e+00,3.415684e-01
10137601,-6.226278e-03,6.192580e-01,-1.080496e+00,2.367463e-01
10141697,-8.075455e-03,6.389452e-01,-1.094145e+00,2.576318e-01
10145793,-9.312734e-03,6.683080e-01,-1.087659e+00,2.477055e-01
10149889,-7.538083e-03,6.612016e-01,-1.090257e+00,2.759637e-01
10153985,-7.824670e-03,6.617274e-01,-1.080451e+00,2.757781e-01
10158081,-6.455561e-03,6.878947e-01,-1.068499e+00,2.773834e-01
10162177,-7.046277e-03,7.026256e-01,-1.088129e+00,2.910491e-01
10166273,-7.422827e-03,7.243520e-01,-1.086618e+00,2.992260e-01
10170369,-7.209442e-03,6.891814e-01,-1.073932e+00,2.675165e-01
10174465,-6.197551e-03,6.700098e-01,-1.059022e+00,2.531757e-01
10178561,-7.441648e-03,6.885934e-01,-1.053007e+00,2.577848e-01
10182657,-7.787253e-03,7.116015e-01,-1.072395e+00,2.714339e-01
10186753,-8.450336e-03,6.844669e-01,-1.091620e+00,2.843370e-01
10190849,-7.867152e-03,6.982847e-01,-1.093800e+00,2.934202e-01
10194945,-6.809153e-03,6.861725e-01,-1.082487e+00,2.589672e-01
10199041,-7.695422e-03,7.130908e-01,-1.076466e+00,2.746045e-01
10203137,-7.559504e-03,7.251220e-01,-1.054881e+00,2.724971e-01
10207233,-7.779751e-03,7.577714e-01,-1.065073e+00,3.137030e-01
10211329,-7.313215e-03,7.051929e-01,-1.070006e+00,2.892953e-01
10215425,-9.326831e-03,6.381468e-01,-1.075144e+00,2.500567e-01
10219521,-5.040795e-03,7.352756e-01,-1.073546e+00,3.242532e-01
10223617,-8.371042e-03,7.593513e-01,-1.067169e+00,3.119806e-01
10227713,-8.937402e-03,7.292238e-01,-1.065880e+00,2.934818e-01
10231809,-7.078876e-03,7.160740e-01,-1.061118e+00,2.838980e-01
10235905,-6.457684e-03,6.516345e-01,-1.082532e+00,2.556368e-01
10240001,-6.781702e-03,6.589902e-01,-1.064995e+00,2.613287e-01
10244097,-7.438622e-03,6.769264e-01,-1.063890e+00,2.545179e-01
10248193,-7.817136e-03,6.717170e-01,-1.063670e+00,2.880552e-01
10252289,-6.426119e-03,6.359656e-01,-1.054740e+00,2.378488e-01
10256385,-7.475284e-03,7.152862e-01,-1.062519e+00,2.933885e-01
10260481,-8.653018e-03,6.633052e-01,-1.067602e+00,2.641881e-01
10264577,-7.685825e-03,6.528528e-01,-1.067314e+00,2.669077e-01
10268673,-7.408746e-03,7.396340e-01,-1.045651e+00,2.775216e-01
10272769,-7.085579e-03,7.252251e-01,-1.069980e+00,2.893682e-01
10276865,-6.451548e-03,7.807766e-01,-1.072093e+00,3.408053e-01
10280961,-5.935644e-03,7.295293e-01,-1.071629e+00,3.113785e-01
10285057,-6.135659e-03,7.548234e-01,-1.073946e+00,3.174261e-01
10289153,-7.098529e-03,6.882176e-01,-1.068595e+00,2.897748e-01
10293249,-8.058386e-03,7.617388e-01,-1.087030e+00,3.298795e-01
10297345,-6.849427e-03,7.465319e-01,-1.092983e+00,2.955952e-01
10301441,-6.098093e-03,6.441551e-01,-1.089747e+00,2.477691e-01
10305537,-5.815065e-03,7.285375e-01,-1.090270e+00,2.959238e-01
10309633,-7.661048e-03,7.038939e-01,-1.091456e+00,2.918266e-01
10313729,-7.011480e-03,6.797587e-01,-1.074543e+00,2.761388e-01
10317825,-8.027126e-03,6.963531e-01,-1.075949e+00,2.832665e-01
10321921,-6.443866e-03,7.252730e-01,-1.076578e+00,2.805288e-01
10326017,-7.021583e-03,7.164461e-01,-1.083886e+00,2.940782e-01
10330113,-7.141339e-03,7.465809e-01,-1.086757e+00,3.369266e-01
10334209,-7.146447e-03,6.906041e-01,-1.102079e+00,2.662791e-01
10338305,-6.797596e-03,6.887457e-01,-1.094596e+00,2.569691e-01
10342401,-8.206950e-03,7.411302e-01,-1.073453e+00,2.966609e-01
10346497,-7.579093e-03,6.702239e-01,-1.116257e+00,2.758001e-01
10350593,-6.641866e-03,6.497291e-01,-1.095486e+00,2.406924e-01
10354689,-8.482290e-03,6.906439e-01,-1.096247e+00,2.929975e-01
10358785,-7.827808e-03,6.841129e-01,-1.081484e+00,2.952142e-01
10362881,-8.859535e-03,6.946189e-01,-1.078233e+00,2.872263e-01
10366977,-5.901891e-03,6.993572e-01,-1.091082e+00,2.910143e-01
10371073,-7.539849e-03,6.971864e-01,-1.110118e+00,2.609912e-01
10375169,-8.920876e-03,7.307927e-01,-1.107933e+00,2.806451e-01
10379265,-7.254554e-03,7.335185e-01,-1.132465e+00,3.115386e-01
10383361,-6.919595e-03,7.138499e-01,-1.131338e+00,2.619402e-01
10387457,-6.675042e-03,7.469929e-01,-1.105703e+00,2.963969e-01
10391553,-6.412461e-03,7.394893e-01,-1.115113e+00,3.159773e-01
10395649,-5.496269e-03,7.147686e-01,-1.103633e+00,2.769236e-01
10399745,-6.723108e-03,7.080415e-01,-1.102253e+00,2.859622e-01
10403841,-7.592132e-03,7.304423e-01,-1.116375e+00,3.103198e-01
10407937,-6.038856e-03,7.119699e-01,-1.109458e+00,2.990806e-01
10412033,-7.090505e-03,6.893798e-01,-1.120029e+00,2.806470e-01
10416129,-6.056705e-03,6.834854e-01,-1.146088e+00,2.880204e-01
10420225,-6.775027e-03,6.823702e-01,-1.121889e+00,2.570454e-01
10424321,-8.249312e-03,7.196858e-01,-1.127248e+00,2.908684e-01
10428417,-6.715270e-03,7.070089e-01,-1.125408e+00,2.682256e-01
10432513,-7.544862e-03,7.046802e-01,-1.116490e+00,2.974707e-01
10436609,-8.023723e-03,6.772047e-01,-1.135536e+00,2.796680e-01
10440705,-8.674079e-03,7.342385e-01,-1.134918e+00,2.835227e-01
10444801,-6.217736e-03,6.781337e-01,-1.114628e+00,2.806727e-01
10448897,-8.278841e-03,6.911409e-01,-1.111303e+00,2.914330e-01
10452993,-7.024136e-03,6.976736e-01,-1.127240e+00,2.579110e-01
10457089,-6.472030e-03,7.361130e-01,-1.121876e+00,2.913509e-01
10461185,-7.372471e-03,7.288293e-01,-1.148385e+00,2.916789e-01
10465281,-8.723794e-03,7.090456e-01,-1.118034e+00,2.787178e-01
10469377,-7.514795e-03,7.342027e-01,-1.132140e+00,3.050914e-01
10473473,-7.247526e-03,7.492430e-01,-1.115695e+00,3.031096e-01
10477569,-7.056394e-03,7.430190e-01,-1.125208e+00,2.829258e-01
10481665,-6.735997e-03,7.796308e-01,-1.124977e+00,3.296412e-01
10485761,-5.945677e-03,7.418301e-01,-1.116451e+00,3.369749e-01
10489857,-7.153689e-03,7.153204e-01,-1.118114e+00,2.834654e-01
10493953,-6.815529e-03,7.794495e-01,-1.110548e+00,3.438448e-01
10498049,-6.878847e-03,7.332079e-01,-1.121745e+00,2.748014e-01
10502145,-6.862007e-03,7.872647e-01,-1.123180e+00,3.089945e-01
10506241,-6.933268e-03,6.934517e-01,-1.113559e+00,2.652074e-01
10510337,-6.993970e-03,7.894224e-01,-1.095821e+00,3.258717e-01
10514433,-6.092270e-03,7.249112e-01,-1.097772e+00,2.667611e-01
10518529,-8.555635e-03,7.577026e-01,-1.083276e+00,3.211581e-01
10522625,-8.516989e-03,7.708380e-01,-1.076108e+00,3.090754e-01
10526721,-7.394200e-03,7.444528e-01,-1.088420e+00,3.045228e-01
10530817,-8.762373e-03,7.682702e-01,-1.083820e+00,3.281299e-01
10534913,-8.091542e-03,7.879039e-01,-1.084415e+00,3.319656e-01
10539009,-9.525684e-03,7.794906e-01,-1.067898e+00,3.067964e-01
10543105,-6.001016e-03,7.286140e-01,-1.076606e+00,2.857963e-01
10547201,-8.255133e-03,7.099620e-01,-1.072760e+00,2.835471e-01
10551297,-7.422417e-03,7.100449e-01,-1.059841e+00,2.990939e-01
10555393,-6.299630e-03,7.363083e-01,-1.065515e+00,3.285386e-01
10559489,-5.401758e-03,8.099000e-01,-1.075538e+00,3.254752e-01
10563585,-6.480983e-03,7.276474e-01,-1.065807e+00,3.005448e-01
10567681,-7.391883e-03,7.800816e-01,-1.051387e+00,3.199633e-01
10571777,-6.876143e-03,7.493701e-01,-1.062809e+00,2.951484e-01
10575873,-6.734249e-03,7.379913e-01,-1.084118e+00,2.887940e-01
10579969,-6.794373e-03,7.910365e-01,-1.095249e+00,3.434063e-01
10584065,-9.227186e-03,7.275504e-01,-1.071053e+00,3.294555e-01
10588161,-7.148192e-03,7.122780e-01,-1.076621e+00,2.829895e-01
10592257,-6.628402e-03,7.893091e-01,-1.088222e+00,2.863451e-01
10596353,-5.960168e-03,7.581245e-01,-1.087377e+00,3.075069e-01
10600449,-6.312927e-03,7.531501e-01,-1.092707e+00,3.024612e-01
10604545,-8.290581e-03,7.650160e-01,-1.091050e+00,3.246879e-01
10608641,-7.472872e-03,7.478612e-01,-1.083503e+00,2.843333e-01
10612737,-8.406747e-03,7.108818e-01,-1.111717e+00,2.848146e-01
10616833,-7.569282e-03,7.773097e-01,-1.089024e+00,3.224142e-01
10620929,-7.502866e-03,7.542302e-01,-1.091644e+00,2.992628e-01
10625025,-7.398316e-03,7.346858e-01,-1.107782e+00,3.003735e-01
10629121,-7.232884e-03,7.475474e-01,-1.119250e+00,2.932302e-01
10633217,-8.357809e-03,7.471631e-01,-1.101822e+00,2.956680e-01
10637313,-6.230487e-03,7.655955e-01,-1.085055e+00,3.042516e-01
10641409,-6.379085e-03,7.743339e-01,-1.088112e+00,3.165137e-01
10645505,-5.725005e-03,7.527424e-01,-1.077373e+00,2.857814e-01
10649601,-8.162729e-03,7.613976e-01,-1.087185e+00,3.190847e-01
10653697,-8.482801e-03,7.568864e-01,-1.096629e+00,3.184427e-01
10657793,-6.555712e-03,7.059759e-01,-1.096600e+00,2.823416e-01
10661889,-7.217741e-03,7.396217e-01,-1.098647e+00,3.195532e-01
10665985,-7.941914e-03,7.276782e-01,-1.091298e+00,2.900355e-01
10670081,-7.389394e-03,7.446373e-01,-1.077514e+00,3.116263e-01
10674177,-8.095607e-03,7.441351e-01,-1.093102e+00,2.994182e-01
10678273,-8.035023e-03,7.186184e-01,-1.087273e+00,3.145555e-01
10682369,-6.451986e-03,7.084483e-01,-1.098501e+00,2.917346e-01
10686465,-7.615898e-03,7.451058e-01,-1.083924e+00,3.275952e-01
10690561,-7.319436e-03,7.836561e-01,-1.082176e+00,3.181540e-01
10694657,-7.745834e-03,7.201436e-01,-1.075911e+00,2.863640e-01
10698753,-6.918802e-03,7.705725e-01,-1.067127e+00,3.028544e-01
10702849,-6.119094e-03,7.739349e-01,-1.089153e+00,3.286233e-01
10706945,-6.622620e-03,7.520045e-01,-1.099573e+00,3.225609e-01
10711041,-6.487493e-03,7.367737e-01,-1.074922e+00,2.982800e-01
10715137,-6.751679e-03,7.790104e-01,-1.090286e+00,3.273998e-01
10719233,-7.910444e-03,7.440365e-01,-1.092359e+00,2.928668e-01
10723329,-9.079978e-03,7.215551e-01,-1.097773e+00,3.082068e-01
10727425,-8.191917e-03,6.606936e-01,-1.129558e+00,2.807991e-01
10731521,-8.739868e-03,7.060294e-01,-1.108391e+00,2.854736e-01
10735617,-6.565082e-03,6.895573e-01,-1.131237e+00,2.894605e-01
10739713,-8.448996e-03,6.942225e-01,-1.140604e+00,2.763301e-01
10743809,-7.776980e-03,7.072160e-01,-1.117281e+00,2.923915e-01
10747905,-7.306677e-03,6.716996e-01,-1.124352e+00,2.720937e-01
10752001,-7.206129e-03,7.101147e-01,-1.121277e+00,3.005043e-01
10756097,-8.325933e-03,6.905283e-01,-1.136776e+00,2.702072e-01
10760193,-8.702167e-03,6.441516e-01,-1.106627e+00,2.445552e-01
10764289,-8.141703e-03,6.864474e-01,-1.096117e+00,2.589686e-01
10768385,-7.737551e-03,6.769722e-01,-1.115702e+00,2.668427e-01
10772481,-6.702536e-03,6.240125e-01,-1.104701e+00,2.311550e-01
10776577,-9.017620e-03,6.157465e-01,-1.100518e+00,2.249756e-01
10780673,-7.077027e-03,5.616033e-01,-1.125654e+00,2.185565e-01
10784769,-7.619652e-03,6.100043e-01,-1.139369e+00,2.178376e-01
10788865,-7.758259e-03,7.048429e-01,-1.110908e+00,2.662477e-01
10792961,-8.995219e-03,6.233086e-01,-1.084826e+00,2.536421e-01
10797057,-6.792815e-03,6.406328e-01,-1.083942e+00,2.419182e-01
10801153,-7.268537e-03,6.622417e-01,-1.095213e+00,2.616537e-01
10805249,-7.250180e-03,6.842731e-01,-1.111446e+00,2.566079e-01
10809345,-7.273013e-03,6.349494e-01,-1.094392e+00,2.537959e-01
10813441,-7.127439e-03,6.432493e-01,-1.078167e+00,2.557176e-01
10817537,-7.726460e-03,6.110408e-01,-1.122324e+00,2.222291e-01
10821633,-7.947835e-03,7.370256e-01,-1.089227e+00,2.771903e-01
10825729,-6.452919e-03,6.252260e-01,-1.072092e+00,2.303414e-01
10829825,-9.800547e-03,6.677455e-01,-1.089750e+00,2.475820e-01
10833921,-6.182139e-03,6.473744e-01,-1.069048e+00,2.541471e-01
10838017,-5.975083e-03,6.825953e-01,-1.080499e+00,2.745841e-01
10842113,-8.146399e-03,6.486354e-01,-1.076644e+00,2.693272e-01
10846209,-7.301931e-03,6.388313e-01,-1.077119e+00,2.525625e-01
10850305,-7.704775e-03,5.901222e-01,-1.066612e+00,2.158257e-01
10854401,-8.646484e-03,6.439574e-01,-1.086646e+00,2.536881e-01
10858497,-8.082679e-03,6.588878e-01,-1.080609e+00,2.680595e-01
10862593,-6.680310e-03,6.360449e-01,-1.068583e+00,2.632568e-01
10866689,-5.915075e-03,6.362026e-01,-1.094953e+00,2.374562e-01
10870785,-6.789472e-03,6.848602e-01,-1.098829e+00,2.846235e-01
10874881,-7.630324e-03,6.384544e-01,-1.091727e+00,2.410697e-01
10878977,-7.524332e-03,6.663895e-01,-1.069182e+00,2.853764e-01
10883073,-8.050903e-03,6.639279e-01,-1.108640e+00,2.803628e-01
10887169,-8.533877e-03,7.063322e-01,-1.088757e+00,2.736803e-01
10891265,-7.615309e-03,6.929343e-01,-1.105713e+00,2.805291e-01
10895361,-6.014484e-03,6.379481e-01,-1.092957e+00,2.439211e-01
10899457,-7.111398e-03,7.278339e-01,-1.084523e+00,2.702723e-01
10903553,-8.760837e-03,7.559428e-01,-1.104146e+00,3.153978e-01
10907649,-7.181204e-03,7.069642e-01,-1.114371e+00,2.932709e-01
10911745,-7.640491e-03,6.612887e-01,-1.107916e+00,2.685606e-01
10915841,-7.346270e-03,7.020537e-01,-1.105627e+00,2.910861e-01
10919937,-7.399531e-03,6.636443e-01,-1.108941e+00,2.644657e-01
10924033,-7.627389e-03,7.122526e-01,-1.083431e+00,2.800721e-01
10928129,-6.978458e-03,6.421266e-01,-1.108181e+00,2.281063e-01
10932225,-7.680979e-03,7.460105e-01,-1.122824e+00,3.217016e-01
10936321,-7.554919e-03,6.935622e-01,-1.091331e+00,2.397811e-01
10940417,-6.711539e-03,6.629923e-01,-1.081224e+00,2.572646e-01
10944513,-7.421218e-03,7.175101e-01,-1.111346e+00,3.074143e-01
10948609,-7.712790e-03,6.464883e-01,-1.117878e+00,2.553630e-01
10952705,-6.882828e-03,6.753455e-01,-1.073152e+00,2.636940e-01
10956801,-6.734737e-03,7.004907e-01,-1.080320e+00,3.162153e-01
10960897,-7.828625e-03,7.023445e-01,-1.073027e+00,2.906786e-01
10964993,-8.105028e-03,6.993997e-01,-1.062189e+00,2.447581e-01
10969089,-6.063257e-03,6.816053e-01,-1.068973e+00,2.817205e-01
10973185,-5.822247e-03,6.796426e-01,-1.059161e+00,2.751712e-01
10977281,-6.814790e-03,7.387114e-01,-1.081077e+00,3.122542e-01
10981377,-8.951259e-03,6.784497e-01,-1.073659e+00,2.735966e-01
10985473,-6.998155e-03,7.166291e-01,-1.081932e+00,2.870720e-01
10989569,-6.633695e-03,7.022551e-01,-1.082238e+00,2.684833e-01
10993665,-7.316152e-03,7.063705e-01,-1.072850e+00,2.911130e-01
10997761,-6.579234e-03,7.348528e-01,-1.061178e+00,2.936063e-01
11001857,-8.953611e-03,6.795067e-01,-1.082598e+00,2.805085e-01
11005953,-7.672130e-03,7.529755e-01,-1.088972e+00,2.854633e-01
11010049,-9.363556e-03,6.702061e-01,-1.067234e+00,2.487327e-01
11014145,-7.088368e-03,6.532636e-01,-1.101542e+00,2.450810e-01
11018241,-9.034100e-03,6.525631e-01,-1.087860e+00,2.603587e-01
11022337,-9.040993e-03,7.823091e-01,-1.078987e+00,3.432501e-01
11026433,-6.046736e-03,6.982105e-01,-1.079808e+00,2.595446e-01
11030529,-7.586742e-03,6.603227e-01,-1.093375e+00,2.494117e-01
11034625,-6.742700e-03,7.151135e-01,-1.078884e+00,2.629514e-01
11038721,-6.348863e-03,7.116141e-01,-1.090747e+00,2.980327e-01
11042817,-7.428780e-03,7.149107e-01,-1.094138e+00,2.878287e-01
11046913,-8.782040e-03,7.093654e-01,-1.102947e+00,2.719516e-01
11051009,-8.571686e-03,7.672565e-01,-1.122302e+00,3.128679e-01
11055105,-7.334956e-03,7.061294e-01,-1.092620e+00,2.918969e-01
11059201,-6.318069e-03,7.104001e-01,-1.129033e+00,3.126589e-01
11063297,-6.609280e-03,7.350358e-01,-1.113981e+00,3.077474e-01
11067393,-6.651273e-03,7.216119e-01,-1.104472e+00,2.584675e-01
11071489,-9.513203e-03,7.624097e-01,-1.086561e+00,3.052521e-01
11075585,-9.044205e-03,7.286579e-01,-1.094405e+00,3.123782e-01
11079681,-7.992890e-03,7.881841e-01,-1.112798e+00,3.020744e-01
11083777,-5.725472e-03,7.802910e-01,-1.122525e+00,3.165829e-01
11087873,-8.247920e-03,6.984585e-01,-1.106200e+00,2.949515e-01
11091969,-6.023611e-03,6.812396e-01,-1.110357e+00,2.726326e-01
11096065,-9.158218e-03,7.062743e-01,-1.114649e+00,2.717465e-01
11100161,-8.773639e-03,7.537936e-01,-1.106158e+00,2.981898e-01
11104257,-7.189517e-03,7.491905e-01,-1.105279e+00,3.185192e-01
11108353,-5.440058e-03,6.997882e-01,-1.105931e+00,2.967122e-01
11112449,-8.335664e-03,7.364873e-01,-1.101575e+00,3.105198e-01
11116545,-6.868434e-03,7.491558e-01,-1.091441e+00,2.739318e-01
11120641,-7.738296e-03,7.594183e-01,-1.095799e+00,3.092434e-01
11124737,-7.431000e-03,7.830707e-01,-1.082008e+00,3.425720e-01
11128833,-9.126838e-03,7.504183e-01,-1.105279e+00,2.878417e-01
11132929,-6.274533e-03,7.570609e-01,-1.077728e+00,3.268782e-01
11137025,-5.253797e-03,7.346080e-01,-1.096533e+00,2.893325e-01
11141121,-6.951490e-03,7.807036e-01,-1.088512e+00,2.987289e-01
11145217,-7.688448e-03,7.481597e-01,-1.093378e+00,2.687999e-01
11149313,-7.029966e-03,7.363303e-01,-1.094403e+00,3.145528e-01
11153409,-6.992148e-03,7.428595e-01,-1.092100e+00,3.120131e-01
11157505,-6.573930e-03,7.686985e-01,-1.096057e+00,3.197962e-01
11161601,-7.816199e-03,7.205808e-01,-1.089267e+00,2.802655e-01
11165697,-7.510110e-03,7.313228e-01,-1.075283e+00,3.279049e-01
11169793,-5.600368e-03,7.267820e-01,-1.087376e+00,2.886467e-01
11173889,-7.443939e-03,6.880356e-01,-1.067148e+00,2.827221e-01
11177985,-8.612885e-03,6.718455e-01,-1.065168e+00,2.459494e-01
11182081,-7.215162e-03,7.030324e-01,-1.061466e+00,2.651418e-01
11186177,-8.687350e-03,7.244055e-01,-1.074228e+00,2.832785e-01
11190273,-7.695783e-03,7.018807e-01,-1.084893e+00,2.782693e-01
11194369,-7.472518e-03,6.765516e-01,-1.044805e+00,2.642903e-01
11198465,-7.751743e-03,6.787103e-01,-1.053542e+00,2.566497e-01
11202561,-7.232314e-03,6.388023e-01,-1.048511e+00,2.559360e-01
11206657,-6.799782e-03,7.155074e-01,-1.049017e+00,2.912214e-01
11210753,-6.855674e-03,6.631886e-01,-1.035721e+00,2.879665e-01
11214849,-7.220349e-03,6.347878e-01,-1.054516e+00,2.350613e-01
11218945,-8.115467e-03,6.543152e-01,-1.073046e+00,2.559834e-01
11223041,-7.610265e-03,6.813177e-01,-1.076792e+00,2.707325e-01
11227137,-7.725206e-03,6.825084e-01,-1.065975e+00,2.780589e-01
11231233,-8.075583e-03,6.974767e-01,-1.065319e+00,2.710719e-01
11235329,-7.867180e-03,6.506219e-01,-1.068471e+00,2.359730e-01
11239425,-7.588539e-03,6.893961e-01,-1.063620e+00,2.535608e-01
11243521,-7.021510e-03,5.959281e-01,-1.066552e+00,2.535936e-01
11247617,-8.628121e-03,6.598295e-01,-1.065905e+00,2.469350e-01
11251713,-5.934481e-03,6.599460e-01,-1.035871e+00,2.665372e-01
11255809,-9.047004e-03,6.973593e-01,-1.046282e+00,2.755695e-01
11259905,-7.211092e-03,6.707660e-01,-1.043269e+00,2.618819e-01
11264001,-7.598848e-03,7.325617e-01,-1.042763e+00,2.675557e-01
11268097,-8.382954e-03,6.816132e-01,-1.040673e+00,2.682359e-01
11272193,-7.634932e-03,7.073485e-01,-1.037424e+00,2.769220e-01
11276289,-8.262223e-03,6.914897e-01,-1.039427e+00,2.785970e-01
11280385,-8.713367e-03,6.548202e-01,-1.043669e+00,2.613264e-01
11284481,-7.283197e-03,7.125088e-01,-1.040094e+00,2.749537e-01
11288577,-7.403399e-03,6.894922e-01,-1.048531e+00,2.683776e-01
11292673,-8.350303e-03,6.781827e-01,-1.060246e+00,2.943452e-01
11296769,-8.503791e-03,6.645943e-01,-1.058265e+00,2.597735e-01
11300865,-6.643013e-03,7.065840e-01,-1.074166e+00,2.841041e-01
11304961,-7.206080e-03,6.927931e-01,-1.057108e+00,2.488635e-01
11309057,-7.462856e-03,7.569311e-01,-1.052639e+00,3.031082e-01
11313153,-6.695264e-03,7.151997e-01,-1.068394e+00,2.774894e-01
11317249,-6.459305e-03,7.353084e-01,-1.087551e+00,3.104096e-01
11321345,-7.571931e-03,7.675061e-01,-1.071411e+00,3.215375e-01
11325441,-7.905358e-03,7.380156e-01,-1.077915e+00,2.844630e-01
11329537,-5.411446e-03,6.949770e-01,-1.075445e+00,2.680313e-01
11333633,-9.103723e-03,6.941940e-01,-1.078439e+00,3.021657e-01
11337729,-6.360057e-03,7.482987e-01,-1.074256e+00,3.075707e-01
11341825,-7.201868e-03,7.554917e-01,-1.066593e+00,3.160747e-01
11345921,-8.511893e-03,6.891262e-01,-1.072048e+00,2.962257e-01
11350017,-8.188246e-03,7.026895e-01,-1.081350e+00,2.896988e-01
11354113,-7.446752e-03,7.556308e-01,-1.087089e+00,2.897122e-01
11358209,-7.063296e-03,7.271057e-01,-1.069648e+00,2.976115e-01
11362305,-6.945894e-03,7.193008e-01,-1.084661e+00,3.267044e-01
11366401,-6.047954e-03,7.349957e-01,-1.055867e+00,2.962132e-01
11370497,-7.137432e-03,7.165920e-01,-1.073527e+00,2.737378e-01
11374593,-6.370148e-03,7.159535e-01,-1.073191e+00,2.880788e-01
11378689,-6.645685e-03,7.256912e-01,-1.080875e+00,2.884474e-01
11382785,-8.873650e-03,6.918932e-01,-1.094056e+00,2.952841e-01
11386881,-7.911995e-03,6.862385e-01,-1.085678e+00,2.682732e-01
11390977,-8.221652e-03,6.716399e-01,-1.093748e+00,2.513059e-01
11395073,-6.614778e-03,6.983983e-01,-1.090337e+00,2.866401e-01
11399169,-8.079700e-03,6.285975e-01,-1.099585e+00,2.347564e-01
11403265,-6.338455e-03,7.072999e-01,-1.068258e+00,2.797049e-01
11407361,-7.093170e-03,7.326450e-01,-1.075051e+00,2.736488e-01
11411457,-6.254812e-03,7.021651e-01,-1.099549e+00,2.911501e-01
11415553,-6.997254e-03,7.022522e-01,-1.093459e+00,2.827008e-01
11419649,-7.155668e-03,7.581645e-01,-1.093016e+00,2.791212e-01
11423745,-9.354351e-03,7.469902e-01,-1.091989e+00,3.175317e-01
11427841,-6.762862e-03,7.364760e-01,-1.078660e+00,2.936999e-01
11431937,-6.702487e-03,7.972960e-01,-1.089285e+00,3.134396e-01
11436033,-7.363306e-03,6.904351e-01,-1.084789e+00,2.759397e-01
11440129,-6.505530e-03,7.598371e-01,-1.100263e+00,3.187448e-01
11444225,-8.371230e-03,7.515548e-01,-1.070770e+00,2.879929e-01
11448321,-6.296809e-03,7.850990e-01,-1.098273e+00,3.350922e-01
11452417,-7.786758e-03,7.541667e-01,-1.091011e+00,3.222732e-01
11456513,-6.907006e-03,7.564162e-01,-1.100706e+00,3.234765e-01
11460609,-7.176984e-03,7.926838e-01,-1.098217e+00,3.326493e-01
11464705,-8.993228e-03,7.433969e-01,-1.104393e+00,3.337651e-01
11468801,-7.051985e-03,6.859847e-01,-1.112137e+00,2.623907e-01
11472897,-6.346406e-03,7.170098e-01,-1.103626e+00,3.038222e-01
11476993,-7.040346e-03,7.402574e-01,-1.123738e+00,2.910911e-01
11481089,-5.732405e-03,7.371173e-01,-1.116329e+00,3.004806e-01
11485185,-8.269388e-03,7.181625e-01,-1.107934e+00,2.906345e-01
11489281,-6.033772e-03,6.816086e-01,-1.087664e+00,2.689075e-01
11493377,-6.496599e-03,7.215554e-01,-1.119379e+00,3.136715e-01
11497473,-7.555707e-03,7.159524e-01,-1.103458e+00,2.824907e-01
11501569,-6.969484e-03,7.361857e-01,-1.095448e+00,3.002260e-01
11505665,-8.582893e-03,7.509735e-01,-1.098322e+00,2.982183e-01
11509761,-7.642562e-03,7.085167e-01,-1.082941e+00,2.608535e-01
11513857,-8.054962e-03,7.215249e-01,-1.111326e+00,2.887464e-01
11517953,-7.405758e-03,7.667829e-01,-1.122840e+00,3.121680e-01
11522049,-7.260981e-03,6.873233e-01,-1.106319e+00,2.663135e-01
11526145,-6.181637e-03,7.390535e-01,-1.126348e+00,3.034362e-01
11530241,-7.666360e-03,7.537980e-01,-1.103050e+00,3.138244e-01
11534337,-7.832719e-03,7.961907e-01,-1.108909e+00,3.102912e-01
11538433,-7.009071e-03,7.712135e-01,-1.095548e+00,3.349965e-01
11542529,-9.025510e-03,7.525229e-01,-1.101006e+00,2.902645e-01
11546625,-9.679971e-03,7.325790e-01,-1.098105e+00,3.147308e-01
11550721,-6.656343e-03,7.899293e-01,-1.089137e+00,3.200587e-01
11554817,-6.734944e-03,8.049569e-01,-1.112419e+00,3.531275e-01
11558913,-7.519012e-03,7.538180e-01,-1.114194e+00,3.198019e-01
11563009,-8.471407e-03,7.730714e-01,-1.115809e+00,3.220345e-01
11567105,-7.190575e-03,7.720394e-01,-1.102092e+00,3.283613e-01
11571201,-8.083545e-03,7.503675e-01,-1.117887e+00,3.208317e-01
11575297,-8.063576e-03,7.527966e-01,-1.106569e+00,3.174446e-01
11579393,-7.652808e-03,7.109997e-01,-1.124628e+00,2.589602e-01
11583489,-6.820590e-03,7.391531e-01,-1.124928e+00,2.803171e-01
11587585,-7.606743e-03,7.614878e-01,-1.123275e+00,3.175709e-01
11591681,-5.736827e-03,7.060762e-01,-1.102069e+00,2.819270e-01
11595777,-8.810615e-03,7.729666e-01,-1.123034e+00,3.137618e-01
11599873,-7.479765e-03,8.047266e-01,-1.082558e+00,3.106549e-01
11603969,-5.970326e-03,7.564898e-01,-1.112953e+00,2.730693e-01
11608065,-7.588538e-03,7.584835e-01,-1.104129e+00,3.044026e-01
11612161,-8.202317e-03,7.857920e-01,-1.127589e+00,3.215927e-01
11616257,-5.396138e-03,7.720247e-01,-1.138688e+00,3.469122e-01
11620353,-8.280994e-03,7.032961e-01,-1.106292e+00,2.941223e-01
11624449,-9.009375e-03,7.793499e-01,-1.105682e+00,3.119809e-01
11628545,-6.721189e-03,7.620092e-01,-1.124344e+00,3.348661e-01
11632641,-7.301797e-03,7.494152e-01,-1.129563e+00,3.096650e-01
11636737,-8.297559e-03,7.416500e-01,-1.111523e+00,2.815647e-01
11640833,-7.980384e-03,7.576325e-01,-1.113644e+00,3.233950e-01
11644929,-8.399537e-03,7.264312e-01,-1.120577e+00,2.921954e-01
11649025,-9.044900e-03,6.789897e-01,-1.126976e+00,2.842476e-01
11653121,-7.958328e-03,7.148068e-01,-1.129826e+00,2.360469e-01
11657217,-6.463081e-03,7.204074e-01,-1.115549e+00,2.890342e-01
11661313,-7.516800e-03,6.977756e-01,-1.123585e+00,2.704044e-01
11665409,-9.210009e-03,6.746540e-01,-1.125888e+00,2.432989e-01
11669505,-8.832752e-03,7.662170e-01,-1.109033e+00,3.092733e-01
11673601,-7.732814e-03,7.254030e-01,-1.095448e+00,3.120934e-01
11677697,-8.941194e-03,7.062875e-01,-1.113370e+00,2.730106e-01
11681793,-8.865625e-03,6.878357e-01,-1.104153e+00,2.662453e-01
11685889,-7.239296e-03,6.938573e-01,-1.119663e+00,3.105157e-01
11689985,-7.407318e-03,7.026154e-01,-1.092259e+00,2.726258e-01
11694081,-7.058661e-03,7.410365e-01,-1.123949e+00,2.792978e-01
11698177,-7.045447e-03,7.086667e-01,-1.109808e+00,2.766923e-01
11702273,-7.280487e-03,7.114871e-01,-1.088021e+00,2.836246e-01
11706369,-8.036325e-03,7.247489e-01,-1.090527e+00,3.120077e-01
11710465,-7.617418e-03,6.938227e-01,-1.104092e+00,2.607055e-01
11714561,-7.526549e-03,7.457598e-01,-1.112699e+00,3.274840e-01
11718657,-6.678232e-03,6.951304e-01,-1.075183e+00,2.821409e-01
11722753,-6.737794e-03,6.748702e-01,-1.082242e+00,2.697378e-01
11726849,-6.038682e-03,7.010209e-01,-1.118518e+00,2.677472e-01
11730945,-6.709558e-03,7.037108e-01,-1.094072e+00,2.976885e-01
11735041,-5.877666e-03,6.876348e-01,-1.100757e+00,2.804075e-01
11739137,-6.404089e-03,6.910467e-01,-1.115245e+00,2.751715e-01
11743233,-6.671788e-03,6.908402e-01,-1.119604e+00,2.865427e-01
11747329,-9.135922e-03,6.736634e-01,-1.120856e+00,2.330178e-01
11751425,-8.154673e-03,6.975018e-01,-1.123932e+00,2.897332e-01
11755521,-7.877987e-03,7.023502e-01,-1.136034e+00,2.587673e-01
11759617,-6.882324e-03,7.456459e-01,-1.105348e+00,3.035967e-01
11763713,-7.553281e-03,7.204285e-01,-1.117061e+00,2.765747e-01
11767809,-7.597126e-03,6.830186e-01,-1.111771e+00,2.760523e-01
11771905,-8.782989e-03,6.895025e-01,-1.135688e+00,2.647857e-01
11776001,-7.122682e-03,6.856628e-01,-1.133725e+00,2.759576e-01
11780097,-7.467372e-03,7.015064e-01,-1.131008e+00,3.099282e-01
11784193,-7.862563e-03,7.125228e-01,-1.111646e+00,2.602754e-01
11788289,-8.132676e-03,7.135795e-01,-1.116082e+00,2.794523e-01
11792385,-8.364229e-03,7.319030e-01,-1.111909e+00,3.005552e-01
11796481,-7.058760e-03,7.678296e-01,-1.104611e+00,2.993751e-01
11800577,-6.469243e-03,7.208098e-01,-1.113024e+00,2.814532e-01
11804673,-8.780906e-03,7.380377e-01,-1.123152e+00,2.834081e-01
11808769,-7.589661e-03,7.870160e-01,-1.115198e+00,3.114641e-01
11812865,-7.762545e-03,7.653842e-01,-1.105987e+00,3.024846e-01
11816961,-8.172855e-03,7.520281e-01,-1.121127e+00,3.030124e-01
11821057,-6.915508e-03,7.521134e-01,-1.114335e+00,3.228046e-01
11825153,-6.909890e-03,7.350278e-01,-1.136561e+00,2.873964e-01
11829249,-8.276602e-03,7.589227e-01,-1.137740e+00,3.198217e-01
11833345,-7.067578e-03,7.376893e-01,-1.148697e+00,2.944980e-01
11837441,-8.131594e-03,7.293848e-01,-1.132300e+00,2.856717e-01
11841537,-7.011054e-03,7.360701e-01,-1.144419e+00,2.967253e-01
11845633,-8.276167e-03,6.990791e-01,-1.118508e+00,2.849391e-01
11849729,-7.374201e-03,7.607198e-01,-1.129451e+00,3.093828e-01
11853825,-8.627181e-03,6.885740e-01,-1.161405e+00,2.937595e-01
11857921,-6.523906e-03,6.750944e-01,-1.129542e+00,2.721207e-01
11862017,-8.592426e-03,6.818577e-01,-1.131115e+00,2.743271e-01
11866113,-5.344590e-03,7.325825e-01,-1.127334e+00,3.213486e-01
11870209,-6.883851e-03,6.889268e-01,-1.113235e+00,2.676656e-01
11874305,-8.026391e-03,6.927222e-01,-1.135671e+00,2.683184e-01
11878401,-6.810439e-03,6.901478e-01,-1.157065e+00,2.692170e-01
11882497,-7.780967e-03,7.041377e-01,-1.143746e+00,2.595275e-01
11886593,-7.893706e-03,6.916182e-01,-1.123774e+00,2.921879e-01
11890689,-7.982427e-03,7.142146e-01,-1.120545e+00,2.636247e-01
11894785,-8.783173e-03,6.761866e-01,-1.128178e+00,2.416174e-01
11898881,-7.286334e-03,7.023828e-01,-1.121463e+00,2.840252e-01
11902977,-6.731783e-03,7.134018e-01,-1.117259e+00,2.956786e-01
11907073,-6.660510e-03,7.495025e-01,-1.113297e+00,3.206826e-01
11911169,-6.526743e-03,7.247413e-01,-1.081299e+00,2.848630e-01
11915265,-8.059187e-03,6.856923e-01,-1.077285e+00,2.559574e-01
11919361,-6.877841e-03,7.303837e-01,-1.060834e+00,3.029471e-01
11923457,-7.594398e-03,6.695084e-01,-1.059213e+00,2.482274e-01
11927553,-8.289606e-03,7.470256e-01,-1.098582e+00,3.111518e-01
11931649,-8.219884e-03,7.400105e-01,-1.088313e+00,2.927737e-01
11935745,-7.061797e-03,7.412683e-01,-1.077114e+00,2.824239e-01
11939841,-8.704351e-03,7.440410e-01,-1.090956e+00,3.132595e-01
11943937,-6.228663e-03,7.244746e-01,-1.093119e+00,3.072119e-01
11948033,-7.069671e-03,7.516512e-01,-1.079485e+00,2.886801e-01
11952129,-7.023608e-03,7.515903e-01,-1.055095e+00,3.068453e-01
11956225,-7.139052e-03,7.388048e-01,-1.064315e+00,3.048543e-01
11960321,-8.123314e-03,7.120862e-01,-1.081503e+00,2.778490e-01
11964417,-7.349300e-03,7.510177e-01,-1.098098e+00,2.726190e-01
11968513,-6.838632e-03,7.480087e-01,-1.104673e+00,3.006394e-01
11972609,-7.999103e-03,7.608227e-01,-1.105600e+00,3.019737e-01
11976705,-9.964234e-03,7.610025e-01,-1.083850e+00,3.031553e-01
11980801,-6.692534e-03,7.229397e-01,-1.126576e+00,2.952637e-01
11984897,-6.655868e-03,7.519657e-01,-1.128848e+00,3.055248e-01
11988993,-7.023710e-03,7.145733e-01,-1.136076e+00,2.953647e-01
11993089,-8.107724e-03,7.010494e-01,-1.138167e+00,2.881903e-01
11997185,-8.327077e-03,7.524258e-01,-1.112591e+00,3.056957e-01
12001281,-7.588226e-03,7.278109e-01,-1.116560e+00,3.008105e-01
12005377,-8.716116e-03,7.655218e-01,-1.125493e+00,3.224349e-01
12009473,-8.104455e-03,7.644356e-01,-1.106118e+00,3.062483e-01
12013569,-9.273007e-03,6.785355e-01,-1.104481e+00,2.496991e-01
12017665,-7.703611e-03,7.356075e-01,-1.103790e+00,2.977903e-01
12021761,-6.729676e-03,7.565031e-01,-1.088775e+00,2.959079e-01
12025857,-8.264091e-03,7.603567e-01,-1.097201e+00,3.114753e-01
12029953,-7.968396e-03,6.892330e-01,-1.090587e+00,2.583795e-01
12034049,-7.340757e-03,7.684152e-01,-1.104432e+00,3.232789e-01
12038145,-7.027308e-03,7.496929e-01,-1.070484e+00,2.945906e-01
12042241,-6.850915e-03,7.087702e-01,-1.099234e+00,2.780078e-01
12046337,-7.228006e-03,7.402758e-01,-1.092962e+00,2.829350e-01
12050433,-8.127511e-03,7.697186e-01,-1.093578e+00,3.104571e-01
12054529,-7.990960e-03,7.791737e-01,-1.112045e+00,3.375630e-01
12058625,-6.732258e-03,7.571121e-01,-1.133923e+00,2.898629e-01
12062721,-7.821279e-03,7.055149e-01,-1.109731e+00,2.785276e-01
12066817,-8.193585e-03,7.701209e-01,-1.122743e+00,3.276570e-01
12070913,-6.757204e-03,7.850661e-01,-1.102733e+00,3.183322e-01
12075009,-8.016971e-03,7.231521e-01,-1.103467e+00,2.792252e-01
12079105,-8.174558e-03,7.535298e-01,-1.098530e+00,3.335694e-01
12083201,-6.540629e-03,7.739426e-01,-1.110271e+00,3.333510e-01
12087297,-7.474934e-03,7.468984e-01,-1.126537e+00,2.954001e-01
12091393,-7.554715e-03,7.944666e-01,-1.101989e+00,3.345885e-01
12095489,-7.837076e-03,7.871219e-01,-1.093566e+00,3.200852e-01
12099585,-7.371285e-03,7.719676e-01,-1.117006e+00,3.240134e-01
12103681,-8.237455e-03,7.747010e-01,-1.109814e+00,3.041764e-01
12107777,-8.096135e-03,7.286581e-01,-1.107598e+00,2.662326e-01
12111873,-9.457456e-03,6.968158e-01,-1.125852e+00,2.730212e-01
12115969,-7.641744e-03,8.012205e-01,-1.110031e+00,3.477740e-01
12120065,-8.354154e-03,7.776225e-01,-1.105021e+00,3.154521e-01
12124161,-6.336023e-03,7.505514e-01,-1.108252e+00,2.876394e-01
12128257,-6.827265e-03,7.679045e-01,-1.107142e+00,3.129258e-01
12132353,-7.415674e-03,6.844441e-01,-1.114162e+00,2.652341e-01
12136449,-6.454862e-03,7.966533e-01,-1.124690e+00,3.082302e-01
12140545,-7.759907e-03,7.386718e-01,-1.113881e+00,3.023308e-01
12144641,-8.482923e-03,7.190190e-01,-1.121176e+00,2.767713e-01
12148737,-6.598616e-03,7.807854e-01,-1.124127e+00,3.305354e-01
12152833,-9.733239e-03,7.887378e-01,-1.118056e+00,3.294284e-01
12156929,-8.357236e-03,7.106497e-01,-1.111711e+00,2.604260e-01
12161025,-7.706527e-03,7.139684e-01,-1.116951e+00,2.690587e-01
12165121,-7.783932e-03,7.141171e-01,-1.127606e+00,2.813215e-01
12169217,-7.857185e-03,6.670879e-01,-1.098660e+00,2.598675e-01
12173313,-8.002048e-03,6.970862e-01,-1.114890e+00,2.747725e-01
12177409,-8.166166e-03,6.580260e-01,-1.146191e+00,2.357684e-01
12181505,-7.326748e-03,6.874034e-01,-1.115965e+00,2.650591e-01
12185601,-6.781094e-03,7.467920e-01,-1.124564e+00,2.831584e-01
12189697,-7.124383e-03,7.485846e-01,-1.100440e+00,2.897378e-01
12193793,-7.397256e-03,7.855751e-01,-1.130184e+00,3.208131e-01
12197889,-7.143287e-03,7.569660e-01,-1.141755e+00,3.067437e-01
12201985,-8.296625e-03,7.729121e-01,-1.117920e+00,3.317035e-01
12206081,-7.279868e-03,6.349816e-01,-1.109641e+00,2.568600e-01
12210177,-9.125401e-03,7.218812e-01,-1.109417e+00,2.748408e-01
12214273,-7.237384e-03,7.001883e-01,-1.113972e+00,2.799846e-01
12218369,-5.220582e-03,7.388310e-01,-1.114201e+00,3.045484e-01
12222465,-6.725185e-03,7.047028e-01,-1.097393e+00,3.117700e-01
12226561,-7.326633e-03,7.233465e-01,-1.098287e+00,2.858642e-01
12230657,-7.615698e-03,7.505353e-01,-1.133056e+00,3.007189e-01
12234753,-7.659210e-03,7.321812e-01,-1.123434e+00,2.909146e-01
12238849,-7.890467e-03,6.358024e-01,-1.131858e+00,2.569221e-01
12242945,-7.033993e-03,6.772884e-01,-1.112336e+00,2.623638e-01
12247041,-8.147208e-03,6.710729e-01,-1.155810e+00,2.453629e-01
12251137,-9.082859e-03,6.743722e-01,-1.151441e+00,2.896959e-01
12255233,-7.935762e-03,6.893409e-01,-1.139430e+00,2.837776e-01
12259329,-8.122788e-03,6.808265e-01,-1.168426e+00,2.762124e-01
12263425,-8.579483e-03,6.949032e-01,-1.151324e+00,2.588290e-01
12267521,-7.486013e-03,6.733217e-01,-1.152276e+00,2.799267e-01
12271617,-6.869784e-03,6.714024e-01,-1.148898e+00,2.474071e-01
12275713,-6.816251e-03,7.388102e-01,-1.156517e+00,2.873625e-01
12279809,-7.442537e-03,7.043748e-01,-1.186768e+00,2.826449e-01
12283905,-7.653103e-03,7.092367e-01,-1.171233e+00,3.335451e-01
12288001,-6.001502e-03,7.322208e-01,-1.159791e+00,2.965971e-01
12292097,-7.985339e-03,6.914646e-01,-1.134161e+00,2.944302e-01
12296193,-7.958691e-03,7.050174e-01,-1.138582e+00,2.986780e-01
12300289,-6.542354e-03,6.364310e-01,-1.143521e+00,2.557903e-01
12304385,-6.738550e-03,7.440978e-01,-1.125386e+00,2.934846e-01
12308481,-7.769144e-03,7.205235e-01,-1.119376e+00,2.740169e-01
12312577,-7.691641e-03,7.194155e-01,-1.117911e+00,2.874448e-01
12316673,-7.880332e-03,7.113336e-01,-1.108914e+00,2.744282e-01
12320769,-6.686680e-03,7.574004e-01,-1.107384e+00,2.990685e-01
12324865,-6.951637e-03,7.373744e-01,-1.118729e+00,2.846563e-01
12328961,-8.115333e-03,7.269292e-01,-1.127405e+00,2.636454e-01
12333057,-9.734157e-03,7.005584e-01,-1.095683e+00,2.726538e-01
12337153,-5.995413e-03,7.187699e-01,-1.144680e+00,2.837590e-01
12341249,-8.529158e-03,7.485879e-01,-1.146579e+00,3.109081e-01
12345345,-9.114174e-03,7.368420e-01,-1.138520e+00,2.856442e-01
12349441,-8.576041e-03,7.489714e-01,-1.138016e+00,2.925205e-01
12353537,-7.383539e-03,7.576884e-01,-1.107466e+00,3.158293e-01
12357633,-6.605834e-03,7.152333e-01,-1.109613e+00,2.778565e-01
12361729,-7.294746e-03,7.696504e-01,-1.112747e+00,3.055029e-01
12365825,-7.476846e-03,6.985809e-01,-1.105788e+00,2.763380e-01
12369921,-6.936634e-03,7.545680e-01,-1.116105e+00,2.942235e-01
12374017,-7.977365e-03,7.173533e-01,-1.101704e+00,2.808436e-01
12378113,-9.194942e-03,7.704595e-01,-1.107580e+00,3.033432e-01
12382209,-8.174775e-03,7.523284e-01,-1.118359e+00,3.164180e-01
12386305,-8.209222e-03,7.660119e-01,-1.108489e+00,3.035845e-01
12390401,-7.715024e-03,7.073656e-01,-1.099580e+00,2.905726e-01
12394497,-9.810175e-03,6.674834e-01,-1.097126e+00,2.529272e-01
12398593,-7.800639e-03,7.768135e-01,-1.080018e+00,3.369727e-01
12402689,-7.789593e-03,7.502590e-01,-1.097738e+00,2.892934e-01
12406785,-6.866342e-03,7.334238e-01,-1.110766e+00,2.875119e-01
12410881,-7.947017e-03,7.584690e-01,-1.107619e+00,2.875302e-01
12414977,-7.974161e-03,7.508221e-01,-1.125946e+00,2.959123e-01
12419073,-6.728056e-03,7.113721e-01,-1.103934e+00,2.987548e-01
12423169,-6.359381e-03,6.913804e-01,-1.111283e+00,2.907660e-01
12427265,-6.844339e-03,7.373204e-01,-1.114200e+00,2.740014e-01
12431361,-9.036279e-03,6.928163e-01,-1.092140e+00,2.738231e-01
12435457,-8.525287e-03,7.423099e-01,-1.099870e+00,2.941323e-01
12439553,-6.713061e-03,7.279298e-01,-1.106952e+00,2.844316e-01
12443649,-7.657363e-03,7.210548e-01,-1.122045e+00,2.751735e-01
12447745,-6.322877e-03,7.470309e-01,-1.115798e+00,2.823862e-01
12451841,-8.237071e-03,7.304348e-01,-1.121857e+00,2.937680e-01
12455937,-7.483183e-03,7.556559e-01,-1.111904e+00,2.803779e-01
12460033,-6.634399e-03,7.459200e-01,-1.129540e+00,3.106096e-01
12464129,-8.342009e-03,7.823825e-01,-1.117047e+00,3.275687e-01
12468225,-6.872121e-03,7.453937e-01,-1.143886e+00,2.831048e-01
12472321,-8.848954e-03,6.963925e-01,-1.117782e+00,2.764227e-01
12476417,-7.782140e-03,6.815772e-01,-1.117978e+00,2.559542e-01
12480513,-7.182616e-03,7.346311e-01,-1.136507e+00,2.840448e-01
12484609,-7.009059e-03,6.812575e-01,-1.148212e+00,2.678475e-01
12488705,-8.344930e-03,6.757916e-01,-1.143191e+00,2.888179e-01
12492801,-7.991365e-03,7.652652e-01,-1.143600e+00,3.257248e-01
12496897,-7.247143e-03,7.096284e-01,-1.106643e+00,2.908405e-01
12500993,-8.038467e-03,7.007012e-01,-1.111001e+00,2.738644e-01
12505089,-7.690716e-03,6.886070e-01,-1.141200e+00,2.678250e-01
12509185,-6.698581e-03,6.684371e-01,-1.134531e+00,2.789412e-01
12513281,-7.602164e-03,7.354951e-01,-1.127227e+00,3.067022e-01
12517377,-1.076652e-02,6.638836e-01,-1.155556e+00,2.344525e-01
12521473,-8.096414e-03,6.951329e-01,-1.158452e+00,2.935411e-01
12525569,-7.910651e-03,6.645392e-01,-1.146241e+00,2.651152e-01
12529665,-6.243587e-03,6.167323e-01,-1.168385e+00,2.160056e-01
12533761,-9.676570e-03,6.513191e-01,-1.160411e+00,2.529046e-01
12537857,-8.239925e-03,7.142240e-01,-1.144708e+00,2.871152e-01
12541953,-7.220440e-03,6.462060e-01,-1.145577e+00,2.425990e-01
12546049,-7.595090e-03,7.370376e-01,-1.153996e+00,3.072857e-01
12550145,-7.818715e-03,7.245466e-01,-1.153474e+00,2.885053e-01
12554241,-7.552671e-03,7.268806e-01,-1.111383e+00,2.863778e-01
12558337,-5.820797e-03,7.384505e-01,-1.120210e+00,3.273346e-01
12562433,-6.753496e-03,7.391930e-01,-1.143268e+00,2.933852e-01
12566529,-7.955359e-03,7.520937e-01,-1.134745e+00,3.033958e-01
12570625,-7.269965e-03,6.771595e-01,-1.152903e+00,2.745818e-01
12574721,-6.822184e-03,7.120404e-01,-1.143904e+00,2.755557e-01
12578817,-9.531086e-03,6.736100e-01,-1.141079e+00,2.715246e-01
12582913,-7.014837e-03,7.093624e-01,-1.139977e+00,2.639932e-01
12587009,-6.390886e-03,7.437417e-01,-1.127348e+00,3.045318e-01
12591105,-8.012330e-03,6.998031e-01,-1.138827e+00,2.582502e-01
12595201,-7.647760e-03,7.570777e-01,-1.139248e+00,2.847314e-01
12599297,-8.283152e-03,6.750021e-01,-1.140553e+00,2.818435e-01
12603393,-7.971002e-03,7.279020e-01,-1.151936e+00,3.065852e-01
12607489,-8.709807e-03,6.428292e-01,-1.166146e+00,2.468156e-01
12611585,-8.737538e-03,6.788484e-01,-1.140134e+00,2.485863e-01
12615681,-7.343422e-03,7.039954e-01,-1.127087e+00,2.560638e-01
12619777,-8.459047e-03,6.640366e-01,-1.124326e+00,2.379641e-01
12623873,-7.123507e-03,7.004796e-01,-1.117849e+00,2.900032e-01
12627969,-7.763270e-03,7.128727e-01,-1.143446e+00,2.836486e-01
12632065,-7.406669e-03,6.315149e-01,-1.116285e+00,2.196951e-01
12636161,-8.427029e-03,6.667288e-01,-1.090610e+00,2.759415e-01
12640257,-6.991671e-03,7.239454e-01,-1.082818e+00,2.856140e-01
12644353,-8.527529e-03,7.280815e-01,-1.095087e+00,3.076658e-01
12648449,-7.240573e-03,7.541188e-01,-1.093190e+00,2.873257e-01
12652545,-7.281244e-03,7.590546e-01,-1.064568e+00,3.144747e-01
12656641,-8.190996e-03,7.758114e-01,-1.078847e+00,3.203773e-01
12660737,-8.573971e-03,6.910064e-01,-1.053821e+00,2.826105e-01
12664833,-7.488519e-03,7.304579e-01,-1.063966e+00,3.111351e-01
12668929,-8.708343e-03,7.496815e-01,-1.055720e+00,2.986464e-01
12673025,-7.048684e-03,7.520265e-01,-1.067099e+00,3.557573e-01
12677121,-7.039295e-03,7.676862e-01,-1.052794e+00,3.206011e-01
12681217,-6.658478e-03,7.146243e-01,-1.060146e+00,3.061098e-01
12685313,-6.724707e-03,7.629734e-01,-1.086746e+00,2.900637e-01
12689409,-6.010835e-03,7.843107e-01,-1.081634e+00,3.269764e-01
12693505,-7.516687e-03,7.800628e-01,-1.098718e+00,3.463821e-01
12697601,-7.976614e-03,7.580450e-01,-1.082705e+00,3.070332e-01
12701697,-7.375361e-03,7.486915e-01,-1.088296e+00,3.071865e-01
12705793,-6.653512e-03,7.885467e-01,-1.099302e+00,3.411802e-01
12709889,-8.294615e-03,7.132193e-01,-1.101925e+00,3.182887e-01
12713985,-8.140298e-03,7.875067e-01,-1.123365e+00,3.332407e-01
12718081,-8.864257e-03,7.066844e-01,-1.094639e+00,2.742752e-01
12722177,-7.861903e-03,7.208707e-01,-1.112070e+00,2.833597e-01
12726273,-7.970854e-03,7.221557e-01,-1.091487e+00,2.868353e-01
12730369,-9.438301e-03,7.360980e-01,-1.116243e+00,3.090176e-01
12734465,-9.042158e-03,7.282143e-01,-1.134106e+00,2.842225e-01
12738561,-7.124195e-03,7.599093e-01,-1.117914e+00,2.704384e-01
12742657,-7.609827e-03,7.333648e-01,-1.133415e+00,3.009917e-01
12746753,-8.776800e-03,7.375856e-01,-1.105673e+00,3.064744e-01
12750849,-7.883848e-03,7.499935e-01,-1.104894e+00,2.978758e-01
12754945,-8.253335e-03,7.550306e-01,-1.113164e+00,2.756504e-01
12759041,-8.182865e-03,7.494364e-01,-1.119229e+00,3.060402e-01
12763137,-8.873025e-03,7.490883e-01,-1.142295e+00,3.056198e-01
12767233,-6.585924e-03,7.604635e-01,-1.143756e+00,3.471929e-01
12771329,-8.495384e-03,7.413857e-01,-1.129776e+00,3.267351e-01
12775425,-7.471999e-03,7.470689e-01,-1.132111e+00,2.815587e-01
12779521,-5.592359e-03,7.696147e-01,-1.118078e+00,3.261839e-01
12783617,-9.291059e-03,7.371138e-01,-1.106276e+00,3.041710e-01
12787713,-8.132345e-03,7.438961e-01,-1.131442e+00,2.911729e-01
12791809,-7.062954e-03,7.954124e-01,-1.123155e+00,3.370574e-01
12795905,-9.360282e-03,7.292637e-01,-1.098962e+00,3.041624e-01
12800001,-8.254169e-03,7.208427e-01,-1.117487e+00,2.940173e-01
12804097,-8.204610e-03,7.065872e-01,-1.115667e+00,2.838930e-01
12808193,-5.978583e-03,7.698854e-01,-1.120866e+00,2.919013e-01
12812289,-7.079357e-03,7.520072e-01,-1.105587e+00,2.976857e-01
12816385,-8.517479e-03,7.241544e-01,-1.112098e+00,3.104560e-01
12820481,-8.011647e-03,7.146053e-01,-1.096593e+00,2.826058e-01
12824577,-7.013430e-03,7.097298e-01,-1.096102e+00,2.873828e-01
12828673,-8.453844e-03,7.088153e-01,-1.129253e+00,2.673322e-01
12832769,-7.587319e-03,7.315234e-01,-1.122834e+00,2.917507e-01
12836865,-7.159811e-03,7.436064e-01,-1.123489e+00,3.172116e-01
12840961,-5.900832e-03,7.303917e-01,-1.120246e+00,3.072298e-01
12845057,-7.202677e-03,7.289759e-01,-1.100925e+00,3.084627e-01
12849153,-7.930054e-03,7.605410e-01,-1.081036e+00,3.012140e-01
12853249,-8.263364e-03,7.021955e-01,-1.096097e+00,2.953911e-01
12857345,-7.482703e-03,7.130130e-01,-1.109574e+00,2.765013e-01
12861441,-7.652580e-03,7.808891e-01,-1.100336e+00,3.154931e-01
12865537,-9.210016e-03,7.154666e-01,-1.108238e+00,2.910721e-01
12869633,-8.184484e-03,7.132967e-01,-1.102396e+00,2.961028e-01
12873729,-7.704087e-03,7.375237e-01,-1.098807e+00,2.927594e-01
12877825,-9.084146e-03,7.870073e-01,-1.118274e+00,3.172152e-01
12881921,-8.495401e-03,7.090094e-01,-1.112983e+00,3.111192e-01
12886017,-9.269635e-03,7.442014e-01,-1.120175e+00,3.112905e-01
12890113,-7.234145e-03,7.605933e-01,-1.138449e+00,3.322625e-01
12894209,-8.333714e-03,7.084514e-01,-1.133261e+00,2.880506e-01
12898305,-7.209401e-03,6.849976e-01,-1.133788e+00,2.565623e-01
12902401,-7.614905e-03,7.625110e-01,-1.136517e+00,3.284640e-01
12906497,-7.601916e-03,7.548660e-01,-1.152793e+00,3.135422e-01
12910593,-8.115077e-03,7.238926e-01,-1.142735e+00,3.073916e-01
12914689,-8.460623e-03,7.208053e-01,-1.142731e+00,2.620689e-01
12918785,-7.411352e-03,6.713275e-01,-1.127918e+00,2.663219e-01
12922881,-6.766687e-03,7.105332e-01,-1.134138e+00,2.764423e-01
12926977,-8.808334e-03,6.993403e-01,-1.118691e+00,2.904334e-01
12931073,-8.704641e-03,7.298819e-01,-1.139199e+00,3.096471e-01
12935169,-8.484499e-03,7.199853e-01,-1.141149e+00,2.710464e-01
12939265,-7.921048e-03,6.809880e-01,-1.112464e+00,2.666450e-01
12943361,-9.056071e-03,7.219024e-01,-1.133298e+00,3.011588e-01
12947457,-8.800991e-03,6.791399e-01,-1.147911e+00,2.861820e-01
12951553,-8.122589e-03,7.162351e-01,-1.112762e+00,3.043498e-01
12955649,-8.805092e-03,6.843319e-01,-1.126444e+00,2.732609e-01
12959745,-7.780311e-03,6.791332e-01,-1.124302e+00,2.721539e-01
12963841,-8.526368e-03,6.703786e-01,-1.123389e+00,2.349534e-01
12967937,-9.177500e-03,6.854363e-01,-1.118325e+00,2.592379e-01
12972033,-9.156068e-03,6.706114e-01,-1.085852e+00,2.538086e-01
12976129,-7.113050e-03,7.030309e-01,-1.110710e+00,2.966083e-01
12980225,-7.076012e-03,7.120116e-01,-1.118990e+00,3.018124e-01
12984321,-7.114850e-03,7.053926e-01,-1.085250e+00,2.683753e-01
12988417,-6.617351e-03,7.405351e-01,-1.091728e+00,3.277610e-01
12992513,-8.541067e-03,7.652196e-01,-1.087716e+00,2.952245e-01
12996609,-8.059488e-03,7.111031e-01,-1.103605e+00,2.728605e-01
13000705,-7.226537e-03,7.138788e-01,-1.071124e+00,2.905974e-01
13004801,-7.472367e-03,7.020126e-01,-1.092763e+00,2.798082e-01
13008897,-7.650346e-03,7.334922e-01,-1.073531e+00,2.996415e-01
13012993,-7.832239e-03,6.907414e-01,-1.090309e+00,2.902374e-01
13017089,-9.266182e-03,7.598104e-01,-1.104030e+00,2.905767e-01
13021185,-7.605789e-03,6.754099e-01,-1.110003e+00,2.632830e-01
13025281,-8.727634e-03,6.674607e-01,-1.093274e+00,2.624452e-01
13029377,-6.976955e-03,7.095794e-01,-1.094105e+00,2.915508e-01
13033473,-9.381754e-03,7.322372e-01,-1.099882e+00,3.200996e-01
13037569,-7.840826e-03,7.232375e-01,-1.085510e+00,2.940936e-01
13041665,-6.907440e-03,7.582649e-01,-1.109575e+00,3.258421e-01
13045761,-6.660038e-03,7.289906e-01,-1.075033e+00,2.786136e-01
13049857,-7.440024e-03,7.089231e-01,-1.104134e+00,2.973241e-01
13053953,-7.758616e-03,7.763056e-01,-1.104119e+00,3.135628e-01
13058049,-8.046972e-03,7.182766e-01,-1.109790e+00,3.085378e-01
13062145,-6.596330e-03,7.414118e-01,-1.088979e+00,2.827294e-01
13066241,-7.221608e-03,7.418612e-01,-1.073030e+00,3.045156e-01
13070337,-7.397399e-03,7.703278e-01,-1.079848e+00,3.273279e-01
13074433,-6.707863e-03,7.739112e-01,-1.065566e+00,3.452205e-01
13078529,-7.660101e-03,7.069263e-01,-1.070036e+00,2.617379e-01
13082625,-8.480845e-03,6.910559e-01,-1.075100e+00,2.660248e-01
13086721,-7.890223e-03,7.040042e-01,-1.088401e+00,2.595766e-01
13090817,-6.614817e-03,7.431035e-01,-1.089193e+00,3.126748e-01
13094913,-7.551218e-03,7.329719e-01,-1.086615e+00,2.998690e-01
13099009,-7.523232e-03,7.045693e-01,-1.094822e+00,2.947698e-01
13103105,-7.332682e-03,7.245078e-01,-1.089525e+00,3.055423e-01
13107201,-6.980292e-03,7.535518e-01,-1.115027e+00,3.137003e-01
13111297,-8.532975e-03,7.872674e-01,-1.112591e+00,3.258351e-01
13115393,-8.489030e-03,7.692200e-01,-1.104579e+00,3.310145e-01
13119489,-6.275605e-03,7.548822e-01,-1.086201e+00,2.928421e-01
13123585,-6.261605e-03,7.585752e-01,-1.097499e+00,3.062474e-01
13127681,-6.909900e-03,7.289137e-01,-1.096167e+00,2.785323e-01
13131777,-8.708102e-03,7.489988e-01,-1.080696e+00,2.952450e-01
13135873,-7.055193e-03,7.040995e-01,-1.102188e+00,2.873408e-01
13139969,-8.964721e-03,6.835630e-01,-1.083838e+00,2.578322e-01
13144065,-8.786143e-03,7.056188e-01,-1.089745e+00,2.918141e-01
13148161,-7.423928e-03,7.207261e-01,-1.087671e+00,2.943867e-01
13152257,-7.862717e-03,7.340959e-01,-1.095803e+00,2.957832e-01
13156353,-7.431036e-03,7.012878e-01,-1.092040e+00,2.697610e-01
13160449,-7.060645e-03,7.028434e-01,-1.078550e+00,3.004370e-01
13164545,-6.884728e-03,7.394095e-01,-1.081096e+00,2.982451e-01
13168641,-8.135072e-03,6.932951e-01,-1.072335e+00,2.911879e-01
13172737,-7.015362e-03,7.351553e-01,-1.089578e+00,2.719454e-01
13176833,-7.806228e-03,7.131239e-01,-1.089067e+00,2.608117e-01
13180929,-5.733537e-03,7.234774e-01,-1.064557e+00,3.298126e-01
13185025,-6.115901e-03,7.442105e-01,-1.051288e+00,3.209077e-01
13189121,-6.889595e-03,7.024862e-01,-1.061805e+00,2.772110e-01
13193217,-8.495002e-03,7.514706e-01,-1.058278e+00,3.186800e-01
13197313,-7.204350e-03,7.228333e-01,-1.079307e+00,3.180865e-01
13201409,-8.238412e-03,6.876839e-01,-1.088454e+00,2.715345e-01
13205505,-6.176268e-03,7.921834e-01,-1.090554e+00,3.438767e-01
13209601,-7.269773e-03,7.211437e-01,-1.121743e+00,2.974619e-01
13213697,-7.130466e-03,7.098906e-01,-1.103528e+00,2.861419e-01
13217793,-7.146788e-03,7.186041e-01,-1.090614e+00,2.900682e-01
13221889,-5.786142e-03,7.086930e-01,-1.087240e+00,2.750991e-01
13225985,-7.353020e-03,7.337091e-01,-1.101165e+00,2.969900e-01
13230081,-6.202637e-03,7.088054e-01,-1.114890e+00,2.798212e-01
13234177,-9.414801e-03,7.404057e-01,-1.125561e+00,3.037508e-01
13238273,-9.740689e-03,6.851704e-01,-1.130269e+00,2.784787e-01
13242369,-6.906598e-03,7.158900e-01,-1.123322e+00,2.742516e-01
13246465,-5.880665e-03,6.711048e-01,-1.139449e+00,2.847887e-01
13250561,-6.398158e-03,7.178610e-01,-1.125095e+00,2.952282e-01
13254657,-8.170955e-03,7.170821e-01,-1.120014e+00,2.909775e-01
13258753,-8.453586e-03,6.864189e-01,-1.135261e+00,2.706054e-01
13262849,-8.134253e-03,6.730184e-01,-1.138591e+00,2.821448e-01
13266945,-8.371361e-03,7.049405e-01,-1.119927e+00,2.820251e-01
13271041,-9.691421e-03,7.181718e-01,-1.101116e+00,2.764758e-01
13275137,-6.062862e-03,7.500252e-01,-1.123089e+00,3.005614e-01
13279233,-7.576643e-03,7.236232e-01,-1.138285e+00,2.902562e-01
13283329,-6.759799e-03,6.865420e-01,-1.128188e+00,2.696219e-01
13287425,-6.342274e-03,6.655357e-01,-1.134261e+00,2.347742e-01
13291521,-6.814273e-03,6.603519e-01,-1.134625e+00,2.436076e-01
13295617,-7.322294e-03,6.892403e-01,-1.132191e+00,2.943774e-01
13299713,-7.645162e-03,6.628864e-01,-1.145253e+00,2.590307e-01
13303809,-7.300059e-03,6.774882e-01,-1.141580e+00,2.827736e-01
13307905,-6.668435e-03,7.010241e-01,-1.139956e+00,2.916296e-01
13312001,-7.829210e-03,6.738619e-01,-1.128354e+00,2.670615e-01
13316097,-9.541593e-03,7.036998e-01,-1.126689e+00,2.630390e-01
13320193,-7.237105e-03,6.740935e-01,-1.103454e+00,2.434369e-01
13324289,-8.056321e-03,6.579242e-01,-1.105512e+00,2.612173e-01
13328385,-7.717732e-03,7.002262e-01,-1.105096e+00,2.783936e-01
13332481,-7.928893e-03,7.144213e-01,-1.131301e+00,2.787363e-01
13336577,-7.257650e-03,7.061416e-01,-1.092306e+00,2.844145e-01
13340673,-6.778983e-03,6.931883e-01,-1.087901e+00,2.663535e-01
13344769,-7.704859e-03,6.993480e-01,-1.104954e+00,2.974004e-01
13348865,-6.530025e-03,7.368527e-01,-1.093190e+00,2.944154e-01
13352961,-9.113203e-03,7.015693e-01,-1.090554e+00,2.686981e-01
13357057,-6.550611e-03,7.002908e-01,-1.107047e+00,2.887111e-01
13361153,-6.708141e-03,7.190119e-01,-1.103888e+00,2.977369e-01
13365249,-7.347821e-03,7.117911e-01,-1.089621e+00,2.837427e-01
13369345,-8.466442e-03,7.067913e-01,-1.080089e+00,2.792485e-01
13373441,-7.939126e-03,7.004874e-01,-1.107847e+00,2.654234e-01
13377537,-7.406479e-03,7.218755e-01,-1.091572e+00,2.735652e-01
13381633,-9.705779e-03,6.882558e-01,-1.080512e+00,2.908551e-01
13385729,-8.082544e-03,6.960255e-01,-1.078115e+00,2.579421e-01
13389825,-6.303213e-03,7.099365e-01,-1.058619e+00,2.709396e-01
13393921,-7.195583e-03,7.655848e-01,-1.071284e+00,2.959158e-01
13398017,-6.946354e-03,7.713394e-01,-1.055899e+00,3.220247e-01
13402113,-7.326002e-03,7.924589e-01,-1.071760e+00,3.438114e-01
13406209,-8.143675e-03,7.633140e-01,-1.071268e+00,3.218900e-01
13410305,-6.203039e-03,7.684247e-01,-1.066644e+00,3.240117e-01
13414401,-7.058283e-03,7.517051e-01,-1.072697e+00,3.262854e-01
13418497,-6.829327e-03,8.184960e-01,-1.056851e+00,3.471612e-01
13422593,-7.056735e-03,7.827594e-01,-1.058993e+00,3.281086e-01
13426689,-5.847788e-03,7.314072e-01,-1.076576e+00,3.033837e-01
13430785,-7.369955e-03,7.551796e-01,-1.088838e+00,2.977555e-01
13434881,-7.718381e-03,7.569061e-01,-1.054947e+00,3.040668e-01
13438977,-5.760936e-03,7.216287e-01,-1.056587e+00,2.694434e-01
13443073,-6.662168e-03,7.365504e-01,-1.066091e+00,2.963918e-01
13447169,-7.036224e-03,7.078428e-01,-1.078201e+00,2.921284e-01
13451265,-6.673625e-03,7.461844e-01,-1.083969e+00,2.964158e-01
13455361,-7.990660e-03,7.878324e-01,-1.064565e+00,3.352277e-01
13459457,-7.018585e-03,7.954064e-01,-1.088278e+00,3.243697e-01
13463553,-8.988402e-03,7.449226e-01,-1.091716e+00,2.916193e-01
13467649,-6.155388e-03,7.859054e-01,-1.117058e+00,3.260710e-01
13471745,-7.696906e-03,7.493792e-01,-1.105006e+00,3.293848e-01
13475841,-7.508175e-03,7.796533e-01,-1.100072e+00,3.161267e-01
13479937,-8.227141e-03,7.607208e-01,-1.114902e+00,3.100908e-01
13484033,-7.023498e-03,8.199272e-01,-1.101338e+00,3.415891e-01
13488129,-7.636445e-03,7.684859e-01,-1.110921e+00,3.093853e-01
13492225,-7.080513e-03,6.875462e-01,-1.101194e+00,2.838347e-01
13496321,-7.203032e-03,6.955254e-01,-1.119958e+00,2.792584e-01
13500417,-6.799046e-03,7.728066e-01,-1.128096e+00,3.088389e-01
13504513,-7.614103e-03,7.077071e-01,-1.120340e+00,2.823654e-01
13508609,-9.143077e-03,7.249391e-01,-1.108668e+00,2.820263e-01
13512705,-6.460577e-03,7.235468e-01,-1.115308e+00,2.890203e-01
13516801,-8.093489e-03,7.478408e-01,-1.119672e+00,2.927800e-01
13520897,-7.334867e-03,7.172328e-01,-1.097058e+00,2.829633e-01
13524993,-8.200844e-03,7.451096e-01,-1.106771e+00,3.033018e-01
13529089,-7.986375e-03,7.894072e-01,-1.117974e+00,3.164057e-01
13533185,-6.999931e-03,7.003444e-01,-1.093812e+00,2.752644e-01
13537281,-8.820822e-03,7.628328e-01,-1.101694e+00,3.009888e-01
13541377,-7.033973e-03,7.483818e-01,-1.084646e+00,3.105577e-01
13545473,-7.212945e-03,7.278329e-01,-1.091372e+00,2.966380e-01
13549569,-7.084553e-03,7.677940e-01,-1.102342e+00,3.227788e-01
13553665,-7.803965e-03,7.339867e-01,-1.113072e+00,2.923725e-01
13557761,-7.089429e-03,7.458447e-01,-1.133452e+00,3.136649e-01
13561857,-5.521077e-03,7.355976e-01,-1.123836e+00,3.068383e-01
13565953,-7.976415e-03,7.534204e-01,-1.119139e+00,2.721630e-01
13570049,-6.687664e-03,7.360585e-01,-1.141479e+00,2.943639e-01
13574145,-6.843394e-03,7.030906e-01,-1.125219e+00,2.739567e-01
13578241,-6.802567e-03,8.192181e-01,-1.140492e+00,3.600674e-01
13582337,-7.747179e-03,6.604595e-01,-1.138696e+00,2.705993e-01
13586433,-8.355556e-03,7.457339e-01,-1.120674e+00,3.010472e-01
13590529,-5.886611e-03,7.217432e-01,-1.136654e+00,3.066015e-01
13594625,-8.052931e-03,7.323317e-01,-1.125077e+00,3.189467e-01
13598721,-7.424168e-03,6.629180e-01,-1.117394e+00,2.561298e-01
13602817,-7.321702e-03,6.760534e-01,-1.145066e+00,2.673742e-01
13606913,-6.826300e-03,7.137983e-01,-1.122458e+00,2.904215e-01
13611009,-8.677940e-03,6.585880e-01,-1.124930e+00,2.637010e-01
13615105,-6.898936e-03,6.887689e-01,-1.132457e+00,2.820190e-01
13619201,-6.256444e-03,7.109232e-01,-1.115399e+00,2.997237e-01
13623297,-8.368702e-03,6.978374e-01,-1.114239e+00,2.852369e-01
13627393,-7.200315e-03,7.488219e-01,-1.133794e+00,2.934378e-01
13631489,-7.730743e-03,6.645741e-01,-1.121480e+00,2.552819e-01
13635585,-7.455378e-03,7.207769e-01,-1.092726e+00,2.872416e-01
13639681,-8.301950e-03,7.121879e-01,-1.095887e+00,2.963265e-01
13643777,-8.663081e-03,6.767877e-01,-1.080948e+00,2.467321e-01
13647873,-9.707187e-03,6.874193e-01,-1.087163e+00,2.739650e-01
13651969,-8.590684e-03,7.479825e-01,-1.123453e+00,3.093700e-01
13656065,-8.150233e-03,7.094135e-01,-1.097225e+00,3.021949e-01
13660161,-7.496304e-03,7.485880e-01,-1.120134e+00,2.783102e-01
13664257,-6.905471e-03,7.221374e-01,-1.091381e+00,3.001789e-01
13668353,-7.076756e-03,7.852012e-01,-1.077582e+00,3.016061e-01
13672449,-7.500208e-03,7.175106e-01,-1.102548e+00,2.679076e-01
13676545,-5.980001e-03,7.294565e-01,-1.070023e+00,3.046752e-01
13680641,-7.497733e-03,6.954803e-01,-1.095393e+00,2.854731e-01
13684737,-6.743177e-03,7.460240e-01,-1.090962e+00,2.837801e-01
13688833,-6.851848e-03,7.005952e-01,-1.104907e+00,2.869630e-01
13692929,-7.073220e-03,6.735463e-01,-1.120105e+00,2.535163e-01
13697025,-7.025199e-03,6.449497e-01,-1.121593e+00,2.658193e-01
13701121,-8.958427e-03,6.300577e-01,-1.124036e+00,2.512705e-01
13705217,-8.523169e-03,6.587891e-01,-1.097569e+00,2.756449e-01
13709313,-8.082016e-03,6.959623e-01,-1.098254e+00,2.951793e-01
13713409,-7.259168e-03,6.749623e-01,-1.100138e+00,2.481728e-01
13717505,-9.071144e-03,6.526937e-01,-1.122853e+00,2.447449e-01
13721601,-6.999671e-03,6.825939e-01,-1.123915e+00,2.707366e-01
13725697,-7.221575e-03,6.643404e-01,-1.113790e+00,2.567110e-01
13729793,-8.292505e-03,7.025235e-01,-1.129610e+00,2.675791e-01
13733889,-7.311869e-03,7.454703e-01,-1.129144e+00,2.834171e-01
13737985,-8.479756e-03,6.528796e-01,-1.127173e+00,2.342377e-01
13742081,-9.717169e-03,6.754894e-01,-1.137896e+00,2.621500e-01
13746177,-7.455529e-03,7.300781e-01,-1.139178e+00,2.954705e-01
13750273,-8.866642e-03,6.947104e-01,-1.155678e+00,2.867662e-01
13754369,-7.480126e-03,6.656419e-01,-1.135357e+00,2.578102e-01
13758465,-7.495693e-03,5.836110e-01,-1.145333e+00,1.987574e-01
13762561,-9.076780e-03,6.759182e-01,-1.131527e+00,2.597786e-01
13766657,-8.467540e-03,6.645222e-01,-1.115027e+00,2.675064e-01
13770753,-7.389463e-03,6.501959e-01,-1.122452e+00,2.492896e-01
13774849,-6.993092e-03,6.305229e-01,-1.102936e+00,2.267890e-01
13778945,-6.956610e-03,6.843637e-01,-1.088347e+00,2.654561e-01
13783041,-6.675939e-03,7.064650e-01,-1.111624e+00,2.934570e-01
13787137,-7.233250e-03,6.546968e-01,-1.112342e+00,2.444421e-01
13791233,-7.556841e-03,6.448647e-01,-1.126568e+00,2.254545e-01
13795329,-7.797813e-03,6.750719e-01,-1.119357e+00,2.468212e-01
13799425,-6.898319e-03,6.590764e-01,-1.121380e+00,2.549488e-01
13803521,-7.043035e-03,6.846439e-01,-1.119483e+00,2.624995e-01
13807617,-7.441107e-03,6.657691e-01,-1.124187e+00,2.637622e-01
13811713,-7.581263e-03,6.413106e-01,-1.114165e+00,2.598726e-01
13815809,-6.787789e-03,6.841933e-01,-1.116227e+00,2.582700e-01
13819905,-6.224463e-03,7.094652e-01,-1.103558e+00,3.068777e-01
13824001,-7.426611e-03,6.703952e-01,-1.110270e+00,2.634885e-01
13828097,-7.628948e-03,6.924752e-01,-1.112148e+00,2.910082e-01
13832193,-7.640533e-03,7.297021e-01,-1.096373e+00,3.079230e-01
13836289,-6.838992e-03,7.252680e-01,-1.071709e+00,3.276106e-01
13840385,-6.716885e-03,6.989161e-01,-1.061132e+00,2.955922e-01
13844481,-8.887194e-03,7.119261e-01,-1.079726e+00,2.675500e-01
13848577,-8.792475e-03,6.311345e-01,-1.071724e+00,2.564186e-01
13852673,-7.776989e-03,6.941611e-01,-1.059773e+00,2.611194e-01
13856769,-8.817803e-03,6.528413e-01,-1.063315e+00,2.789915e-01
13860865,-7.061425e-03,6.631732e-01,-1.074447e+00,2.649172e-01
13864961,-7.176171e-03,6.364057e-01,-1.089940e+00,2.295870e-01
13869057,-9.470242e-03,6.227219e-01,-1.068830e+00,2.207610e-01
13873153,-6.920698e-03,7.244127e-01,-1.074742e+00,2.694009e-01
13877249,-6.718122e-03,6.628569e-01,-1.079782e+00,2.782957e-01
13881345,-6.857400e-03,6.596246e-01,-1.085336e+00,2.726369e-01
13885441,-7.648504e-03,7.046616e-01,-1.072077e+00,2.877257e-01
13889537,-7.361970e-03,6.520889e-01,-1.050760e+00,2.347582e-01
13893633,-6.606840e-03,7.386146e-01,-1.076162e+00,3.005260e-01
13897729,-6.431085e-03,6.679881e-01,-1.083905e+00,2.623707e-01
13901825,-7.092255e-03,6.024319e-01,-1.078378e+00,2.243949e-01
13905921,-6.784851e-03,6.526753e-01,-1.084900e+00,2.626268e-01
13910017,-7.051912e-03,6.530608e-01,-1.097053e+00,2.371479e-01
13914113,-6.546114e-03,6.545315e-01,-1.072978e+00,2.545517e-01
13918209,-7.847998e-03,6.442175e-01,-1.095608e+00,2.559254e-01
13922305,-9.228119e-03,6.951294e-01,-1.086577e+00,2.872783e-01
13926401,-9.149700e-03,6.585043e-01,-1.079602e+00,2.635535e-01
13930497,-7.367282e-03,6.920725e-01,-1.083069e+00,2.745736e-01
13934593,-6.674879e-03,6.904059e-01,-1.090253e+00,2.688067e-01
13938689,-8.205351e-03,7.157781e-01,-1.069021e+00,2.921557e-01
13942785,-7.651693e-03,6.883427e-01,-1.077335e+00,2.630865e-01
13946881,-9.103710e-03,7.442511e-01,-1.083368e+00,3.004450e-01
13950977,-8.053701e-03,7.553148e-01,-1.085547e+00,2.687290e-01
13955073,-7.443668e-03,6.919586e-01,-1.094237e+00,2.567589e-01
13959169,-7.257118e-03,6.967542e-01,-1.081252e+00,2.783373e-01
13963265,-7.164190e-03,7.794384e-01,-1.083585e+00,3.115789e-01
13967361,-7.338549e-03,6.978664e-01,-1.073651e+00,2.987280e-01
13971457,-6.906868e-03,7.392697e-01,-1.082281e+00,2.991989e-01
13975553,-7.130678e-03,6.830909e-01,-1.091439e+00,2.656742e-01
13979649,-6.629118e-03,7.633289e-01,-1.105331e+00,3.220535e-01
13983745,-7.325560e-03,7.046435e-01,-1.098263e+00,2.729704e-01
13987841,-7.127812e-03,7.417091e-01,-1.093283e+00,2.845003e-01
13991937,-8.339174e-03,7.370641e-01,-1.082940e+00,3.079350e-01
13996033,-8.777766e-03,7.453576e-01,-1.077826e+00,3.142894e-01
14000129,-7.837889e-03,7.155711e-01,-1.107007e+00,3.009049e-01
14004225,-8.375710e-03,7.437190e-01,-1.119231e+00,2.877668e-01
14008321,-7.729062e-03,7.802745e-01,-1.087316e+00,3.189722e-01
14012417,-6.644927e-03,7.622097e-01,-1.101870e+00,2.869602e-01
14016513,-5.780176e-03,7.330482e-01,-1.075801e+00,2.949686e-01
14020609,-7.360082e-03,7.551122e-01,-1.070840e+00,3.344749e-01
14024705,-6.797668e-03,7.531554e-01,-1.084155e+00,3.026793e-01
14028801,-6.417353e-03,7.656447e-01,-1.064953e+00,2.992315e-01
14032897,-6.664953e-03,7.512075e-01,-1.070115e+00,2.886873e-01
14036993,-7.944411e-03,7.253506e-01,-1.087447e+00,2.934339e-01
14041089,-7.335396e-03,7.042848e-01,-1.071821e+00,2.796282e-01
14045185,-7.581278e-03,7.597639e-01,-1.099150e+00,3.192841e-01
14049281,-6.709645e-03,7.700062e-01,-1.086756e+00,3.055623e-01
14053377,-8.028387e-03,7.690398e-01,-1.087185e+00,3.198455e-01
14057473,-7.083606e-03,7.772025e-01,-1.099593e+00,3.046846e-01
14061569,-9.807936e-03,7.165049e-01,-1.077483e+00,2.847582e-01
14065665,-7.740994e-03,7.279066e-01,-1.078889e+00,2.813963e-01
14069761,-8.105742e-03,7.994692e-01,-1.066489e+00,3.160600e-01
14073857,-7.064865e-03,7.537906e-01,-1.057680e+00,3.190745e-01
14077953,-6.966479e-03,7.565878e-01,-1.072449e+00,3.168607e-01
14082049,-6.412374e-03,7.877396e-01,-1.076367e+00,3.125221e-01
14086145,-6.533227e-03,7.693583e-01,-1.078700e+00,3.095790e-01
14090241,-6.871624e-03,7.865875e-01,-1.070518e+00,3.199719e-01
14094337,-8.635471e-03,7.921038e-01,-1.076473e+00,3.288638e-01
14098433,-7.976404e-03,7.703475e-01,-1.039772e+00,3.229202e-01
14102529,-4.967277e-03,7.730455e-01,-1.061404e+00,3.176942e-01
14106625,-7.848394e-03,7.208597e-01,-1.063887e+00,2.992927e-01
14110721,-6.567719e-03,7.779941e-01,-1.066586e+00,3.188612e-01
14114817,-6.436666e-03,7.461474e-01,-1.055430e+00,3.227613e-01
14118913,-6.077621e-03,8.051817e-01,-1.051523e+00,3.883140e-01
14123009,-8.311323e-03,7.540458e-01,-1.074564e+00,3.235804e-01
14127105,-6.327930e-03,7.626937e-01,-1.053491e+00,2.984440e-01
14131201,-8.717993e-03,7.087896e-01,-1.055372e+00,3.080758e-01
14135297,-6.947338e-03,8.324126e-01,-1.071688e+00,3.725218e-01
14139393,-7.830489e-03,7.626729e-01,-1.065652e+00,3.226682e-01
14143489,-8.825088e-03,7.577589e-01,-1.069030e+00,2.970831e-01
14147585,-7.408112e-03,7.773695e-01,-1.056476e+00,3.149231e-01
14151681,-6.635453e-03,7.506377e-01,-1.055929e+00,3.118814e-01
14155777,-6.945642e-03,7.699622e-01,-1.052156e+00,3.069461e-01
14159873,-6.470925e-03,7.779026e-01,-1.076276e+00,3.029745e-01
14163969,-6.756515e-03,7.280451e-01,-1.089863e+00,3.114137e-01
14168065,-7.033673e-03,7.900955e-01,-1.065735e+00,3.419427e-01
14172161,-6.993602e-03,7.679473e-01,-1.057488e+00,3.145697e-01
14176257,-6.496244e-03,7.362210e-01,-1.059040e+00,3.123606e-01
14180353,-7.151930e-03,7.399161e-01,-1.092496e+00,2.996818e-01
14184449,-6.081688e-03,7.203909e-01,-1.058440e+00,3.013302e-01
14188545,-6.663518e-03,6.913186e-01,-1.071276e+00,2.926541e-01
14192641,-7.941842e-03,6.709193e-01,-1.093356e+00,2.382081e-01
14196737,-7.770884e-03,6.575144e-01,-1.124859e+00,2.455783e-01
14200833,-6.648694e-03,7.175644e-01,-1.118193e+00,2.466234e-01
14204929,-6.851665e-03,6.568501e-01,-1.126006e+00,2.568696e-01
14209025,-8.283513e-03,6.745587e-01,-1.126081e+00,2.398806e-01
14213121,-8.075156e-03,7.213031e-01,-1.095110e+00,2.936999e-01
14217217,-7.317961e-03,6.861532e-01,-1.099398e+00,2.841281e-01
14221313,-6.993525e-03,7.651337e-01,-1.114533e+00,2.899050e-01
14225409,-6.368675e-03,7.287087e-01,-1.118542e+00,2.789701e-01
14229505,-8.445220e-03,6.973056e-01,-1.106975e+00,2.725413e-01
14233601,-7.471146e-03,7.242407e-01,-1.112097e+00,2.795740e-01
14237697,-7.349152e-03,7.108112e-01,-1.116515e+00,2.823368e-01
14241793,-7.949210e-03,7.192129e-01,-1.121040e+00,2.858933e-01
14245889,-6.521552e-03,7.314162e-01,-1.109972e+00,2.983729e-01
14249985,-7.438969e-03,7.453491e-01,-1.118302e+00,3.064484e-01
14254081,-8.689542e-03,7.819388e-01,-1.090942e+00,3.233393e-01
14258177,-6.991078e-03,6.854862e-01,-1.099155e+00,2.586693e-01
14262273,-7.890012e-03,7.202945e-01,-1.119070e+00,2.889784e-01
14266369,-7.460595e-03,7.365917e-01,-1.096713e+00,2.858617e-01
14270465,-6.929380e-03,7.288689e-01,-1.093901e+00,2.648835e-01
14274561,-6.995311e-03,7.755794e-01,-1.082789e+00,3.161033e-01
14278657,-6.870737e-03,6.947344e-01,-1.133123e+00,2.593672e-01
14282753,-6.739859e-03,7.195999e-01,-1.120298e+00,2.936115e-01
14286849,-7.325595e-03,7.527185e-01,-1.128882e+00,3.415030e-01
14290945,-5.411204e-03,7.077778e-01,-1.128840e+00,2.826460e-01
14295041,-8.250913e-03,7.065385e-01,-1.119299e+00,2.854490e-01
14299137,-7.782803e-03,7.427314e-01,-1.113706e+00,3.069681e-01
14303233,-6.947263e-03,7.475844e-01,-1.102972e+00,2.928945e-01
14307329,-6.915996e-03,7.849270e-01,-1.108013e+00,3.458713e-01
14311425,-7.306602e-03,7.137407e-01,-1.100265e+00,3.096899e-01
14315521,-6.818237e-03,7.324673e-01,-1.121652e+00,2.789347e-01
14319617,-6.019909e-03,7.534672e-01,-1.098632e+00,2.899156e-01
14323713,-9.916635e-03,6.947423e-01,-1.112065e+00,2.772007e-01
14327809,-7.270057e-03,7.462319e-01,-1.096359e+00,3.146097e-01
14331905,-7.301977e-03,7.724697e-01,-1.090298e+00,2.958728e-01
14336001,-6.403390e-03,7.490028e-01,-1.094105e+00,3.250779e-01
14340097,-7.160410e-03,7.417515e-01,-1.085348e+00,3.159339e-01
14344193,-7.487140e-03,7.501967e-01,-1.100296e+00,3.253877e-01
14348289,-7.235824e-03,6.994979e-01,-1.071592e+00,2.881607e-01
14352385,-7.562765e-03,7.259623e-01,-1.102581e+00,2.960578e-01
14356481,-7.907019e-03,7.469371e-01,-1.084148e+00,3.011827e-01
14360577,-7.405311e-03,7.447741e-01,-1.052840e+00,3.102821e-01
14364673,-7.807367e-03,7.647251e-01,-1.088386e+00,2.824333e-01
14368769,-7.784306e-03,7.690646e-01,-1.078682e+00,3.302025e-01
14372865,-8.164112e-03,8.061528e-01,-1.066327e+00,3.173699e-01
14376961,-8.380554e-03,7.578782e-01,-1.067378e+00,2.923458e-01
14381057,-7.617769e-03,7.163236e-01,-1.071095e+00,2.681650e-01
14385153,-6.957106e-03,8.303142e-01,-1.053227e+00,3.147716e-01
14389249,-9.202912e-03,7.456672e-01,-1.078264e+00,3.366522e-01
14393345,-7.191706e-03,7.019272e-01,-1.090532e+00,2.870271e-01
14397441,-7.707990e-03,8.071628e-01,-1.069724e+00,3.185072e-01
14401537,-8.812565e-03,7.570628e-01,-1.054416e+00,3.042895e-01
14405633,-7.491115e-03,7.691896e-01,-1.077059e+00,3.305171e-01
14409729,-8.491341e-03,7.306822e-01,-1.065320e+00,2.992970e-01
14413825,-8.290754e-03,7.445220e-01,-1.078421e+00,3.073128e-01
14417921,-7.953169e-03,6.790630e-01,-1.049683e+00,2.705302e-01
14422017,-7.819677e-03,7.432521e-01,-1.080665e+00,2.709255e-01
14426113,-7.520030e-03,7.213049e-01,-1.081815e+00,2.659276e-01
14430209,-7.325527e-03,7.512258e-01,-1.088338e+00,2.750958e-01
14434305,-6.566180e-03,7.296274e-01,-1.088779e+00,2.874832e-01
14438401,-9.742503e-03,7.479769e-01,-1.074126e+00,2.917513e-01
14442497,-9.478148e-03,7.676736e-01,-1.080024e+00,3.280590e-01
14446593,-8.562317e-03,7.664783e-01,-1.065914e+00,3.098878e-01
14450689,-7.652873e-03,7.081581e-01,-1.069061e+00,2.791850e-01
14454785,-6.330795e-03,7.319182e-01,-1.077986e+00,2.816687e-01
14458881,-7.384567e-03,7.278236e-01,-1.077693e+00,2.977273e-01
14462977,-6.711747e-03,7.436007e-01,-1.067382e+00,3.150362e-01
14467073,-7.561317e-03,7.993987e-01,-1.087709e+00,3.186457e-01
14471169,-7.853065e-03,7.765540e-01,-1.088041e+00,3.197272e-01
14475265,-7.454887e-03,7.466783e-01,-1.081046e+00,3.100462e-01
14479361,-7.335851e-03,7.125400e-01,-1.087716e+00,3.177359e-01
14483457,-7.895061e-03,7.558189e-01,-1.085909e+00,3.080592e-01
14487553,-7.584383e-03,7.505782e-01,-1.097106e+00,3.205765e-01
14491649,-9.377965e-03,7.500943e-01,-1.093587e+00,3.140435e-01
14495745,-6.868388e-03,7.166992e-01,-1.093529e+00,2.936603e-01
14499841,-8.005826e-03,7.894982e-01,-1.092104e+00,3.507957e-01
14503937,-8.168815e-03,7.742913e-01,-1.090942e+00,3.011934e-01
14508033,-7.074570e-03,7.334775e-01,-1.097135e+00,3.208867e-01
14512129,-7.937409e-03,7.497374e-01,-1.105469e+00,3.030156e-01
14516225,-7.956591e-03,8.025312e-01,-1.094521e+00,3.134200e-01
14520321,-8.110467e-03,7.617275e-01,-1.093681e+00,3.122094e-01
14524417,-7.965397e-03,7.720546e-01,-1.116216e+00,2.950583e-01
14528513,-6.976883e-03,7.661309e-01,-1.091147e+00,3.051608e-01
14532609,-7.662442e-03,7.412146e-01,-1.096658e+00,3.273290e-01
14536705,-7.719129e-03,7.793204e-01,-1.074483e+00,2.869320e-01
14540801,-7.853682e-03,7.301639e-01,-1.055358e+00,3.012255e-01
14544897,-7.944438e-03,7.785001e-01,-1.068534e+00,3.568245e-01
14548993,-8.331429e-03,7.611644e-01,-1.067840e+00,3.120039e-01
14553089,-6.844343e-03,7.988461e-01,-1.082407e+00,3.187902e-01
14557185,-7.809043e-03,6.654145e-01,-1.080989e+00,2.678413e-01
14561281,-7.485311e-03,7.930193e-01,-1.079810e+00,3.329884e-01
14565377,-6.982444e-03,7.418234e-01,-1.079982e+00,3.151770e-01
14569473,-9.415781e-03,7.238432e-01,-1.094384e+00,2.987062e-01
14573569,-8.177792e-03,7.583915e-01,-1.088261e+00,3.004273e-01
14577665,-7.507791e-03,7.148960e-01,-1.081151e+00,3.022984e-01
14581761,-6.265978e-03,7.273048e-01,-1.074500e+00,2.993274e-01
14585857,-8.628214e-03,7.492641e-01,-1.087456e+00,3.091989e-01
14589953,-9.448133e-03,7.558238e-01,-1.074269e+00,3.149353e-01
14594049,-7.140975e-03,7.840469e-01,-1.087773e+00,3.027583e-01
14598145,-7.212265e-03,7.852567e-01,-1.100042e+00,3.125784e-01
14602241,-7.726657e-03,7.123186e-01,-1.082939e+00,2.824634e-01
14606337,-8.068881e-03,7.424549e-01,-1.093210e+00,2.603595e-01
14610433,-8.671694e-03,8.109248e-01,-1.057192e+00,3.490329e-01
14614529,-8.384392e-03,7.145697e-01,-1.044123e+00,2.921205e-01
14618625,-7.132822e-03,7.953933e-01,-1.057912e+00,3.247468e-01
14622721,-7.172595e-03,7.620335e-01,-1.063956e+00,3.342567e-01
14626817,-1.003487e-02,7.391290e-01,-1.075925e+00,3.059370e-01
14630913,-7.291489e-03,7.749262e-01,-1.052298e+00,2.861256e-01
14635009,-7.513225e-03,7.832347e-01,-1.064111e+00,3.230975e-01
14639105,-7.635513e-03,6.680539e-01,-1.058178e+00,2.615733e-01
14643201,-6.300354e-03,7.134774e-01,-1.067958e+00,3.036636e-01
14647297,-8.195131e-03,7.730359e-01,-1.039733e+00,3.075464e-01
14651393,-7.422810e-03,7.177305e-01,-1.064222e+00,2.658830e-01
14655489,-7.766011e-03,7.150054e-01,-1.076289e+00,2.649919e-01
14659585,-7.092839e-03,7.271233e-01,-1.091438e+00,2.993997e-01
14663681,-9.699128e-03,7.429863e-01,-1.059737e+00,3.277227e-01
14667777,-6.044673e-03,6.704067e-01,-1.081530e+00,2.630898e-01
14671873,-7.673242e-03,6.713856e-01,-1.068282e+00,2.625847e-01
14675969,-6.424500e-03,7.245720e-01,-1.074602e+00,2.898692e-01
14680065,-7.381730e-03,6.911994e-01,-1.060726e+00,3.110124e-01
14684161,-7.684497e-03,6.940392e-01,-1.070888e+00,2.872038e-01
14688257,-8.486057e-03,7.642650e-01,-1.067583e+00,3.356362e-01
14692353,-7.062463e-03,7.734696e-01,-1.074863e+00,3.073069e-01
14696449,-7.818171e-03,7.267488e-01,-1.086689e+00,3.101353e-01
14700545,-7.321369e-03,7.437762e-01,-1.075444e+00,2.917672e-01
14704641,-7.657086e-03,7.726806e-01,-1.094815e+00,3.271766e-01
14708737,-7.032959e-03,8.025958e-01,-1.087759e+00,3.240938e-01
14712833,-8.254374e-03,7.654190e-01,-1.090927e+00,2.973777e-01
14716929,-7.169398e-03,7.626591e-01,-1.083266e+00,3.083452e-01
14721025,-8.855540e-03,7.817288e-01,-1.061072e+00,3.699540e-01
14725121,-7.413884e-03,7.981770e-01,-1.083742e+00,3.677868e-01
14729217,-8.588088e-03,7.112522e-01,-1.100937e+00,2.993500e-01
14733313,-9.380379e-03,7.906768e-01,-1.085363e+00,3.071024e-01
14737409,-8.002682e-03,7.388890e-01,-1.094337e+00,3.120041e-01
14741505,-7.902927e-03,7.446484e-01,-1.079028e+00,3.153826e-01
14745601,-7.778874e-03,7.855126e-01,-1.090766e+00,3.215247e-01
14749697,-7.519062e-03,7.331660e-01,-1.075969e+00,3.134954e-01
14753793,-7.086330e-03,7.528365e-01,-1.098397e+00,3.005225e-01
14757889,-7.718658e-03,7.648840e-01,-1.079341e+00,2.914422e-01
14761985,-7.697535e-03,7.521695e-01,-1.080954e+00,2.936192e-01
14766081,-6.566433e-03,7.063591e-01,-1.106844e+00,2.807488e-01
14770177,-9.806357e-03,7.112569e-01,-1.095618e+00,2.802597e-01
14774273,-8.101381e-03,6.827643e-01,-1.092485e+00,2.515007e-01
14778369,-7.581377e-03,6.370221e-01,-1.121017e+00,2.538793e-01
14782465,-9.141258e-03,6.481050e-01,-1.123899e+00,2.280025e-01
14786561,-7.039526e-03,6.336654e-01,-1.118744e+00,2.595720e-01
14790657,-8.094054e-03,6.309902e-01,-1.126257e+00,2.339272e-01
14794753,-7.901242e-03,6.424640e-01,-1.108909e+00,2.345971e-01
14798849,-6.936727e-03,6.347201e-01,-1.102707e+00,2.437472e-01
14802945,-8.642819e-03,6.989538e-01,-1.106746e+00,2.513140e-01
14807041,-6.987539e-03,6.338675e-01,-1.134165e+00,2.367572e-01
14811137,-8.247281e-03,5.954811e-01,-1.117807e+00,2.296200e-01
14815233,-8.406515e-03,6.813945e-01,-1.104189e+00,2.650819e-01
14819329,-8.610435e-03,7.057350e-01,-1.102570e+00,2.846515e-01
14823425,-8.583328e-03,6.665362e-01,-1.123252e+00,2.397005e-01
14827521,-9.868387e-03,6.564730e-01,-1.120668e+00,2.365533e-01
14831617,-8.204854e-03,6.851795e-01,-1.101743e+00,2.667642e-01
14835713,-7.688461e-03,7.098671e-01,-1.080850e+00,2.839720e-01
14839809,-1.003803e-02,6.715978e-01,-1.092980e+00,2.734584e-01
14843905,-8.071546e-03,7.006774e-01,-1.066781e+00,2.691809e-01
14848001,-7.417813e-03,6.276856e-01,-1.056846e+00,2.437399e-01
14852097,-8.940970e-03,5.942698e-01,-1.076913e+00,2.226916e-01
14856193,-9.488610e-03,6.362679e-01,-1.054240e+00,2.361657e-01
14860289,-8.718995e-03,6.583417e-01,-1.088961e+00,2.706205e-01
14864385,-7.650502e-03,6.559996e-01,-1.078353e+00,2.450218e-01
14868481,-9.126120e-03,6.343819e-01,-1.069737e+00,2.148258e-01
14872577,-8.638586e-03,6.568072e-01,-1.063014e+00,2.470334e-01
14876673,-6.930760e-03,6.503664e-01,-1.071078e+00,2.223737e-01
14880769,-9.238522e-03,7.403578e-01,-1.049769e+00,3.086591e-01
14884865,-7.054993e-03,6.701493e-01,-1.055909e+00,2.743709e-01
14888961,-7.551273e-03,7.414542e-01,-1.062975e+00,2.903683e-01
14893057,-7.821878e-03,7.530714e-01,-1.075237e+00,3.155565e-01
14897153,-7.918866e-03,7.052122e-01,-1.074055e+00,2.907318e-01
14901249,-7.382720e-03,6.951060e-01,-1.057525e+00,2.740983e-01
14905345,-8.395440e-03,7.583807e-01,-1.046306e+00,3.046985e-01
14909441,-7.583373e-03,7.490550e-01,-1.044791e+00,2.848891e-01
14913537,-6.443523e-03,7.437785e-01,-1.076944e+00,2.967687e-01
14917633,-6.665701e-03,7.406266e-01,-1.053030e+00,3.092642e-01
14921729,-6.983089e-03,7.305003e-01,-1.083178e+00,3.149995e-01
14925825,-6.405954e-03,7.175384e-01,-1.074230e+00,3.099881e-01
14929921,-8.190420e-03,7.263791e-01,-1.067399e+00,2.977298e-01
14934017,-7.852714e-03,7.015527e-01,-1.065463e+00,2.729706e-01
14938113,-8.231287e-03,7.458402e-01,-1.053737e+00,2.946160e-01
14942209,-7.202151e-03,7.885644e-01,-1.056853e+00,3.293838e-01
14946305,-7.891381e-03,7.572828e-01,-1.027477e+00,3.164404e-01
14950401,-8.119617e-03,7.227593e-01,-1.034838e+00,2.950915e-01
14954497,-7.519414e-03,7.228409e-01,-1.038205e+00,3.120100e-01
14958593,-8.120948e-03,7.849291e-01,-1.065883e+00,3.231854e-01
14962689,-7.699972e-03,7.869923e-01,-1.055783e+00,3.453631e-01
14966785,-7.704194e-03,7.061354e-01,-1.066047e+00,2.953796e-01
14970881,-9.153193e-03,7.135454e-01,-1.082487e+00,3.021231e-01
14974977,-7.793266e-03,7.328746e-01,-1.075286e+00,2.600257e-01
14979073,-6.376342e-03,6.681787e-01,-1.079703e+00,2.521377e-01
14983169,-8.082085e-03,7.190843e-01,-1.059997e+00,2.787887e-01
14987265,-7.703665e-03,6.912119e-01,-1.068357e+00,2.718820e-01
14991361,-8.366051e-03,7.294231e-01,-1.085244e+00,2.889755e-01
14995457,-8.355753e-03,7.395610e-01,-1.074908e+00,2.907239e-01
14999553,-6.808752e-03,6.946809e-01,-1.061646e+00,2.643312e-01
15003649,-7.639406e-03,7.597426e-01,-1.058251e+00,3.255312e-01
15007745,-9.398384e-03,7.117519e-01,-1.066115e+00,2.926584e-01
15011841,-8.062741e-03,7.088682e-01,-1.057681e+00,2.979434e-01
15015937,-8.434612e-03,7.019732e-01,-1.066731e+00,2.667521e-01
15020033,-7.201466e-03,8.015650e-01,-1.070905e+00,3.394721e-01
15024129,-6.162147e-03,7.811674e-01,-1.069812e+00,3.433359e-01
15028225,-8.333596e-03,7.477118e-01,-1.091704e+00,3.165496e-01
15032321,-6.314105e-03,7.564087e-01,-1.065824e+00,2.933801e-01
15036417,-8.248234e-03,7.894422e-01,-1.077579e+00,3.456200e-01
15040513,-8.526556e-03,7.871947e-01,-1.067144e+00,3.305924e-01
15044609,-7.414622e-03,7.703130e-01,-1.068749e+00,3.202331e-01
15048705,-7.651454e-03,7.917729e-01,-1.067408e+00,3.188545e-01
15052801,-6.776965e-03,7.142586e-01,-1.073692e+00,2.838364e-01
15056897,-7.926922e-03,7.497451e-01,-1.074264e+00,3.088079e-01
15060993,-7.256294e-03,7.003354e-01,-1.092239e+00,2.794198e-01
15065089,-8.493833e-03,7.511191e-01,-1.069823e+00,3.075575e-01
15069185,-6.697147e-03,7.802719e-01,-1.085103e+00,3.419953e-01
15073281,-7.750697e-03,7.409928e-01,-1.076026e+00,3.114946e-01
15077377,-1.032179e-02,7.685222e-01,-1.085715e+00,2.821748e-01
15081473,-7.145608e-03,7.443636e-01,-1.084954e+00,2.919713e-01
15085569,-7.386768e-03,7.352663e-01,-1.079101e+00,2.963112e-01
15089665,-9.799365e-03,7.577252e-01,-1.097513e+00,3.256603e-01
15093761,-6.978979e-03,7.065461e-01,-1.093701e+00,2.810147e-01
15097857,-8.211045e-03,7.231547e-01,-1.074062e+00,2.847375e-01
15101953,-7.121757e-03,7.030983e-01,-1.062316e+00,2.747023e-01
15106049,-9.330984e-03,7.386634e-01,-1.070036e+00,3.054616e-01
15110145,-9.649842e-03,7.374810e-01,-1.056804e+00,2.876463e-01
15114241,-8.933815e-03,7.140110e-01,-1.039735e+00,2.901939e-01
15118337,-7.433434e-03,6.948052e-01,-1.031006e+00,2.955608e-01
15122433,-8.920684e-03,7.603734e-01,-1.009015e+00,3.442682e-01
15126529,-7.399648e-03,6.900899e-01,-1.054419e+00,2.888811e-01
15130625,-7.211084e-03,7.300308e-01,-1.042170e+00,2.942151e-01
15134721,-6.913649e-03,6.705327e-01,-1.045012e+00,2.715629e-01
15138817,-8.134976e-03,7.384684e-01,-1.066837e+00,2.726915e-01
15142913,-6.570593e-03,6.257612e-01,-1.054444e+00,2.344823e-01
15147009,-8.281533e-03,6.735709e-01,-1.055871e+00,2.362529e-01
15151105,-8.609492e-03,7.196944e-01,-1.035684e+00,2.828835e-01
15155201,-7.165197e-03,6.353542e-01,-1.061613e+00,2.563119e-01
15159297,-6.963800e-03,6.934117e-01,-1.070364e+00,2.661926e-01
15163393,-8.486982e-03,6.721613e-01,-1.072812e+00,2.396264e-01
15167489,-6.386616e-03,6.996174e-01,-1.082999e+00,2.907766e-01
15171585,-9.770956e-03,6.716953e-01,-1.053349e+00,2.741819e-01
15175681,-7.204129e-03,6.652704e-01,-1.045994e+00,2.629974e-01
15179777,-6.731552e-03,6.998647e-01,-1.055565e+00,2.804838e-01
15183873,-7.079763e-03,6.843531e-01,-1.065135e+00,2.696213e-01
15187969,-7.871433e-03,7.345967e-01,-1.059920e+00,3.011593e-01
15192065,-6.501140e-03,7.069633e-01,-1.062866e+00,2.925015e-01
15196161,-7.349518e-03,7.036465e-01,-1.068873e+00,2.727965e-01
15200257,-7.664555e-03,7.082602e-01,-1.074626e+00,2.951645e-01
15204353,-6.672092e-03,6.864910e-01,-1.079366e+00,2.581194e-01
15208449,-6.731861e-03,6.748235e-01,-1.071771e+00,2.682023e-01
15212545,-6.566690e-03,6.962398e-01,-1.074388e+00,3.018580e-01
15216641,-8.237364e-03,6.526261e-01,-1.078049e+00,2.347363e-01
15220737,-7.757770e-03,6.604348e-01,-1.088573e+00,2.449923e-01
15224833,-7.342567e-03,6.959783e-01,-1.097340e+00,2.682746e-01
15228929,-9.785254e-03,6.877376e-01,-1.108367e+00,2.877124e-01
15233025,-7.292636e-03,6.987711e-01,-1.096727e+00,2.897613e-01
15237121,-8.998630e-03,6.709599e-01,-1.100993e+00,2.996196e-01
15241217,-8.727072e-03,7.251630e-01,-1.085922e+00,2.920271e-01
15245313,-8.142558e-03,6.732353e-01,-1.098451e+00,2.857964e-01
15249409,-8.591485e-03,7.101986e-01,-1.099067e+00,2.863289e-01
15253505,-9.477296e-03,6.939830e-01,-1.105166e+00,2.551638e-01
15257601,-8.271486e-03,7.171508e-01,-1.109707e+00,2.614997e-01
15261697,-9.208141e-03,7.261442e-01,-1.098790e+00,3.161388e-01
15265793,-7.148607e-03,7.356498e-01,-1.077402e+00,3.142473e-01
15269889,-8.896612e-03,7.469406e-01,-1.076497e+00,2.874188e-01
15273985,-7.605147e-03,7.574916e-01,-1.077325e+00,3.198004e-01
15278081,-7.741867e-03,7.011959e-01,-1.066600e+00,2.867136e-01
15282177,-8.480282e-03,7.270477e-01,-1.061802e+00,2.884970e-01
15286273,-7.682099e-03,7.035297e-01,-1.076867e+00,3.208100e-01
15290369,-7.524611e-03,7.136186e-01,-1.071860e+00,2.780821e-01
15294465,-7.252741e-03,6.665744e-01,-1.071731e+00,2.503775e-01
15298561,-8.285852e-03,7.173592e-01,-1.091826e+00,2.800707e-01
15302657,-8.099301e-03,6.763315e-01,-1.077679e+00,2.478497e-01
15306753,-7.664263e-03,6.936939e-01,-1.094341e+00,2.535270e-01
15310849,-8.122380e-03,7.058843e-01,-1.117352e+00,2.581589e-01
15314945,-7.679017e-03,6.951533e-01,-1.093325e+00,2.778862e-01
15319041,-9.001220e-03,7.193950e-01,-1.081605e+00,2.701804e-01
15323137,-8.231929e-03,6.871306e-01,-1.095919e+00,2.839857e-01
15327233,-8.631518e-03,6.551438e-01,-1.071095e+00,2.606475e-01
15331329,-7.344166e-03,6.605560e-01,-1.095620e+00,2.793708e-01
15335425,-7.610735e-03,6.692595e-01,-1.087978e+00,2.968759e-01
15339521,-7.224208e-03,6.521006e-01,-1.092651e+00,2.662240e-01
15343617,-8.067517e-03,6.775843e-01,-1.076579e+00,2.990394e-01
15347713,-7.478191e-03,6.515807e-01,-1.088928e+00,2.425258e-01
15351809,-7.522753e-03,7.040122e-01,-1.066010e+00,2.649381e-01
15355905,-9.169460e-03,6.914037e-01,-1.083773e+00,2.536392e-01
15360001,-9.690695e-03,6.970243e-01,-1.061199e+00,2.797763e-01
15364097,-8.060045e-03,7.548135e-01,-1.079436e+00,3.231309e-01
15368193,-7.270150e-03,8.030398e-01,-1.063123e+00,3.523993e-01
15372289,-7.066944e-03,7.362785e-01,-1.080283e+00,2.915243e-01
15376385,-7.130222e-03,6.447664e-01,-1.069819e+00,2.408861e-01
15380481,-6.744979e-03,6.671093e-01,-1.080893e+00,2.646561e-01
15384577,-7.108160e-03,6.849853e-01,-1.081244e+00,2.736017e-01
15388673,-7.080267e-03,7.156964e-01,-1.098990e+00,2.614763e-01
15392769,-7.996373e-03,7.166275e-01,-1.087266e+00,2.868968e-01
15396865,-6.547977e-03,7.500019e-01,-1.080707e+00,3.181473e-01
15400961,-8.140238e-03,7.294937e-01,-1.086539e+00,3.003751e-01
15405057,-7.912092e-03,7.055433e-01,-1.072585e+00,3.152009e-01
15409153,-6.478525e-03,7.858109e-01,-1.099501e+00,3.470411e-01
15413249,-6.096454e-03,7.241677e-01,-1.094773e+00,2.990210e-01
15417345,-8.165467e-03,6.965929e-01,-1.080478e+00,2.676988e-01
15421441,-7.476721e-03,7.116608e-01,-1.102508e+00,3.118210e-01
15425537,-8.272240e-03,6.980415e-01,-1.105904e+00,2.772268e-01
15429633,-7.315552e-03,7.630768e-01,-1.079576e+00,3.384660e-01
15433729,-9.281369e-03,7.254334e-01,-1.087056e+00,2.625130e-01
15437825,-7.401814e-03,6.727855e-01,-1.086037e+00,2.765245e-01
15441921,-7.998522e-03,7.292506e-01,-1.086095e+00,2.885062e-01
15446017,-7.164730e-03,7.689825e-01,-1.060632e+00,3.052206e-01
15450113,-7.815532e-03,7.892961e-01,-1.063428e+00,3.227047e-01
15454209,-8.644045e-03,7.280806e-01,-1.088078e+00,2.923824e-01
15458305,-7.948448e-03,7.549486e-01,-1.091650e+00,2.905782e-01
15462401,-6.553606e-03,7.258941e-01,-1.078108e+00,2.898940e-01
15466497,-7.819684e-03,7.800659e-01,-1.095869e+00,3.096855e-01
15470593,-7.019152e-03,7.026452e-01,-1.089801e+00,2.899269e-01
15474689,-7.076425e-03,7.485830e-01,-1.092272e+00,2.805271e-01
15478785,-7.080337e-03,6.734816e-01,-1.089187e+00,2.791880e-01
15482881,-7.204543e-03,7.317062e-01,-1.101739e+00,2.975833e-01
15486977,-8.153173e-03,7.105689e-01,-1.103033e+00,2.824320e-01
15491073,-6.828074e-03,7.085561e-01,-1.099462e+00,2.879243e-01
15495169,-7.787491e-03,7.291248e-01,-1.078188e+00,3.214329e-01
15499265,-7.973513e-03,7.132845e-01,-1.081570e+00,2.786604e-01
15503361,-6.262260e-03,7.051808e-01,-1.107066e+00,3.014328e-01
15507457,-6.751529e-03,6.681213e-01,-1.107094e+00,2.574058e-01
15511553,-7.314860e-03,6.594114e-01,-1.113027e+00,2.598243e-01
15515649,-9.513067e-03,6.834306e-01,-1.077584e+00,2.562195e-01
15519745,-8.571216e-03,7.197263e-01,-1.091313e+00,2.813547e-01
15523841,-7.448687e-03,7.082619e-01,-1.105883e+00,2.927065e-01
15527937,-7.154960e-03,6.852494e-01,-1.095900e+00,2.654152e-01
15532033,-7.754411e-03,6.674190e-01,-1.107428e+00,2.592828e-01
15536129,-8.409536e-03,6.990597e-01,-1.114224e+00,2.744196e-01
15540225,-6.923419e-03,7.016685e-01,-1.097957e+00,2.553347e-01
15544321,-6.863402e-03,6.710485e-01,-1.088932e+00,2.770399e-01
15548417,-7.429706e-03,7.032860e-01,-1.098991e+00,2.740396e-01
15552513,-8.458785e-03,7.361623e-01,-1.072816e+00,2.869527e-01
15556609,-7.335014e-03,7.432051e-01,-1.057609e+00,2.817061e-01
15560705,-7.785639e-03,6.748957e-01,-1.072514e+00,2.606533e-01
15564801,-6.138898e-03,6.605085e-01,-1.046714e+00,2.663154e-01
15568897,-6.986609e-03,6.797120e-01,-1.043906e+00,2.728904e-01
15572993,-7.321114e-03,6.914881e-01,-1.033116e+00,2.870613e-01
15577089,-7.127942e-03,7.227425e-01,-1.034017e+00,2.813240e-01
15581185,-6.985029e-03,7.232677e-01,-1.036664e+00,2.890080e-01
15585281,-7.033565e-03,7.049681e-01,-1.029648e+00,2.865537e-01
15589377,-8.047551e-03,7.044829e-01,-1.040778e+00,2.749435e-01
15593473,-6.441468e-03,7.244959e-01,-1.034826e+00,3.014214e-01
15597569,-7.850796e-03,7.132205e-01,-1.054928e+00,2.820081e-01
15601665,-6.695999e-03,6.845332e-01,-1.032781e+00,2.751426e-01
15605761,-6.550982e-03,6.847817e-01,-1.026464e+00,2.888296e-01
15609857,-6.988600e-03,6.931052e-01,-1.042750e+00,2.976529e-01
15613953,-8.289524e-03,6.917345e-01,-1.037684e+00,2.680853e-01
15618049,-7.450010e-03,7.495047e-01,-1.038136e+00,3.223795e-01
15622145,-8.574391e-03,7.121704e-01,-1.051021e+00,2.992340e-01
15626241,-8.526182e-03,7.401979e-01,-1.065014e+00,3.297294e-01
15630337,-8.760601e-03,7.270705e-01,-1.060758e+00,2.911476e-01
15634433,-8.327164e-03,7.112413e-01,-1.062235e+00,2.789604e-01
15638529,-8.868305e-03,7.066495e-01,-1.068991e+00,2.623490e-01
15642625,-6.422415e-03,7.238059e-01,-1.054783e+00,3.018039e-01
15646721,-8.173708e-03,6.920897e-01,-1.053051e+00,3.141182e-01
15650817,-8.229992e-03,6.993180e-01,-1.075655e+00,2.551197e-01
15654913,-7.447149e-03,6.718689e-01,-1.077647e+00,2.487887e-01
15659009,-6.903406e-03,7.817039e-01,-1.082185e+00,3.445103e-01
15663105,-8.820766e-03,7.078363e-01,-1.062398e+00,3.034455e-01
15667201,-8.562153e-03,7.025483e-01,-1.071222e+00,3.072482e-01
15671297,-8.562685e-03,7.335225e-01,-1.082344e+00,2.821513e-01
15675393,-7.310375e-03,7.420294e-01,-1.077396e+00,3.131372e-01
15679489,-7.269986e-03,7.211142e-01,-1.095070e+00,2.457212e-01
15683585,-9.863843e-03,7.319693e-01,-1.093273e+00,2.681549e-01
15687681,-8.250279e-03,7.364781e-01,-1.095744e+00,2.817849e-01
15691777,-8.396479e-03,7.308979e-01,-1.101289e+00,2.951917e-01
15695873,-6.545990e-03,6.822536e-01,-1.087818e+00,2.370632e-01
15699969,-6.795981e-03,7.686153e-01,-1.097343e+00,3.169491e-01
15704065,-7.832989e-03,7.635169e-01,-1.091334e+00,2.898126e-01
15708161,-7.354840e-03,7.442607e-01,-1.128912e+00,3.061292e-01
15712257,-6.532552e-03,7.288436e-01,-1.107649e+00,2.872795e-01
15716353,-7.826714e-03,7.122897e-01,-1.128789e+00,2.740193e-01
15720449,-8.152859e-03,7.193319e-01,-1.127112e+00,2.973281e-01
15724545,-7.856928e-03,7.137351e-01,-1.101210e+00,2.842635e-01
15728641,-7.134916e-03,7.166377e-01,-1.113305e+00,2.724309e-01
15732737,-8.569208e-03,6.483978e-01,-1.140335e+00,2.606852e-01
15736833,-7.524152e-03,7.070740e-01,-1.131544e+00,2.993149e-01
15740929,-1.014940e-02,7.282158e-01,-1.124749e+00,2.925977e-01
15745025,-9.189802e-03,7.021689e-01,-1.100366e+00,2.651428e-01
15749121,-8.140662e-03,7.407603e-01,-1.093740e+00,2.932895e-01
15753217,-6.965091e-03,7.129237e-01,-1.081876e+00,3.112506e-01
15757313,-8.490497e-03,7.569688e-01,-1.082427e+00,3.026323e-01
15761409,-8.098229e-03,6.953529e-01,-1.142106e+00,2.624801e-01
15765505,-6.962985e-03,7.339319e-01,-1.102976e+00,2.978472e-01
15769601,-7.663241e-03,7.376884e-01,-1.110922e+00,3.126927e-01
15773697,-9.241150e-03,7.273779e-01,-1.146334e+00,2.805789e-01
15777793,-6.218929e-03,7.110412e-01,-1.125338e+00,2.828422e-01
15781889,-7.705987e-03,7.549276e-01,-1.096141e+00,2.741130e-01
15785985,-7.456869e-03,6.867133e-01,-1.106357e+00,2.786758e-01
15790081,-6.768285e-03,7.065601e-01,-1.090311e+00,2.840805e-01
15794177,-7.840898e-03,6.784451e-01,-1.104043e+00,2.597352e-01
15798273,-8.053145e-03,7.035712e-01,-1.121657e+00,2.576498e-01
15802369,-6.566659e-03,6.917890e-01,-1.091711e+00,2.547499e-01
15806465,-6.759032e-03,7.557220e-01,-1.100265e+00,3.105349e-01
15810561,-7.622220e-03,6.688467e-01,-1.109470e+00,2.496705e-01
15814657,-8.226061e-03,6.810235e-01,-1.102745e+00,2.599107e-01
15818753,-6.773182e-03,7.024117e-01,-1.098080e+00,3.096108e-01
15822849,-7.816074e-03,6.640397e-01,-1.097981e+00,2.855927e-01
15826945,-7.309157e-03,6.404266e-01,-1.110600e+00,2.409322e-01
15831041,-7.121398e-03,7.000440e-01,-1.121211e+00,2.722898e-01
15835137,-7.895508e-03,7.019329e-01,-1.108910e+00,2.562973e-01
15839233,-7.086620e-03,7.260749e-01,-1.112225e+00,3.070761e-01
15843329,-1.034317e-02,6.819459e-01,-1.094082e+00,2.653551e-01
15847425,-7.177342e-03,6.742843e-01,-1.112724e+00,2.329978e-01
15851521,-6.556891e-03,7.299473e-01,-1.103701e+00,2.848090e-01
15855617,-8.438695e-03,6.528518e-01,-1.096129e+00,2.572814e-01
15859713,-7.525767e-03,6.903677e-01,-1.125193e+00,2.546255e-01
15863809,-8.432573e-03,6.565064e-01,-1.115222e+00,2.556376e-01
15867905,-8.544432e-03,6.799816e-01,-1.104470e+00,2.386114e-01
15872001,-8.710587e-03,6.200909e-01,-1.077908e+00,2.223724e-01
15876097,-8.627610e-03,6.577203e-01,-1.086037e+00,2.404062e-01
15880193,-6.215190e-03,6.787979e-01,-1.086985e+00,2.699136e-01
15884289,-7.606985e-03,7.118619e-01,-1.063501e+00,2.943516e-01
15888385,-7.059993e-03,6.724387e-01,-1.098769e+00,2.465575e-01
15892481,-6.771077e-03,7.404463e-01,-1.083633e+00,2.772419e-01
15896577,-9.741648e-03,7.108623e-01,-1.089922e+00,2.605674e-01
15900673,-6.464146e-03,6.957858e-01,-1.083328e+00,2.895169e-01
15904769,-9.852114e-03,7.183717e-01,-1.108571e+00,2.864349e-01
15908865,-7.286723e-03,6.420529e-01,-1.071355e+00,2.403796e-01
15912961,-7.268096e-03,6.850837e-01,-1.103880e+00,2.759350e-01
15917057,-9.872144e-03,7.171146e-01,-1.076297e+00,2.957981e-01
15921153,-6.649506e-03,6.437219e-01,-1.082744e+00,2.438262e-01
15925249,-7.346588e-03,7.325177e-01,-1.076690e+00,2.947332e-01
15929345,-6.680483e-03,6.748096e-01,-1.093458e+00,2.888164e-01
15933441,-8.628767e-03,7.179013e-01,-1.098429e+00,2.869673e-01
15937537,-8.828817e-03,7.061759e-01,-1.070280e+00,2.646210e-01
15941633,-8.776816e-03,7.421752e-01,-1.077923e+00,3.291374e-01
15945729,-7.029412e-03,7.040098e-01,-1.094106e+00,2.862060e-01
15949825,-8.461354e-03,7.161177e-01,-1.076520e+00,2.809900e-01
15953921,-1.041348e-02,7.531160e-01,-1.077296e+00,3.219515e-01
15958017,-6.524513e-03,7.615598e-01,-1.062401e+00,3.115382e-01
15962113,-7.130805e-03,7.615633e-01,-1.066961e+00,3.206370e-01
15966209,-8.379173e-03,7.805357e-01,-1.067778e+00,3.359094e-01
15970305,-7.947679e-03,7.800063e-01,-1.040992e+00,3.139912e-01
15974401,-8.715621e-03,7.685084e-01,-1.032543e+00,3.202147e-01
15978497,-7.099463e-03,7.861020e-01,-1.040978e+00,3.357524e-01
15982593,-5.949996e-03,7.570479e-01,-1.036023e+00,3.087000e-01
15986689,-8.097335e-03,7.387383e-01,-1.055932e+00,2.729692e-01
15990785,-7.927854e-03,7.657100e-01,-1.056601e+00,3.085572e-01
15994881,-6.760657e-03,6.985690e-01,-1.052020e+00,2.825332e-01
15998977,-7.885871e-03,7.407984e-01,-1.057616e+00,2.735721e-01
16003073,-7.951315e-03,7.896197e-01,-1.048834e+00,3.207316e-01
16007169,-8.154325e-03,7.826882e-01,-1.044447e+00,3.257670e-01
16011265,-7.450521e-03,6.892749e-01,-1.038696e+00,2.819380e-01
16015361,-7.094353e-03,7.150175e-01,-1.039450e+00,2.951706e-01
16019457,-7.916032e-03,7.234687e-01,-1.083637e+00,3.071999e-01
16023553,-7.816571e-03,7.263926e-01,-1.062738e+00,2.918696e-01
16027649,-6.928881e-03,7.133981e-01,-1.044658e+00,3.100817e-01
16031745,-7.606354e-03,7.344010e-01,-1.064096e+00,3.066691e-01
16035841,-7.605670e-03,7.197313e-01,-1.089584e+00,2.670836e-01
16039937,-6.638066e-03,7.404802e-01,-1.073450e+00,2.761545e-01
16044033,-7.708454e-03,7.744341e-01,-1.060217e+00,3.090801e-01
16048129,-6.849239e-03,7.428368e-01,-1.075494e+00,3.173487e-01
16052225,-8.176332e-03,7.042619e-01,-1.083740e+00,2.917628e-01
16056321,-7.225378e-03,7.059754e-01,-1.099050e+00,2.894202e-01
16060417,-6.720048e-03,7.572278e-01,-1.092846e+00,3.004083e-01
16064513,-7.034835e-03,7.486715e-01,-1.112336e+00,3.077759e-01
16068609,-6.722496e-03,7.168470e-01,-1.089641e+00,2.928060e-01
16072705,-9.292368e-03,7.124544e-01,-1.109097e+00,2.722189e-01
16076801,-8.182705e-03,7.230651e-01,-1.107224e+00,2.718852e-01
16080897,-5.884464e-03,7.212488e-01,-1.122307e+00,2.844696e-01
16084993,-8.108191e-03,7.183255e-01,-1.113767e+00,2.697521e-01
16089089,-7.369725e-03,7.237693e-01,-1.111525e+00,2.900966e-01
16093185,-8.669876e-03,7.447874e-01,-1.101885e+00,2.920230e-01
16097281,-8.807857e-03,7.346716e-01,-1.090357e+00,3.252402e-01
16101377,-7.692681e-03,6.842778e-01,-1.103634e+00,2.621591e-01
16105473,-6.332134e-03,7.808540e-01,-1.104733e+00,3.019784e-01
16109569,-6.888685e-03,7.371009e-01,-1.076273e+00,3.289996e-01
16113665,-8.513692e-03,7.368424e-01,-1.097702e+00,2.961548e-01
16117761,-7.286469e-03,7.226461e-01,-1.117520e+00,2.837794e-01
16121857,-9.331550e-03,6.958103e-01,-1.128475e+00,2.720924e-01
16125953,-7.161859e-03,7.050029e-01,-1.129754e+00,2.617198e-01
16130049,-7.992752e-03,7.187786e-01,-1.114146e+00,2.646092e-01
16134145,-6.661421e-03,6.895502e-01,-1.093543e+00,2.720703e-01
16138241,-8.075291e-03,6.841902e-01,-1.116486e+00,2.521060e-01
16142337,-7.388940e-03,6.827732e-01,-1.136542e+00,2.884973e-01
16146433,-9.911858e-03,7.435257e-01,-1.107227e+00,3.161153e-01
16150529,-9.039637e-03,7.337263e-01,-1.115918e+00,3.212100e-01
16154625,-9.077462e-03,6.733634e-01,-1.110504e+00,2.428271e-01
16158721,-8.057761e-03,6.834628e-01,-1.107841e+00,2.522555e-01
16162817,-7.924788e-03,7.007147e-01,-1.140665e+00,2.861019e-01
16166913,-8.609926e-03,7.613681e-01,-1.136828e+00,3.240280e-01
16171009,-9.447594e-03,6.790079e-01,-1.109582e+00,2.691900e-01
16175105,-9.045812e-03,7.247220e-01,-1.101820e+00,2.870918e-01
16179201,-7.478404e-03,7.363698e-01,-1.128726e+00,2.959485e-01
16183297,-8.490875e-03,6.722851e-01,-1.081473e+00,2.989087e-01
16187393,-7.527985e-03,7.142479e-01,-1.103457e+00,2.606094e-01
16191489,-7.560490e-03,6.768495e-01,-1.095588e+00,2.691318e-01
16195585,-7.900371e-03,6.697544e-01,-1.101553e+00,2.963026e-01
16199681,-8.369923e-03,7.091715e-01,-1.087992e+00,2.905223e-01
16203777,-6.581141e-03,7.159814e-01,-1.088358e+00,3.086138e-01
16207873,-7.269061e-03,6.742705e-01,-1.088736e+00,2.523766e-01
16211969,-8.885113e-03,6.566664e-01,-1.090183e+00,2.476718e-01
16216065,-8.116885e-03,6.072038e-01,-1.095341e+00,2.626795e-01
16220161,-7.421133e-03,6.547080e-01,-1.104058e+00,2.517279e-01
16224257,-7.144075e-03,6.887285e-01,-1.083589e+00,2.708409e-01
16228353,-7.326087e-03,7.015842e-01,-1.079387e+00,3.057526e-01
16232449,-7.554221e-03,6.403335e-01,-1.104920e+00,2.344141e-01
16236545,-8.385260e-03,6.773355e-01,-1.093999e+00,2.843255e-01
16240641,-8.309860e-03,6.913919e-01,-1.101540e+00,2.925728e-01
16244737,-6.976136e-03,7.098872e-01,-1.095506e+00,2.786945e-01
16248833,-7.599126e-03,7.880077e-01,-1.076874e+00,3.114021e-01
16252929,-7.856203e-03,6.952899e-01,-1.090539e+00,2.854262e-01
16257025,-8.014883e-03,7.595605e-01,-1.068303e+00,3.363970e-01
16261121,-7.767698e-03,7.239763e-01,-1.058376e+00,2.852674e-01
16265217,-8.750514e-03,7.045682e-01,-1.064639e+00,2.954105e-01
16269313,-7.032764e-03,6.937694e-01,-1.045150e+00,2.850501e-01
16273409,-9.215522e-03,7.194710e-01,-1.058808e+00,3.030452e-01
16277505,-8.575866e-03,6.478861e-01,-1.065814e+00,2.743902e-01
16281601,-7.841672e-03,6.739631e-01,-1.080547e+00,2.653705e-01
16285697,-8.813002e-03,6.786558e-01,-1.097131e+00,2.594338e-01
16289793,-8.176968e-03,7.141976e-01,-1.079012e+00,2.816944e-01
16293889,-8.271923e-03,6.644460e-01,-1.077479e+00,2.637490e-01
16297985,-7.089226e-03,6.609931e-01,-1.056049e+00,2.397737e-01
16302081,-7.945834e-03,6.550479e-01,-1.041205e+00,2.607003e-01
16306177,-8.226277e-03,6.430380e-01,-1.068812e+00,2.368256e-01
16310273,-8.072352e-03,6.909619e-01,-1.058628e+00,2.883570e-01
16314369,-9.252186e-03,7.063016e-01,-1.050481e+00,2.858051e-01
16318465,-8.205006e-03,6.830514e-01,-1.051396e+00,2.501375e-01
16322561,-7.525279e-03,6.537388e-01,-1.044487e+00,2.613115e-01
16326657,-7.732330e-03,6.697716e-01,-1.082264e+00,2.639178e-01
16330753,-6.817936e-03,7.151889e-01,-1.064440e+00,2.985827e-01
16334849,-8.088010e-03,6.599500e-01,-1.074951e+00,2.544802e-01
16338945,-7.804450e-03,6.597555e-01,-1.096894e+00,2.473649e-01
16343041,-7.069139e-03,6.632309e-01,-1.096337e+00,2.514716e-01
16347137,-7.801306e-03,6.682677e-01,-1.063581e+00,2.454696e-01
16351233,-8.310426e-03,5.850736e-01,-1.095565e+00,1.917233e-01
16355329,-9.620788e-03,6.707130e-01,-1.062849e+00,2.520679e-01
16359425,-7.396976e-03,7.166588e-01,-1.067663e+00,2.740537e-01
16363521,-9.285301e-03,6.571867e-01,-1.052900e+00,2.338027e-01
16367617,-9.153791e-03,6.999828e-01,-1.045325e+00,2.847691e-01
16371713,-7.369172e-03,6.572960e-01,-1.073273e+00,2.642157e-01
16375809,-9.100508e-03,6.157746e-01,-1.081970e+00,2.300109e-01
16379905,-8.264126e-03,6.440172e-01,-1.082128e+00,2.550777e-01
16384001,-6.820641e-03,6.138537e-01,-1.085450e+00,2.426565e-01
16388097,-7.858402e-03,6.510455e-01,-1.072513e+00,2.880194e-01
16392193,-8.580658e-03,6.699600e-01,-1.072161e+00,2.664152e-01
16396289,-6.841056e-03,7.115621e-01,-1.085143e+00,2.971276e-01
16400385,-8.748626e-03,6.383609e-01,-1.090022e+00,2.659426e-01
16404481,-6.748554e-03,6.268854e-01,-1.087607e+00,2.384186e-01
16408577,-7.380813e-03,6.590816e-01,-1.084417e+00,2.583970e-01
16412673,-8.495247e-03,6.708507e-01,-1.066295e+00,2.748584e-01
16416769,-8.087322e-03,7.070515e-01,-1.071020e+00,2.926251e-01
16420865,-8.634395e-03,6.628522e-01,-1.071899e+00,2.715582e-01
16424961,-9.033466e-03,7.216459e-01,-1.046581e+00,3.005024e-01
16429057,-8.370032e-03,6.952490e-01,-1.063568e+00,2.821605e-01
16433153,-7.979604e-03,6.922208e-01,-1.069409e+00,2.631018e-01
16437249,-6.861350e-03,6.663987e-01,-1.092001e+00,2.790271e-01
16441345,-7.697883e-03,7.130345e-01,-1.079275e+00,3.075393e-01
16445441,-7.648713e-03,7.837599e-01,-1.062947e+00,3.040894e-01
16449537,-8.257812e-03,7.181439e-01,-1.067343e+00,3.086480e-01
16453633,-8.735979e-03,7.103239e-01,-1.055010e+00,3.116729e-01
16457729,-5.955163e-03,7.526895e-01,-1.049084e+00,3.134866e-01
16461825,-8.920075e-03,6.861186e-01,-1.039340e+00,2.832463e-01
16465921,-6.550338e-03,7.152004e-01,-1.043589e+00,3.130122e-01
16470017,-7.757830e-03,6.910292e-01,-1.031471e+00,2.939328e-01
16474113,-8.724124e-03,6.938513e-01,-1.034885e+00,2.685067e-01
16478209,-8.450501e-03,7.459406e-01,-1.010735e+00,3.177939e-01
16482305,-8.637182e-03,7.029215e-01,-1.024673e+00,2.714857e-01
16486401,-7.987951e-03,7.188131e-01,-1.017401e+00,2.774658e-01
16490497,-7.476622e-03,7.366499e-01,-1.042345e+00,2.943727e-01
16494593,-8.881590e-03,6.722468e-01,-1.033134e+00,2.414487e-01
16498689,-9.341746e-03,6.846787e-01,-1.044924e+00,2.647145e-01
16502785,-7.014752e-03,6.759502e-01,-1.056990e+00,2.965432e-01
16506881,-8.097845e-03,7.120977e-01,-1.059555e+00,2.673536e-01
16510977,-7.864691e-03,6.839410e-01,-1.070931e+00,2.664977e-01
16515073,-8.236824e-03,6.542556e-01,-1.081469e+00,2.589725e-01
16519169,-9.123698e-03,6.511297e-01,-1.059637e+00,2.683969e-01
16523265,-7.192752e-03,7.182771e-01,-1.083734e+00,2.596364e-01
16527361,-7.193985e-03,7.062107e-01,-1.049724e+00,2.850690e-01
16531457,-7.207403e-03,7.296928e-01,-1.051819e+00,2.713621e-01
16535553,-7.434185e-03,6.757971e-01,-1.059570e+00,2.867767e-01
16539649,-8.245076e-03,6.928795e-01,-1.061549e+00,2.941172e-01
16543745,-7.973689e-03,7.321688e-01,-1.080129e+00,2.935227e-01
16547841,-7.753680e-03,7.004154e-01,-1.064193e+00,2.732942e-01
16551937,-8.559095e-03,6.826819e-01,-1.061885e+00,2.716673e-01
16556033,-8.118995e-03,7.263926e-01,-1.062906e+00,2.793919e-01
16560129,-8.890878e-03,7.489791e-01,-1.062426e+00,3.183811e-01
16564225,-6.219381e-03,6.786481e-01,-1.042176e+00,2.595027e-01
16568321,-8.378084e-03,6.967921e-01,-1.036794e+00,2.501674e-01
16572417,-7.440500e-03,7.111207e-01,-1.058194e+00,2.870135e-01
16576513,-8.095520e-03,6.617588e-01,-1.064831e+00,2.606598e-01
16580609,-7.271749e-03,6.653034e-01,-1.066833e+00,2.925174e-01
16584705,-8.213669e-03,7.221188e-01,-1.047779e+00,2.757226e-01
16588801,-6.569508e-03,6.735404e-01,-1.070938e+00,2.589410e-01
16592897,-7.043371e-03,7.052957e-01,-1.083925e+00,3.003487e-01
16596993,-7.196828e-03,7.108529e-01,-1.099968e+00,2.514923e-01
16601089,-6.745368e-03,6.948972e-01,-1.081501e+00,2.504935e-01
16605185,-7.679875e-03,7.019486e-01,-1.065277e+00,2.809953e-01
16609281,-6.921091e-03,7.507306e-01,-1.076547e+00,2.856525e-01
16613377,-8.473714e-03,6.978584e-01,-1.050818e+00,2.742574e-01
16617473,-8.530294e-03,6.956475e-01,-1.065449e+00,3.139824e-01
16621569,-6.387431e-03,6.925591e-01,-1.061189e+00,2.547241e-01
16625665,-8.363695e-03,7.157556e-01,-1.089158e+00,2.998500e-01
16629761,-8.062402e-03,6.534124e-01,-1.106713e+00,2.612634e-01
16633857,-9.530151e-03,6.739215e-01,-1.093213e+00,2.538311e-01
16637953,-6.200353e-03,6.765704e-01,-1.085235e+00,2.724701e-01
16642049,-7.989729e-03,6.714180e-01,-1.090584e+00,2.699363e-01
16646145,-7.337930e-03,6.235268e-01,-1.090915e+00,2.276480e-01
16650241,-8.435222e-03,6.323658e-01,-1.080323e+00,2.470505e-01
16654337,-7.544150e-03,6.907345e-01,-1.089953e+00,2.616836e-01
16658433,-8.597969e-03,5.900170e-01,-1.088233e+00,2.060507e-01
16662529,-8.224764e-03,6.046627e-01,-1.120687e+00,2.281956e-01
16666625,-7.795964e-03,6.533232e-01,-1.111197e+00,2.621602e-01
16670721,-8.177503e-03,6.537069e-01,-1.105394e+00,2.337974e-01
16674817,-6.426485e-03,6.490732e-01,-1.099254e+00,2.442722e-01
16678913,-8.280553e-03,6.944296e-01,-1.088114e+00,2.965179e-01
16683009,-9.257750e-03,6.840841e-01,-1.049163e+00,2.594159e-01
16687105,-7.551691e-03,6.500917e-01,-1.040952e+00,2.724444e-01
16691201,-7.509021e-03,6.845394e-01,-1.060602e+00,2.711759e-01
16695297,-6.741271e-03,6.711426e-01,-1.046497e+00,2.841733e-01
16699393,-6.031955e-03,6.470687e-01,-1.042936e+00,2.442656e-01
16703489,-7.108683e-03,6.707868e-01,-1.049792e+00,2.532029e-01
16707585,-7.327458e-03,6.601385e-01,-1.042116e+00,2.446172e-01
16711681,-7.042443e-03,6.401184e-01,-1.063087e+00,2.462826e-01
16715777,-9.508679e-03,6.232312e-01,-1.087581e+00,2.411960e-01
16719873,-7.289607e-03,6.317364e-01,-1.032784e+00,2.482633e-01
16723969,-9.592585e-03,6.802024e-01,-1.038093e+00,2.569013e-01
16728065,-7.159344e-03,7.132907e-01,-1.033977e+00,3.028621e-01
16732161,-6.246294e-03,6.684156e-01,-1.061663e+00,2.617078e-01
16736257,-7.550085e-03,7.040710e-01,-1.076444e+00,2.641258e-01
16740353,-8.302660e-03,7.034375e-01,-1.059789e+00,2.392340e-01
16744449,-6.492355e-03,6.725769e-01,-1.048466e+00,2.772712e-01
16748545,-8.033888e-03,6.983882e-01,-1.033610e+00,2.888206e-01
16752641,-6.595787e-03,6.698041e-01,-1.029502e+00,2.864575e-01
16756737,-6.889110e-03,6.975551e-01,-1.019692e+00,2.752336e-01
16760833,-8.584979e-03,7.036365e-01,-1.033902e+00,2.779191e-01
16764929,-6.610256e-03,7.202316e-01,-1.040726e+00,2.977645e-01
16769025,-7.564444e-03,7.152208e-01,-1.056890e+00,2.987813e-01
16773121,-7.580974e-03,6.690215e-01,-1.061305e+00,2.754958e-01
16777217,-6.374559e-03,6.657723e-01,-1.049078e+00,2.650546e-01
16781313,-6.622995e-03,6.982573e-01,-1.065051e+00,2.792312e-01
16785409,-7.324258e-03,7.281620e-01,-1.082719e+00,3.084232e-01
16789505,-8.857254e-03,6.879840e-01,-1.079064e+00,2.482213e-01
16793601,-8.021002e-03,6.653631e-01,-1.090241e+00,2.725341e-01
16797697,-7.821853e-03,6.887320e-01,-1.094680e+00,2.918638e-01
16801793,-6.937109e-03,7.209710e-01,-1.079315e+00,2.880668e-01
16805889,-7.315199e-03,6.907397e-01,-1.080623e+00,2.780302e-01
16809985,-8.192696e-03,6.635797e-01,-1.065834e+00,2.687399e-01
16814081,-8.410261e-03,6.708033e-01,-1.087861e+00,2.937482e-01
16818177,-8.869557e-03,6.772552e-01,-1.068776e+00,2.626797e-01
16822273,-8.345528e-03,6.919059e-01,-1.079644e+00,3.020878e-01
16826369,-6.492495e-03,6.509489e-01,-1.066231e+00,2.435403e-01
16830465,-6.958651e-03,5.965232e-01,-1.070012e+00,2.240253e-01
16834561,-9.229703e-03,6.624759e-01,-1.075051e+00,2.594069e-01
16838657,-6.963484e-03,6.827520e-01,-1.086650e+00,2.861149e-01
16842753,-7.840173e-03,6.428955e-01,-1.089164e+00,2.697835e-01
16846849,-6.409866e-03,6.319316e-01,-1.095178e+00,2.452957e-01
16850945,-8.438052e-03,6.312268e-01,-1.081240e+00,2.544938e-01
16855041,-7.908183e-03,6.658592e-01,-1.103007e+00,2.672362e-01
16859137,-8.226679e-03,6.520468e-01,-1.126692e+00,2.538334e-01
16863233,-6.954318e-03,6.475000e-01,-1.101224e+00,2.348154e-01
16867329,-8.730693e-03,6.820769e-01,-1.090804e+00,2.608107e-01
16871425,-8.782437e-03,7.819678e-01,-1.086954e+00,3.355001e-01
16875521,-8.228473e-03,7.170176e-01,-1.083733e+00,2.778942e-01
16879617,-9.321317e-03,6.482102e-01,-1.092295e+00,2.290440e-01
16883713,-7.953323e-03,7.271961e-01,-1.083490e+00,2.930866e-01
16887809,-7.854908e-03,7.232899e-01,-1.093064e+00,2.905912e-01
16891905,-8.070832e-03,7.292791e-01,-1.060206e+00,3.126435e-01
16896001,-8.005698e-03,7.005706e-01,-1.084206e+00,2.682016e-01
16900097,-7.251876e-03,6.970832e-01,-1.074795e+00,2.774684e-01
16904193,-8.798365e-03,7.154276e-01,-1.074757e+00,2.991185e-01
16908289,-8.366557e-03,7.226947e-01,-1.088574e+00,2.814219e-01
16912385,-6.989374e-03,7.073991e-01,-1.093681e+00,2.898243e-01
16916481,-9.481762e-03,7.077166e-01,-1.095403e+00,2.576896e-01
16920577,-7.204019e-03,7.443670e-01,-1.102217e+00,2.704430e-01
16924673,-8.948104e-03,7.087277e-01,-1.087007e+00,2.758728e-01
16928769,-8.964061e-03,7.237421e-01,-1.096643e+00,2.812336e-01
16932865,-8.312811e-03,7.327989e-01,-1.095057e+00,2.667141e-01
16936961,-7.517335e-03,7.037194e-01,-1.076085e+00,2.960582e-01
16941057,-7.366837e-03,7.352435e-01,-1.065972e+00,3.175993e-01
16945153,-6.669439e-03,7.550061e-01,-1.074166e+00,3.174274e-01
16949249,-6.571194e-03,7.421617e-01,-1.065597e+00,3.048733e-01
16953345,-7.870306e-03,7.877789e-01,-1.083373e+00,3.393045e-01
16957441,-9.410223e-03,7.297540e-01,-1.069441e+00,2.711894e-01
16961537,-7.433292e-03,7.206977e-01,-1.050067e+00,2.928309e-01
16965633,-8.184120e-03,7.775508e-01,-1.071192e+00,3.106687e-01
16969729,-7.759739e-03,7.080541e-01,-1.061513e+00,2.900110e-01
16973825,-7.628121e-03,7.011692e-01,-1.065452e+00,2.668906e-01
16977921,-7.579512e-03,7.219844e-01,-1.072263e+00,3.176501e-01
16982017,-9.426925e-03,7.319989e-01,-1.051421e+00,2.878705e-01
16986113,-9.551035e-03,7.470101e-01,-1.070623e+00,3.158544e-01
16990209,-8.961190e-03,7.449711e-01,-1.078243e+00,3.068749e-01
16994305,-8.129009e-03,7.080537e-01,-1.076801e+00,2.748280e-01
16998401,-8.263969e-03,7.406516e-01,-1.074687e+00,3.021915e-01
17002497,-8.240575e-03,7.190598e-01,-1.109658e+00,3.037249e-01
17006593,-7.721504e-03,7.273264e-01,-1.082889e+00,3.013871e-01
17010689,-7.406994e-03,7.291092e-01,-1.099779e+00,2.898561e-01
17014785,-6.927086e-03,7.532430e-01,-1.103245e+00,3.244994e-01
17018881,-9.102555e-03,7.044476e-01,-1.089555e+00,2.710337e-01
17022977,-8.399045e-03,6.780906e-01,-1.092104e+00,2.672704e-01
17027073,-8.876967e-03,7.437818e-01,-1.117378e+00,3.110687e-01
17031169,-9.853697e-03,7.260455e-01,-1.095446e+00,2.775440e-01
17035265,-6.706277e-03,7.508785e-01,-1.116182e+00,3.110974e-01
17039361,-5.414908e-03,7.153412e-01,-1.120034e+00,3.072110e-01
17043457,-9.210085e-03,7.161909e-01,-1.095233e+00,2.699132e-01
17047553,-6.733303e-03,7.141785e-01,-1.105962e+00,3.213003e-01
17051649,-6.130509e-03,6.818213e-01,-1.117097e+00,2.653427e-01
17055745,-7.634077e-03,6.957685e-01,-1.099996e+00,2.723640e-01
17059841,-7.337125e-03,6.987614e-01,-1.106780e+00,2.691932e-01
17063937,-8.773209e-03,7.039622e-01,-1.117205e+00,2.633147e-01
17068033,-6.976691e-03,7.267452e-01,-1.088340e+00,3.004581e-01
17072129,-8.989724e-03,6.848578e-01,-1.095079e+00,2.579747e-01
17076225,-8.530071e-03,6.538139e-01,-1.096746e+00,2.541021e-01
17080321,-7.947431e-03,6.785816e-01,-1.098953e+00,2.894334e-01
17084417,-8.434014e-03,6.977413e-01,-1.091919e+00,2.711796e-01
17088513,-8.093539e-03,7.384028e-01,-1.086783e+00,2.929244e-01
17092609,-8.214022e-03,6.515507e-01,-1.064759e+00,2.468587e-01
17096705,-7.807720e-03,7.003530e-01,-1.052644e+00,2.624477e-01
17100801,-8.418702e-03,6.900904e-01,-1.084161e+00,2.820388e-01
17104897,-7.657642e-03,7.467343e-01,-1.095013e+00,3.147236e-01
17108993,-1.034493e-02,7.395758e-01,-1.071607e+00,3.178642e-01
17113089,-8.324778e-03,5.761904e-01,-1.103023e+00,2.218874e-01
17117185,-7.687286e-03,6.203820e-01,-1.078108e+00,2.375557e-01
17121281,-7.779648e-03,6.378077e-01,-1.104174e+00,2.462164e-01
17125377,-6.950772e-03,6.037170e-01,-1.089526e+00,2.515990e-01
17129473,-8.198013e-03,6.586100e-01,-1.098706e+00,2.776231e-01
17133569,-7.444534e-03,6.088532e-01,-1.105427e+00,2.171236e-01
17137665,-7.375181e-03,6.523450e-01,-1.106091e+00,2.517604e-01
17141761,-8.310456e-03,6.564958e-01,-1.092359e+00,2.605851e-01
17145857,-8.700121e-03,5.936939e-01,-1.110932e+00,2.075498e-01
17149953,-7.404690e-03,5.969300e-01,-1.077778e+00,2.498485e-01
17154049,-7.124503e-03,6.119950e-01,-1.066333e+00,2.549525e-01
17158145,-7.368935e-03,6.223298e-01,-1.088225e+00,2.577345e-01
17162241,-7.557821e-03,6.191045e-01,-1.094748e+00,2.624537e-01
17166337,-8.672649e-03,6.734423e-01,-1.099868e+00,2.831561e-01
17170433,-7.933652e-03,6.292382e-01,-1.094855e+00,2.485266e-01
17174529,-6.920291e-03,6.594904e-01,-1.112618e+00,2.769186e-01
17178625,-6.586083e-03,6.748620e-01,-1.109768e+00,2.582942e-01
17182721,-6.967593e-03,6.816879e-01,-1.117602e+00,2.817690e-01
17186817,-8.840240e-03,7.149243e-01,-1.120315e+00,2.940475e-01
17190913,-8.893537e-03,6.768329e-01,-1.115478e+00,2.948091e-01
17195009,-9.926194e-03,7.130467e-01,-1.112323e+00,2.735074e-01
17199105,-7.117053e-03,7.068224e-01,-1.099527e+00,2.777606e-01
17203201,-6.998024e-03,7.136314e-01,-1.094990e+00,2.870861e-01
17207297,-8.257663e-03,7.104609e-01,-1.110459e+00,2.855454e-01
17211393,-8.430155e-03,6.419154e-01,-1.109643e+00,2.318020e-01
17215489,-8.495433e-03,6.346699e-01,-1.129752e+00,2.517154e-01
17219585,-8.608341e-03,6.873803e-01,-1.113573e+00,2.615443e-01
17223681,-8.199413e-03,6.519959e-01,-1.094988e+00,2.469564e-01
17227777,-8.629513e-03,6.386514e-01,-1.095004e+00,2.522374e-01
17231873,-8.606881e-03,7.104710e-01,-1.103363e+00,2.874035e-01
17235969,-7.370177e-03,7.158811e-01,-1.088133e+00,2.855008e-01
17240065,-7.564144e-03,6.867433e-01,-1.092279e+00,2.546452e-01
17244161,-7.834322e-03,6.813416e-01,-1.095387e+00,2.802104e-01
17248257,-9.002846e-03,7.033191e-01,-1.103205e+00,2.740794e-01
17252353,-9.324131e-03,6.599687e-01,-1.116307e+00,2.325748e-01
17256449,-8.945989e-03,7.053823e-01,-1.107601e+00,3.061336e-01
17260545,-8.462539e-03,7.208613e-01,-1.122817e+00,3.122417e-01
17264641,-8.864237e-03,7.265337e-01,-1.125694e+00,3.004975e-01
17268737,-6.904734e-03,7.131579e-01,-1.104970e+00,2.780983e-01
17272833,-6.384438e-03,7.292326e-01,-1.078916e+00,3.052027e-01
17276929,-9.026126e-03,7.181596e-01,-1.067103e+00,2.882628e-01
17281025,-7.486223e-03,7.294192e-01,-1.089902e+00,2.807741e-01
17285121,-1.040651e-02,7.611820e-01,-1.085919e+00,3.216889e-01
17289217,-8.257077e-03,7.183189e-01,-1.101400e+00,2.765326e-01
17293313,-7.926741e-03,8.128287e-01,-1.074906e+00,3.059837e-01
17297409,-8.227317e-03,7.440539e-01,-1.085108e+00,3.040847e-01
17301505,-8.067609e-03,7.551181e-01,-1.074925e+00,3.253917e-01
17305601,-7.696330e-03,7.790362e-01,-1.073634e+00,3.119268e-01
17309697,-7.615941e-03,7.732838e-01,-1.082733e+00,3.109612e-01
17313793,-8.374793e-03,7.250890e-01,-1.074358e+00,2.978281e-01
17317889,-7.426082e-03,7.435320e-01,-1.065320e+00,3.034319e-01
17321985,-7.305353e-03,7.256947e-01,-1.092503e+00,2.952021e-01
17326081,-1.010730e-02,7.192117e-01,-1.111455e+00,3.070161e-01
17330177,-7.363998e-03,7.614246e-01,-1.101109e+00,3.196801e-01
17334273,-7.130074e-03,7.277932e-01,-1.075196e+00,2.923924e-01
17338369,-6.703868e-03,7.454326e-01,-1.077673e+00,3.064202e-01
17342465,-6.875779e-03,7.576828e-01,-1.082027e+00,3.212310e-01
17346561,-7.925491e-03,7.564658e-01,-1.106235e+00,3.170617e-01
17350657,-9.273127e-03,7.470242e-01,-1.082572e+00,2.930149e-01
17354753,-6.399785e-03,7.219428e-01,-1.083884e+00,2.924184e-01
17358849,-9.093695e-03,6.869439e-01,-1.077790e+00,2.703955e-01
17362945,-8.231356e-03,6.839236e-01,-1.087159e+00,2.945819e-01
17367041,-6.904520e-03,7.214425e-01,-1.103264e+00,2.883621e-01
17371137,-6.134394e-03,6.861494e-01,-1.104066e+00,2.688764e-01
17375233,-7.843206e-03,7.440695e-01,-1.091611e+00,2.916495e-01
17379329,-9.200678e-03,7.270158e-01,-1.100664e+00,2.985316e-01
17383425,-8.090326e-03,7.482237e-01,-1.111004e+00,2.885112e-01
17387521,-7.472367e-03,6.851826e-01,-1.094946e+00,2.942117e-01
17391617,-8.246867e-03,7.394829e-01,-1.072933e+00,3.110113e-01
17395713,-8.956640e-03,7.477561e-01,-1.070072e+00,3.379312e-01
17399809,-8.062748e-03,7.541459e-01,-1.069839e+00,3.108428e-01
17403905,-7.619126e-03,7.655316e-01,-1.081651e+00,3.336730e-01
17408001,-7.264301e-03,7.188853e-01,-1.082130e+00,3.062677e-01
17412097,-9.558116e-03,6.701703e-01,-1.068360e+00,2.533494e-01
17416193,-9.605633e-03,6.886630e-01,-1.082762e+00,2.929372e-01
17420289,-9.480619e-03,7.304900e-01,-1.072859e+00,2.689914e-01
17424385,-7.236499e-03,6.539688e-01,-1.084530e+00,2.737697e-01
17428481,-9.184086e-03,6.975430e-01,-1.084002e+00,2.681792e-01
17432577,-8.314671e-03,6.715242e-01,-1.072876e+00,2.581901e-01
17436673,-9.159833e-03,6.513847e-01,-1.071868e+00,2.524689e-01
17440769,-9.292181e-03,6.707581e-01,-1.048625e+00,2.869508e-01
17444865,-8.619317e-03,7.354151e-01,-1.080170e+00,3.015857e-01
17448961,-8.818845e-03,7.330666e-01,-1.062588e+00,3.087820e-01
17453057,-8.026609e-03,7.421017e-01,-1.057786e+00,2.793791e-01
17457153,-8.262552e-03,6.929614e-01,-1.057478e+00,2.643637e-01
17461249,-7.450517e-03,7.540219e-01,-1.075248e+00,2.955289e-01
17465345,-8.967982e-03,7.307227e-01,-1.086662e+00,3.216616e-01
17469441,-8.859375e-03,7.556464e-01,-1.086799e+00,3.233123e-01
17473537,-7.729687e-03,7.956407e-01,-1.087414e+00,3.510651e-01
17477633,-8.335804e-03,7.181687e-01,-1.109587e+00,2.562451e-01
17481729,-6.607600e-03,7.290197e-01,-1.125384e+00,3.062769e-01
17485825,-7.508643e-03,7.754448e-01,-1.086440e+00,3.195163e-01
17489921,-7.784735e-03,7.548397e-01,-1.097350e+00,2.903650e-01
17494017,-7.122244e-03,7.731178e-01,-1.118546e+00,3.203923e-01
17498113,-9.253561e-03,7.651387e-01,-1.095209e+00,3.183037e-01
17502209,-9.002783e-03,8.116881e-01,-1.078858e+00,3.465428e-01
17506305,-8.303478e-03,7.743138e-01,-1.093306e+00,3.068107e-01
17510401,-8.288299e-03,7.519303e-01,-1.119954e+00,2.638741e-01
17514497,-7.738657e-03,7.488526e-01,-1.107581e+00,2.820521e-01
17518593,-8.347550e-03,7.656772e-01,-1.091258e+00,2.826804e-01
17522689,-6.384400e-03,7.527765e-01,-1.093681e+00,2.993104e-01
17526785,-7.179581e-03,7.974969e-01,-1.082056e+00,3.453214e-01
17530881,-6.449662e-03,8.057711e-01,-1.088606e+00,3.251709e-01
17534977,-7.263565e-03,8.380367e-01,-1.091573e+00,3.608382e-01
17539073,-7.559341e-03,7.591550e-01,-1.093047e+00,3.013698e-01
17543169,-8.147359e-03,7.629226e-01,-1.075039e+00,2.962734e-01
17547265,-7.152430e-03,8.263956e-01,-1.087573e+00,3.327633e-01
17551361,-8.643207e-03,8.152321e-01,-1.086832e+00,3.129882e-01
17555457,-7.480200e-03,7.741791e-01,-1.105047e+00,3.283027e-01
17559553,-7.714105e-03,7.717927e-01,-1.106733e+00,3.145697e-01
17563649,-8.480093e-03,7.724762e-01,-1.103217e+00,3.351902e-01
17567745,-7.072784e-03,7.492829e-01,-1.098294e+00,2.756280e-01
17571841,-8.058831e-03,7.354082e-01,-1.093260e+00,2.841952e-01
17575937,-7.829474e-03,7.267194e-01,-1.111289e+00,2.954417e-01
17580033,-8.554797e-03,7.662223e-01,-1.088149e+00,3.087479e-01
17584129,-8.306841e-03,7.938183e-01,-1.074194e+00,3.087258e-01
17588225,-7.550690e-03,7.235017e-01,-1.074940e+00,3.041835e-01
17592321,-6.885342e-03,7.062014e-01,-1.088275e+00,2.491871e-01
17596417,-8.914265e-03,7.605705e-01,-1.090294e+00,3.061111e-01
17600513,-9.171049e-03,7.348598e-01,-1.079539e+00,2.940937e-01
17604609,-7.608854e-03,7.333095e-01,-1.095331e+00,3.138466e-01
17608705,-7.287989e-03,7.465628e-01,-1.096612e+00,3.080413e-01
17612801,-7.127978e-03,7.337155e-01,-1.079831e+00,2.890654e-01
17616897,-6.638682e-03,7.505784e-01,-1.083999e+00,3.112453e-01
17620993,-8.120964e-03,7.199628e-01,-1.085075e+00,2.921498e-01
17625089,-8.718536e-03,7.368267e-01,-1.099971e+00,2.988108e-01
17629185,-6.672766e-03,6.726799e-01,-1.091998e+00,2.652737e-01
17633281,-9.101679e-03,7.318469e-01,-1.086910e+00,2.908469e-01
17637377,-7.198036e-03,7.633923e-01,-1.105828e+00,2.996150e-01
17641473,-8.000223e-03,7.238394e-01,-1.118416e+00,3.319228e-01
17645569,-7.765173e-03,7.330987e-01,-1.095827e+00,2.861710e-01
17649665,-8.668505e-03,7.446183e-01,-1.100604e+00,2.981820e-01
17653761,-8.822301e-03,6.742562e-01,-1.094804e+00,2.750456e-01
17657857,-7.936150e-03,8.127832e-01,-1.105670e+00,3.348989e-01
17661953,-8.120146e-03,7.230156e-01,-1.097455e+00,3.032522e-01
17666049,-9.140380e-03,7.317511e-01,-1.097524e+00,2.965266e-01
17670145,-7.296786e-03,7.313008e-01,-1.070277e+00,3.070576e-01
17674241,-7.975954e-03,7.278462e-01,-1.077521e+00,3.004607e-01
17678337,-7.944931e-03,6.986941e-01,-1.043012e+00,2.916566e-01
17682433,-1.016194e-02,7.747559e-01,-1.055661e+00,3.366550e-01
17686529,-7.667890e-03,7.152084e-01,-1.044736e+00,2.989423e-01
17690625,-7.279908e-03,7.797162e-01,-1.058067e+00,3.079474e-01
17694721,-8.205923e-03,7.615448e-01,-1.108256e+00,3.170544e-01
17698817,-7.061112e-03,7.484712e-01,-1.098512e+00,3.058641e-01
17702913,-1.061939e-02,7.711422e-01,-1.115215e+00,2.956246e-01
17707009,-7.015985e-03,7.415844e-01,-1.103545e+00,3.178945e-01
17711105,-8.612511e-03,7.345253e-01,-1.080447e+00,2.976231e-01
17715201,-6.250237e-03,7.067647e-01,-1.103192e+00,2.763043e-01
17719297,-6.160438e-03,7.298267e-01,-1.094984e+00,2.794786e-01
17723393,-7.887233e-03,7.643038e-01,-1.078403e+00,3.027250e-01
17727489,-7.878397e-03,7.426366e-01,-1.092818e+00,3.011239e-01
17731585,-6.758238e-03,7.242126e-01,-1.092095e+00,3.077180e-01
17735681,-6.741873e-03,7.268644e-01,-1.098044e+00,2.739134e-01
17739777,-6.746554e-03,6.942172e-01,-1.087355e+00,2.784991e-01
17743873,-7.187846e-03,7.457511e-01,-1.088937e+00,3.041382e-01
17747969,-7.209026e-03,6.964352e-01,-1.112968e+00,2.851214e-01
17752065,-7.397653e-03,7.369702e-01,-1.096525e+00,2.948211e-01
17756161,-7.971746e-03,7.386138e-01,-1.131240e+00,2.732140e-01
17760257,-8.839729e-03,7.239576e-01,-1.112807e+00,2.843034e-01
17764353,-9.378120e-03,7.222301e-01,-1.118626e+00,2.729036e-01
17768449,-8.545055e-03,7.094287e-01,-1.122280e+00,3.034430e-01
17772545,-8.056537e-03,7.405837e-01,-1.129754e+00,2.745833e-01
17776641,-8.531008e-03,7.485229e-01,-1.119289e+00,3.187395e-01
17780737,-6.674834e-03,7.449682e-01,-1.136672e+00,3.088776e-01
17784833,-9.169221e-03,7.090254e-01,-1.122876e+00,2.617251e-01
17788929,-8.225275e-03,7.470447e-01,-1.103242e+00,3.081996e-01
17793025,-7.071835e-03,7.228681e-01,-1.102586e+00,2.781045e-01
17797121,-7.379469e-03,7.418697e-01,-1.084006e+00,2.845747e-01
17801217,-9.547385e-03,7.244880e-01,-1.108161e+00,2.958680e-01
17805313,-8.732472e-03,7.053173e-01,-1.077497e+00,2.659785e-01
17809409,-8.477254e-03,7.299893e-01,-1.103264e+00,2.944787e-01
17813505,-7.351594e-03,6.995483e-01,-1.106981e+00,2.906920e-01
17817601,-7.243579e-03,7.224766e-01,-1.082164e+00,3.052333e-01
17821697,-8.780057e-03,7.222325e-01,-1.087576e+00,3.304082e-01
17825793,-8.260461e-03,7.201450e-01,-1.103397e+00,2.936557e-01
17829889,-8.198059e-03,6.881975e-01,-1.093876e+00,2.561639e-01
17833985,-7.467691e-03,7.217981e-01,-1.098780e+00,3.032997e-01
17838081,-7.486331e-03,7.410795e-01,-1.083415e+00,2.815967e-01
17842177,-6.664751e-03,6.980047e-01,-1.091852e+00,2.856992e-01
17846273,-7.697692e-03,7.190495e-01,-1.099701e+00,2.866058e-01
17850369,-7.145872e-03,6.842809e-01,-1.110091e+00,2.786011e-01
17854465,-8.068736e-03,7.176603e-01,-1.104759e+00,2.753372e-01
17858561,-7.823928e-03,7.032391e-01,-1.137036e+00,2.689350e-01
17862657,-7.937658e-03,7.238272e-01,-1.140405e+00,3.152955e-01
17866753,-7.297901e-03,6.785506e-01,-1.110211e+00,2.514859e-01
17870849,-6.808759e-03,7.233645e-01,-1.109074e+00,3.078504e-01
17874945,-7.959528e-03,7.497205e-01,-1.119199e+00,2.828122e-01
17879041,-7.750436e-03,7.008421e-01,-1.103774e+00,2.595624e-01
17883137,-8.851799e-03,7.441440e-01,-1.106738e+00,2.805124e-01
17887233,-7.827341e-03,7.173678e-01,-1.146723e+00,2.782578e-01
17891329,-7.094868e-03,7.123450e-01,-1.143725e+00,2.798281e-01
17895425,-7.805645e-03,7.117928e-01,-1.154019e+00,2.787379e-01
17899521,-8.159232e-03,6.822373e-01,-1.130517e+00,2.773169e-01
17903617,-8.878280e-03,6.786922e-01,-1.113083e+00,2.813658e-01
17907713,-6.114112e-03,6.831850e-01,-1.108758e+00,2.942437e-01
17911809,-8.021060e-03,7.272101e-01,-1.101752e+00,2.872641e-01
17915905,-8.644390e-03,7.489652e-01,-1.109432e+00,3.127194e-01
17920001,-8.530257e-03,7.227317e-01,-1.107197e+00,3.137538e-01
17924097,-7.949717e-03,7.218154e-01,-1.108458e+00,2.843152e-01
17928193,-8.349972e-03,7.167121e-01,-1.087888e+00,2.921925e-01
17932289,-7.716538e-03,6.970226e-01,-1.101786e+00,2.962928e-01
17936385,-8.050780e-03,6.542109e-01,-1.100744e+00,2.569478e-01
17940481,-8.850153e-03,6.575384e-01,-1.104764e+00,2.652524e-01
17944577,-9.030178e-03,7.285234e-01,-1.106930e+00,2.821220e-01
17948673,-7.749075e-03,6.617828e-01,-1.107103e+00,2.442127e-01
17952769,-8.295668e-03,6.696346e-01,-1.100663e+00,2.674482e-01
17956865,-7.961482e-03,6.601704e-01,-1.085391e+00,2.484739e-01
17960961,-6.691282e-03,7.344110e-01,-1.079850e+00,3.104040e-01
17965057,-7.946184e-03,7.132726e-01,-1.104095e+00,2.972018e-01
17969153,-6.964983e-03,7.289203e-01,-1.090923e+00,3.062948e-01
17973249,-8.692295e-03,7.369435e-01,-1.085953e+00,2.959716e-01
17977345,-8.758916e-03,6.726047e-01,-1.088177e+00,2.510378e-01
17981441,-7.419218e-03,7.056335e-01,-1.078971e+00,2.785745e-01
17985537,-8.127262e-03,6.907805e-01,-1.080839e+00,2.925643e-01
17989633,-9.742459e-03,7.262525e-01,-1.091047e+00,2.943526e-01
17993729,-8.703274e-03,7.358586e-01,-1.084193e+00,2.866980e-01
17997825,-7.535749e-03,7.706350e-01,-1.088622e+00,3.234337e-01
18001921,-6.668521e-03,6.970165e-01,-1.094716e+00,2.816708e-01
18006017,-8.740320e-03,6.863204e-01,-1.096713e+00,2.849570e-01
18010113,-6.951145e-03,7.011165e-01,-1.101566e+00,2.694119e-01
18014209,-7.844289e-03,6.261817e-01,-1.103309e+00,2.280135e-01
18018305,-1.005768e-02,6.560515e-01,-1.106514e+00,2.374481e-01
18022401,-9.032916e-03,6.906024e-01,-1.126192e+00,2.712538e-01
18026497,-8.052102e-03,6.632204e-01,-1.119205e+00,2.553413e-01
18030593,-9.359286e-03,6.800185e-01,-1.147615e+00,2.458872e-01
18034689,-6.238887e-03,6.896367e-01,-1.132448e+00,2.507340e-01
18038785,-7.816465e-03,6.839181e-01,-1.137303e+00,2.581415e-01
18042881,-7.338426e-03,7.215804e-01,-1.117915e+00,2.783431e-01
18046977,-8.387270e-03,6.500959e-01,-1.115595e+00,2.533153e-01
18051073,-8.930904e-03,6.239995e-01,-1.147018e+00,2.363554e-01
18055169,-8.374684e-03,7.248485e-01,-1.137526e+00,3.155174e-01
18059265,-8.082331e-03,7.327385e-01,-1.137773e+00,2.915006e-01
18063361,-6.024019e-03,7.037410e-01,-1.104364e+00,2.665727e-01
18067457,-7.504606e-03,7.139505e-01,-1.104748e+00,2.681311e-01
18071553,-8.567574e-03,7.279820e-01,-1.098686e+00,2.986087e-01
18075649,-6.527565e-03,7.596796e-01,-1.100386e+00,3.173418e-01
18079745,-8.027496e-03,7.060404e-01,-1.091044e+00,2.813235e-01
18083841,-8.839006e-03,7.558011e-01,-1.074910e+00,3.063987e-01
18087937,-7.691802e-03,7.400592e-01,-1.061721e+00,2.887853e-01
18092033,-8.772358e-03,7.303705e-01,-1.049014e+00,2.789694e-01
18096129,-6.859786e-03,6.816341e-01,-1.055438e+00,2.883902e-01
18100225,-8.389233e-03,7.194219e-01,-1.046464e+00,2.966913e-01
18104321,-7.301643e-03,6.781043e-01,-1.034005e+00,2.748234e-01
18108417,-8.764470e-03,7.175569e-01,-1.027013e+00,2.783529e-01
18112513,-8.223889e-03,7.820779e-01,-1.028861e+00,3.139049e-01
18116609,-7.171886e-03,7.548185e-01,-1.018938e+00,3.087204e-01
18120705,-6.297334e-03,7.213315e-01,-1.018075e+00,2.951131e-01
18124801,-6.928059e-03,7.206941e-01,-1.008718e+00,2.930204e-01
18128897,-8.831155e-03,7.319082e-01,-1.019231e+00,2.674710e-01
18132993,-7.291768e-03,7.569220e-01,-1.027627e+00,2.976803e-01
18137089,-7.704977e-03,7.087809e-01,-1.023924e+00,2.936901e-01
18141185,-8.312387e-03,8.013619e-01,-1.018277e+00,3.223670e-01
18145281,-8.374769e-03,7.528366e-01,-1.008423e+00,3.215850e-01
18149377,-7.396588e-03,7.601656e-01,-1.023031e+00,3.133405e-01
18153473,-7.701358e-03,6.970919e-01,-1.027960e+00,2.888652e-01
18157569,-7.745301e-03,7.480218e-01,-1.022728e+00,3.071973e-01
18161665,-8.762615e-03,7.497279e-01,-1.033993e+00,3.008624e-01
18165761,-8.726143e-03,7.338895e-01,-1.042264e+00,2.807753e-01
18169857,-8.035347e-03,7.596661e-01,-1.050078e+00,3.374598e-01
18173953,-8.503876e-03,7.060569e-01,-1.052323e+00,2.789555e-01
18178049,-7.134035e-03,7.247152e-01,-1.033872e+00,3.002828e-01
18182145,-9.247446e-03,7.548291e-01,-1.044435e+00,2.928367e-01
18186241,-7.555130e-03,7.699050e-01,-1.042150e+00,3.036558e-01
18190337,-9.626902e-03,7.517836e-01,-1.059769e+00,2.905374e-01
18194433,-8.626564e-03,6.599099e-01,-1.040835e+00,2.542586e-01
18198529,-7.427619e-03,7.637117e-01,-1.041733e+00,3.421681e-01
18202625,-6.412146e-03,7.120815e-01,-1.069010e+00,3.202640e-01
18206721,-9.191062e-03,6.899831e-01,-1.048159e+00,2.594265e-01
18210817,-7.983288e-03,7.067915e-01,-1.078354e+00,3.045639e-01
18214913,-8.560673e-03,6.725459e-01,-1.076046e+00,2.557552e-01
18219009,-8.385921e-03,6.933765e-01,-1.083699e+00,2.717851e-01
18223105,-9.241487e-03,6.660223e-01,-1.085319e+00,2.558974e-01
18227201,-8.424772e-03,7.291497e-01,-1.104186e+00,3.241659e-01
18231297,-9.538393e-03,6.909884e-01,-1.095229e+00,2.779813e-01
18235393,-9.653568e-03,6.230161e-01,-1.101545e+00,2.344680e-01
18239489,-8.756794e-03,6.822320e-01,-1.117395e+00,2.785964e-01
18243585,-8.343100e-03,7.349826e-01,-1.087019e+00,3.163932e-01
18247681,-8.294635e-03,7.316859e-01,-1.085749e+00,2.947298e-01
18251777,-9.490384e-03,6.926489e-01,-1.096918e+00,2.628720e-01
18255873,-7.715043e-03,7.070750e-01,-1.102146e+00,2.809274e-01
18259969,-7.895780e-03,7.136309e-01,-1.112444e+00,2.929254e-01
18264065,-7.964617e-03,6.956117e-01,-1.092400e+00,2.765660e-01
18268161,-8.802850e-03,7.228114e-01,-1.092864e+00,2.766105e-01
18272257,-6.724541e-03,7.530291e-01,-1.068434e+00,3.079816e-01
18276353,-8.091017e-03,7.103398e-01,-1.062429e+00,2.815837e-01
18280449,-8.180385e-03,7.392041e-01,-1.079467e+00,2.831025e-01
18284545,-9.601822e-03,6.794110e-01,-1.077572e+00,2.811702e-01
18288641,-7.510115e-03,7.078857e-01,-1.072634e+00,2.689976e-01
18292737,-6.821700e-03,6.649542e-01,-1.073846e+00,2.734277e-01
18296833,-9.787032e-03,6.483008e-01,-1.074388e+00,2.323666e-01
18300929,-8.378519e-03,6.691460e-01,-1.065988e+00,2.666748e-01
18305025,-7.915488e-03,7.137695e-01,-1.074753e+00,2.758604e-01
18309121,-8.641673e-03,7.269902e-01,-1.058347e+00,2.742700e-01
18313217,-8.140069e-03,6.527891e-01,-1.065480e+00,2.532441e-01
18317313,-8.812544e-03,7.028829e-01,-1.074566e+00,2.666992e-01
18321409,-7.962436e-03,6.906955e-01,-1.083020e+00,2.707254e-01
18325505,-7.761491e-03,6.608779e-01,-1.070442e+00,2.536353e-01
18329601,-9.283541e-03,7.270757e-01,-1.083589e+00,3.076042e-01
18333697,-8.668429e-03,7.108636e-01,-1.096578e+00,3.081161e-01
18337793,-6.654186e-03,7.371968e-01,-1.083213e+00,2.866823e-01
18341889,-7.816529e-03,7.626325e-01,-1.058471e+00,3.031809e-01
18345985,-7.472078e-03,7.119652e-01,-1.061683e+00,2.923396e-01
18350081,-1.085854e-02,7.503740e-01,-1.060916e+00,3.138183e-01
18354177,-8.138045e-03,7.034333e-01,-1.062788e+00,2.791496e-01
18358273,-7.755610e-03,7.340889e-01,-1.085699e+00,2.621365e-01
18362369,-7.073328e-03,6.811190e-01,-1.068987e+00,2.602958e-01
18366465,-7.290515e-03,6.807678e-01,-1.087061e+00,2.921773e-01
18370561,-7.098546e-03,7.112500e-01,-1.095539e+00,2.722973e-01
18374657,-8.894126e-03,7.422680e-01,-1.081892e+00,3.111714e-01
18378753,-7.962701e-03,7.186479e-01,-1.089576e+00,2.796577e-01
18382849,-6.672529e-03,6.160695e-01,-1.082443e+00,2.464062e-01
18386945,-7.325500e-03,7.336958e-01,-1.076830e+00,3.009485e-01
18391041,-7.544927e-03,6.907927e-01,-1.083899e+00,2.508088e-01
18395137,-7.110377e-03,7.449423e-01,-1.080016e+00,3.104163e-01
18399233,-7.311626e-03,8.146146e-01,-1.066403e+00,3.265881e-01
18403329,-7.637386e-03,7.801096e-01,-1.064597e+00,3.276093e-01
18407425,-7.619862e-03,7.334081e-01,-1.054002e+00,2.811435e-01
18411521,-8.322695e-03,7.728228e-01,-1.056291e+00,3.284947e-01
18415617,-8.429298e-03,7.730439e-01,-1.047054e+00,2.974542e-01
18419713,-8.883402e-03,7.609357e-01,-1.060128e+00,3.025010e-01
18423809,-8.787889e-03,7.384711e-01,-1.068330e+00,3.028449e-01
18427905,-7.676539e-03,8.005824e-01,-1.089789e+00,3.258200e-01
18432001,-9.915438e-03,7.652651e-01,-1.057763e+00,3.096993e-01
18436097,-8.864536e-03,7.534685e-01,-1.073010e+00,3.031218e-01
18440193,-8.421578e-03,8.177950e-01,-1.071452e+00,3.291428e-01
18444289,-7.929352e-03,7.896251e-01,-1.080993e+00,3.161305e-01
18448385,-8.093830e-03,7.227784e-01,-1.093794e+00,2.622828e-01
18452481,-7.814379e-03,7.936105e-01,-1.071128e+00,3.283958e-01
18456577,-7.049135e-03,7.347541e-01,-1.089572e+00,2.731005e-01
18460673,-8.014726e-03,7.637137e-01,-1.087933e+00,3.210877e-01
18464769,-7.806912e-03,6.807138e-01,-1.091989e+00,2.305345e-01
18468865,-8.705920e-03,7.177244e-01,-1.090787e+00,3.046993e-01
18472961,-8.554739e-03,6.821780e-01,-1.082102e+00,2.618328e-01
18477057,-8.353448e-03,6.967291e-01,-1.084999e+00,2.680452e-01
18481153,-6.187518e-03,7.439211e-01,-1.093373e+00,3.288806e-01
18485249,-8.481868e-03,7.602592e-01,-1.108006e+00,3.008774e-01
18489345,-6.977128e-03,7.337913e-01,-1.095798e+00,3.208391e-01
18493441,-7.822742e-03,7.319131e-01,-1.092864e+00,3.083954e-01
18497537,-8.332522e-03,6.964738e-01,-1.115284e+00,2.655517e-01
18501633,-7.790923e-03,6.844725e-01,-1.109159e+00,2.689821e-01
18505729,-6.591135e-03,7.098773e-01,-1.095725e+00,2.948228e-01
18509825,-7.861355e-03,7.017946e-01,-1.105800e+00,2.420380e-01
18513921,-8.625389e-03,7.449423e-01,-1.102727e+00,3.186271e-01
18518017,-7.958298e-03,7.063144e-01,-1.107588e+00,2.736850e-01
18522113,-8.200381e-03,7.527791e-01,-1.107017e+00,3.100324e-01
18526209,-7.702373e-03,7.882194e-01,-1.096455e+00,3.032319e-01
18530305,-8.389464e-03,7.146363e-01,-1.101140e+00,2.855731e-01
18534401,-7.142871e-03,7.100009e-01,-1.080221e+00,2.723911e-01
18538497,-7.191125e-03,7.634386e-01,-1.092392e+00,3.505214e-01
18542593,-9.234771e-03,7.660305e-01,-1.090349e+00,3.043567e-01
18546689,-8.165995e-03,7.010561e-01,-1.084952e+00,2.714652e-01
18550785,-7.529625e-03,6.948000e-01,-1.082356e+00,2.742611e-01
18554881,-7.926302e-03,7.001400e-01,-1.093493e+00,2.806264e-01
18558977,-7.659527e-03,7.411910e-01,-1.085604e+00,3.053547e-01
18563073,-8.704622e-03,7.464533e-01,-1.081839e+00,2.843198e-01
18567169,-8.211593e-03,7.274289e-01,-1.072194e+00,2.846572e-01
18571265,-8.045998e-03,7.372964e-01,-1.097023e+00,2.746746e-01
18575361,-7.130496e-03,7.380469e-01,-1.119420e+00,3.039419e-01
18579457,-7.834514e-03,7.497248e-01,-1.109613e+00,3.061278e-01
18583553,-9.480538e-03,7.610034e-01,-1.105275e+00,3.256468e-01
18587649,-9.175896e-03,6.639651e-01,-1.088827e+00,2.495259e-01
18591745,-7.887887e-03,6.939988e-01,-1.102864e+00,2.606857e-01
18595841,-9.522495e-03,7.240706e-01,-1.111427e+00,3.053932e-01
18599937,-8.363831e-03,7.345167e-01,-1.110079e+00,2.748299e-01
18604033,-1.015919e-02,7.279973e-01,-1.136426e+00,2.975085e-01
18608129,-7.705768e-03,7.416008e-01,-1.126205e+00,2.987168e-01
18612225,-8.712716e-03,7.516232e-01,-1.133426e+00,2.589341e-01
18616321,-8.281535e-03,7.196553e-01,-1.106335e+00,2.684029e-01
18620417,-7.724188e-03,6.843971e-01,-1.120346e+00,2.820849e-01
18624513,-9.375992e-03,6.609958e-01,-1.113286e+00,2.551358e-01
18628609,-8.995210e-03,6.885154e-01,-1.132011e+00,2.858064e-01
18632705,-8.206313e-03,6.848329e-01,-1.127563e+00,2.404013e-01
18636801,-8.998300e-03,6.596492e-01,-1.134895e+00,2.409407e-01
18640897,-8.632820e-03,7.471872e-01,-1.135115e+00,2.929645e-01
18644993,-9.011394e-03,7.718497e-01,-1.120515e+00,3.232703e-01
18649089,-8.434920e-03,7.159382e-01,-1.128836e+00,2.836911e-01
18653185,-8.340248e-03,7.392425e-01,-1.142933e+00,2.755583e-01
18657281,-1.023093e-02,7.089598e-01,-1.144688e+00,2.839775e-01
18661377,-9.480274e-03,6.920559e-01,-1.140129e+00,2.571292e-01
18665473,-7.657676e-03,7.339406e-01,-1.143491e+00,2.961733e-01
18669569,-1.001331e-02,7.079235e-01,-1.143796e+00,2.810120e-01
18673665,-1.054936e-02,6.597132e-01,-1.136375e+00,2.421380e-01
18677761,-6.963534e-03,6.228319e-01,-1.128563e+00,2.274505e-01
18681857,-9.000376e-03,7.215648e-01,-1.137182e+00,2.892276e-01
18685953,-6.498370e-03,6.633571e-01,-1.126262e+00,2.711638e-01
18690049,-8.636868e-03,7.197469e-01,-1.138086e+00,2.926648e-01
18694145,-8.110907e-03,6.742141e-01,-1.138900e+00,2.693690e-01
18698241,-1.014102e-02,6.713153e-01,-1.130996e+00,2.658255e-01
18702337,-7.328653e-03,6.998209e-01,-1.128937e+00,2.733146e-01
18706433,-7.661374e-03,6.477714e-01,-1.116472e+00,2.513051e-01
18710529,-7.447402e-03,6.821683e-01,-1.123537e+00,2.494817e-01
18714625,-8.867639e-03,6.832729e-01,-1.120943e+00,2.595410e-01
18718721,-8.396433e-03,6.574444e-01,-1.103789e+00,2.704273e-01
18722817,-9.071867e-03,6.486958e-01,-1.089085e+00,2.364216e-01
18726913,-7.293617e-03,6.781314e-01,-1.075824e+00,2.721041e-01
18731009,-7.596247e-03,6.133967e-01,-1.084255e+00,2.264070e-01
18735105,-8.328873e-03,6.101500e-01,-1.076859e+00,2.364517e-01
18739201,-9.641496e-03,6.021311e-01,-1.092241e+00,2.214745e-01
18743297,-8.494588e-03,6.295479e-01,-1.079744e+00,2.492007e-01
18747393,-8.738795e-03,6.995168e-01,-1.088818e+00,2.602949e-01
18751489,-1.083507e-02,6.196890e-01,-1.094398e+00,2.233422e-01
18755585,-9.809460e-03,6.146796e-01,-1.101009e+00,2.364504e-01
18759681,-7.521131e-03,6.605630e-01,-1.097165e+00,2.546350e-01
18763777,-7.598905e-03,6.864247e-01,-1.080480e+00,2.752267e-01
18767873,-7.199762e-03,7.090008e-01,-1.093491e+00,2.864645e-01
18771969,-8.644495e-03,6.699521e-01,-1.109492e+00,2.764781e-01
18776065,-8.841643e-03,6.743873e-01,-1.109975e+00,2.528948e-01
18780161,-7.971155e-03,6.178724e-01,-1.099230e+00,2.244981e-01
18784257,-9.700598e-03,5.628503e-01,-1.118222e+00,2.080697e-01
18788353,-8.125044e-03,6.286264e-01,-1.113624e+00,2.357959e-01
18792449,-7.666469e-03,5.871140e-01,-1.115571e+00,2.232754e-01
18796545,-1.071819e-02,6.392089e-01,-1.115321e+00,2.571939e-01
18800641,-7.209341e-03,5.912904e-01,-1.132194e+00,2.206056e-01
18804737,-7.724513e-03,5.981209e-01,-1.115022e+00,2.350726e-01
18808833,-7.276632e-03,6.378715e-01,-1.141020e+00,2.650732e-01
18812929,-9.972142e-03,5.954043e-01,-1.122078e+00,2.346660e-01
18817025,-9.310657e-03,6.076295e-01,-1.124221e+00,2.435016e-01
18821121,-8.702635e-03,6.530781e-01,-1.126215e+00,2.450631e-01
18825217,-1.016307e-02,6.536200e-01,-1.110566e+00,2.536711e-01
18829313,-8.904865e-03,6.711837e-01,-1.136292e+00,2.547695e-01
18833409,-1.006196e-02,6.068621e-01,-1.106795e+00,2.283582e-01
18837505,-7.428305e-03,6.668875e-01,-1.112647e+00,2.661397e-01
18841601,-7.557180e-03,6.071111e-01,-1.119560e+00,2.485163e-01
18845697,-7.634362e-03,6.709479e-01,-1.104293e+00,2.392290e-01
18849793,-9.534194e-03,6.939393e-01,-1.103955e+00,2.916914e-01
18853889,-8.725176e-03,7.164088e-01,-1.105841e+00,2.723892e-01
18857985,-7.757129e-03,6.494576e-01,-1.115334e+00,2.507074e-01
18862081,-8.125794e-03,6.361800e-01,-1.102755e+00,2.402209e-01
18866177,-7.644824e-03,6.395482e-01,-1.131757e+00,2.538527e-01
18870273,-8.000230e-03,6.785659e-01,-1.100122e+00,2.318079e-01
18874369,-9.144539e-03,6.619647e-01,-1.109760e+00,2.198173e-01
18878465,-8.995171e-03,6.383679e-01,-1.094534e+00,2.618945e-01
18882561,-8.185303e-03,6.822025e-01,-1.107090e+00,2.663426e-01
18886657,-8.865971e-03,6.339933e-01,-1.102749e+00,2.526672e-01
18890753,-9.377460e-03,6.760606e-01,-1.110309e+00,2.784035e-01
18894849,-8.634951e-03,6.489274e-01,-1.110297e+00,2.612058e-01
18898945,-7.811923e-03,7.188555e-01,-1.102315e+00,2.896804e-01
18903041,-7.798453e-03,6.999323e-01,-1.094380e+00,2.647672e-01
18907137,-9.068551e-03,6.459246e-01,-1.089485e+00,2.404812e-01
18911233,-8.168150e-03,7.170860e-01,-1.086771e+00,2.755156e-01
18915329,-7.648394e-03,6.690173e-01,-1.099839e+00,2.898684e-01
18919425,-8.154189e-03,6.919176e-01,-1.095662e+00,2.713951e-01
18923521,-8.289438e-03,6.672912e-01,-1.090096e+00,2.404967e-01
18927617,-6.715789e-03,6.892812e-01,-1.096905e+00,2.843338e-01
18931713,-8.985438e-03,6.883278e-01,-1.088011e+00,2.860844e-01
18935809,-8.029427e-03,6.415333e-01,-1.071356e+00,2.483144e-01
18939905,-6.420172e-03,6.599661e-01,-1.082539e+00,2.623810e-01
18944001,-8.093226e-03,5.835599e-01,-1.086253e+00,2.086760e-01
18948097,-7.568059e-03,6.015752e-01,-1.081545e+00,2.588544e-01
18952193,-7.998297e-03,6.545116e-01,-1.095027e+00,2.470579e-01
18956289,-9.543625e-03,6.587822e-01,-1.082982e+00,2.447858e-01
18960385,-7.943594e-03,6.862532e-01,-1.086820e+00,2.635122e-01
18964481,-7.539917e-03,6.460365e-01,-1.100991e+00,2.301719e-01
18968577,-6.834785e-03,6.533885e-01,-1.080763e+00,2.335744e-01
18972673,-8.165651e-03,6.541222e-01,-1.084846e+00,2.485204e-01
18976769,-7.949769e-03,6.890495e-01,-1.084239e+00,3.183385e-01
18980865,-8.040350e-03,6.834573e-01,-1.099703e+00,2.767732e-01
18984961,-8.346003e-03,6.203777e-01,-1.083157e+00,2.345974e-01
18989057,-9.620372e-03,6.777664e-01,-1.083284e+00,2.727453e-01
18993153,-6.544424e-03,6.958178e-01,-1.071963e+00,2.725712e-01
18997249,-7.514028e-03,7.799884e-01,-1.064862e+00,2.939192e-01
19001345,-8.704540e-03,7.278736e-01,-1.056939e+00,3.204958e-01
19005441,-9.466714e-03,6.843147e-01,-1.073573e+00,2.576835e-01
19009537,-8.076041e-03,6.993369e-01,-1.084466e+00,2.797809e-01
19013633,-7.734073e-03,7.308255e-01,-1.067639e+00,3.070199e-01
19017729,-8.066486e-03,7.431311e-01,-1.071420e+00,3.004667e-01
19021825,-9.765345e-03,7.498145e-01,-1.070042e+00,3.009817e-01
19025921,-8.032937e-03,7.438284e-01,-1.077806e+00,3.083967e-01
19030017,-8.626942e-03,6.708197e-01,-1.085081e+00,2.793918e-01
19034113,-6.853060e-03,6.684606e-01,-1.102816e+00,2.568042e-01
19038209,-7.369884e-03,6.828517e-01,-1.080783e+00,2.781832e-01
19042305,-6.674340e-03,7.000294e-01,-1.097186e+00,2.783514e-01
19046401,-9.325887e-03,6.782468e-01,-1.092010e+00,2.570357e-01
19050497,-7.823909e-03,7.061288e-01,-1.091520e+00,2.697750e-01
19054593,-9.288348e-03,6.732643e-01,-1.066768e+00,2.741890e-01
19058689,-9.093349e-03,7.456293e-01,-1.078682e+00,2.937536e-01
19062785,-8.587199e-03,7.126460e-01,-1.086380e+00,2.743085e-01
19066881,-7.310110e-03,7.067124e-01,-1.097432e+00,2.805009e-01
19070977,-8.325197e-03,7.582560e-01,-1.090352e+00,3.125461e-01
19075073,-8.420164e-03,6.901291e-01,-1.076815e+00,3.007855e-01
19079169,-8.390945e-03,7.070240e-01,-1.093771e+00,2.857537e-01
19083265,-7.708677e-03,7.091486e-01,-1.105881e+00,2.869078e-01
19087361,-8.793698e-03,7.428997e-01,-1.074629e+00,2.657014e-01
19091457,-7.312629e-03,7.646016e-01,-1.069414e+00,3.325397e-01
19095553,-8.030360e-03,7.188736e-01,-1.071814e+00,2.823946e-01
19099649,-6.530479e-03,6.727232e-01,-1.090645e+00,2.512660e-01
19103745,-7.251362e-03,6.688620e-01,-1.099995e+00,2.509112e-01
19107841,-8.983306e-03,7.098153e-01,-1.095007e+00,2.770166e-01
19111937,-6.796431e-03,7.299458e-01,-1.086466e+00,2.889884e-01
19116033,-8.055308e-03,7.506198e-01,-1.100911e+00,2.947461e-01
19120129,-9.336434e-03,8.051190e-01,-1.098772e+00,3.548173e-01
19124225,-7.329167e-03,7.554153e-01,-1.086514e+00,3.432301e-01
19128321,-8.676503e-03,7.077172e-01,-1.080821e+00,2.877533e-01
19132417,-7.829164e-03,7.128572e-01,-1.087759e+00,2.904536e-01
19136513,-8.904602e-03,7.355940e-01,-1.103433e+00,2.977784e-01
19140609,-8.648835e-03,7.500163e-01,-1.075859e+00,3.262757e-01
19144705,-7.764581e-03,7.684076e-01,-1.099567e+00,3.121481e-01
19148801,-8.629303e-03,6.578616e-01,-1.090145e+00,2.384994e-01
19152897,-6.907100e-03,7.323859e-01,-1.109079e+00,3.032458e-01
19156993,-8.426021e-03,7.420165e-01,-1.095141e+00,3.128755e-01
19161089,-8.107398e-03,7.474839e-01,-1.091614e+00,3.035785e-01
19165185,-7.203762e-03,7.281900e-01,-1.076980e+00,2.814677e-01
19169281,-8.957066e-03,6.789991e-01,-1.086380e+00,2.670995e-01
19173377,-1.000759e-02,7.300350e-01,-1.093291e+00,2.989540e-01
19177473,-8.320923e-03,7.360450e-01,-1.074543e+00,2.780772e-01
19181569,-8.136820e-03,6.906623e-01,-1.072936e+00,2.582931e-01
19185665,-8.755091e-03,6.902383e-01,-1.081066e+00,2.723767e-01
19189761,-8.584779e-03,6.936341e-01,-1.053696e+00,2.893561e-01
19193857,-7.651389e-03,7.567718e-01,-1.080338e+00,3.005848e-01
19197953,-6.787013e-03,7.392915e-01,-1.087191e+00,3.045674e-01
19202049,-6.806064e-03,6.909855e-01,-1.102887e+00,2.763182e-01
19206145,-7.661035e-03,6.737494e-01,-1.080834e+00,3.046539e-01
19210241,-7.703423e-03,7.089632e-01,-1.100690e+00,2.846146e-01
19214337,-6.659761e-03,7.285367e-01,-1.074097e+00,2.695619e-01
19218433,-7.368775e-03,7.122052e-01,-1.079499e+00,3.094358e-01
19222529,-8.226055e-03,7.443569e-01,-1.067854e+00,3.155756e-01
19226625,-7.624930e-03,7.395738e-01,-1.071513e+00,2.987258e-01
19230721,-8.807796e-03,7.435259e-01,-1.044386e+00,2.926528e-01
19234817,-6.236587e-03,7.385616e-01,-1.048827e+00,3.250792e-01
19238913,-8.920685e-03,7.828457e-01,-1.037452e+00,3.215876e-01
19243009,-8.643990e-03,7.420863e-01,-1.032557e+00,3.099520e-01
19247105,-6.040962e-03,7.801474e-01,-1.045795e+00,3.487715e-01
19251201,-7.631425e-03,7.556470e-01,-1.066948e+00,2.915749e-01
19255297,-6.711999e-03,7.638668e-01,-1.054465e+00,3.147835e-01
19259393,-7.595813e-03,7.820639e-01,-1.053984e+00,2.840166e-01
19263489,-7.663689e-03,7.426356e-01,-1.048275e+00,3.047255e-01
19267585,-8.107331e-03,7.557937e-01,-1.049514e+00,2.896128e-01
19271681,-6.650176e-03,7.733719e-01,-1.061895e+00,2.904411e-01
19275777,-9.426078e-03,7.920959e-01,-1.082354e+00,3.108474e-01
19279873,-7.995684e-03,7.555521e-01,-1.084707e+00,2.964914e-01
19283969,-7.806812e-03,7.350593e-01,-1.082391e+00,2.876178e-01
19288065,-8.653027e-03,7.292422e-01,-1.070474e+00,2.939541e-01
19292161,-8.742730e-03,7.177775e-01,-1.103994e+00,2.800224e-01
19296257,-8.664398e-03,8.082316e-01,-1.091654e+00,3.230168e-01
19300353,-7.902726e-03,7.445870e-01,-1.096862e+00,3.149519e-01
19304449,-7.506333e-03,7.682216e-01,-1.101276e+00,2.969980e-01
19308545,-6.845013e-03,8.325786e-01,-1.104817e+00,3.421059e-01
19312641,-8.231197e-03,8.287630e-01,-1.066985e+00,3.592712e-01
19316737,-7.918266e-03,7.259156e-01,-1.075722e+00,2.912839e-01
19320833,-7.720474e-03,8.217194e-01,-1.063179e+00,3.243693e-01
19324929,-6.750321e-03,7.919695e-01,-1.078109e+00,3.402499e-01
19329025,-8.899407e-03,7.878070e-01,-1.067418e+00,3.340637e-01
19333121,-7.942484e-03,7.596293e-01,-1.068088e+00,3.150408e-01
19337217,-7.338677e-03,7.869435e-01,-1.059850e+00,3.093478e-01
19341313,-8.092061e-03,8.114516e-01,-1.069886e+00,3.030247e-01
19345409,-8.337655e-03,7.556876e-01,-1.072582e+00,3.099492e-01
19349505,-8.774298e-03,7.615972e-01,-1.082518e+00,3.141162e-01
19353601,-7.416794e-03,7.356780e-01,-1.069501e+00,3.132377e-01
19357697,-6.937848e-03,7.450452e-01,-1.099149e+00,2.730024e-01
19361793,-7.835413e-03,7.559285e-01,-1.090870e+00,3.093061e-01
19365889,-8.564666e-03,7.180566e-01,-1.104971e+00,3.034490e-01
19369985,-8.085600e-03,7.246625e-01,-1.111503e+00,3.073315e-01
19374081,-7.895554e-03,7.458405e-01,-1.108846e+00,2.730121e-01
19378177,-8.497269e-03,7.139992e-01,-1.121272e+00,3.156616e-01
19382273,-7.001656e-03,7.366251e-01,-1.145930e+00,3.129955e-01
19386369,-8.007213e-03,7.652336e-01,-1.124923e+00,2.980806e-01
19390465,-6.239015e-03,7.418146e-01,-1.114460e+00,3.089960e-01
19394561,-9.379104e-03,7.709262e-01,-1.108532e+00,3.116411e-01
19398657,-7.367245e-03,7.155650e-01,-1.121719e+00,2.959007e-01
19402753,-9.081661e-03,7.426017e-01,-1.123552e+00,3.027242e-01
19406849,-8.904919e-03,7.457792e-01,-1.125011e+00,3.133460e-01
19410945,-9.360924e-03,7.037620e-01,-1.107765e+00,2.588967e-01
19415041,-8.422968e-03,7.578644e-01,-1.123917e+00,2.818798e-01
19419137,-8.969677e-03,7.617702e-01,-1.120283e+00,2.915350e-01
19423233,-9.208859e-03,7.350747e-01,-1.100621e+00,2.825762e-01
19427329,-7.208116e-03,7.664620e-01,-1.108722e+00,3.121659e-01
19431425,-7.918917e-03,7.397252e-01,-1.103508e+00,2.892756e-01
19435521,-8.209839e-03,7.717665e-01,-1.104929e+00,3.026541e-01
19439617,-8.752577e-03,7.579269e-01,-1.093717e+00,3.022569e-01
19443713,-6.813689e-03,7.427616e-01,-1.075929e+00,2.966599e-01
19447809,-8.202775e-03,7.762683e-01,-1.091696e+00,3.291798e-01
19451905,-6.227654e-03,7.406045e-01,-1.101107e+00,2.778330e-01
19456001,-7.595634e-03,7.425190e-01,-1.090895e+00,2.957150e-01
19460097,-7.174013e-03,7.460872e-01,-1.102782e+00,2.946753e-01
19464193,-7.621279e-03,7.603471e-01,-1.102825e+00,3.156614e-01
19468289,-8.072482e-03,7.611870e-01,-1.092653e+00,3.152765e-01
19472385,-7.856104e-03,7.030496e-01,-1.120011e+00,2.953600e-01
19476481,-6.889366e-03,7.272487e-01,-1.120060e+00,2.779461e-01
19480577,-9.091249e-03,7.174477e-01,-1.096880e+00,2.747450e-01
19484673,-6.131665e-03,7.341855e-01,-1.111672e+00,2.874246e-01
19488769,-8.511500e-03,7.301228e-01,-1.095615e+00,2.655454e-01
19492865,-8.302061e-03,6.879701e-01,-1.124789e+00,2.695852e-01
19496961,-8.076009e-03,7.791263e-01,-1.130014e+00,3.073733e-01
19501057,-7.383054e-03,7.762480e-01,-1.127058e+00,3.047404e-01
19505153,-7.272701e-03,7.669054e-01,-1.118726e+00,3.063422e-01
19509249,-7.942988e-03,7.359787e-01,-1.130714e+00,2.993198e-01
19513345,-6.931835e-03,7.764259e-01,-1.101721e+00,3.027111e-01
19517441,-7.732745e-03,7.253835e-01,-1.104887e+00,2.879564e-01
19521537,-7.349592e-03,7.117851e-01,-1.120078e+00,2.811740e-01
19525633,-7.116395e-03,7.135700e-01,-1.110531e+00,2.985053e-01
19529729,-7.468140e-03,7.232724e-01,-1.117216e+00,2.585368e-01
19533825,-7.953850e-03,7.453813e-01,-1.112939e+00,3.041874e-01
19537921,-9.870432e-03,7.449349e-01,-1.136220e+00,2.946175e-01
19542017,-8.876935e-03,7.751262e-01,-1.107325e+00,3.082935e-01
19546113,-7.744037e-03,7.163329e-01,-1.124257e+00,2.478206e-01
19550209,-7.506721e-03,6.951833e-01,-1.121176e+00,2.825643e-01
19554305,-1.067259e-02,7.052675e-01,-1.101532e+00,2.899951e-01
19558401,-7.516800e-03,7.899477e-01,-1.136160e+00,3.457000e-01
19562497,-8.345762e-03,7.563517e-01,-1.122691e+00,3.008152e-01
19566593,-6.647763e-03,6.772758e-01,-1.102016e+00,2.415089e-01
19570689,-7.194918e-03,7.026157e-01,-1.113066e+00,2.762724e-01
19574785,-8.875413e-03,7.221357e-01,-1.126371e+00,2.807916e-01
19578881,-8.583623e-03,7.872414e-01,-1.117937e+00,3.149025e-01
19582977,-9.435414e-03,7.299638e-01,-1.123414e+00,2.992809e-01
19587073,-8.674236e-03,7.576500e-01,-1.119450e+00,3.005688e-01
19591169,-7.719134e-03,6.999912e-01,-1.127565e+00,2.669761e-01
19595265,-8.897312e-03,7.159319e-01,-1.122468e+00,2.859624e-01
19599361,-7.901809e-03,6.980279e-01,-1.139821e+00,2.887374e-01
19603457,-8.749053e-03,7.798105e-01,-1.151996e+00,3.319160e-01
19607553,-8.447553e-03,7.088446e-01,-1.111846e+00,2.963420e-01
19611649,-8.684668e-03,6.928694e-01,-1.139308e+00,2.769100e-01
19615745,-8.805423e-03,7.188114e-01,-1.148780e+00,2.952918e-01
19619841,-9.132188e-03,7.540390e-01,-1.141419e+00,3.010892e-01
19623937,-7.086025e-03,7.705951e-01,-1.135622e+00,3.028399e-01
19628033,-9.204602e-03,7.283216e-01,-1.128288e+00,2.846633e-01
19632129,-6.785736e-03,7.816581e-01,-1.115433e+00,3.137215e-01
19636225,-9.097690e-03,7.520673e-01,-1.122231e+00,2.946187e-01
19640321,-6.011804e-03,6.880763e-01,-1.107036e+00,2.553765e-01
19644417,-7.752571e-03,7.107978e-01,-1.107249e+00,3.075663e-01
19648513,-8.181578e-03,7.438382e-01,-1.122861e+00,2.918482e-01
19652609,-7.867288e-03,7.604542e-01,-1.110547e+00,3.105751e-01
19656705,-8.256430e-03,8.143525e-01,-1.124121e+00,3.257339e-01
19660801,-8.900280e-03,7.423701e-01,-1.118295e+00,3.250664e-01
19664897,-6.071839e-03,7.365973e-01,-1.119897e+00,3.215535e-01
19668993,-7.462095e-03,7.493239e-01,-1.116787e+00,3.048583e-01
19673089,-6.075282e-03,7.588232e-01,-1.103693e+00,3.171747e-01
19677185,-6.847719e-03,7.090106e-01,-1.123944e+00,2.773655e-01
19681281,-8.455430e-03,7.441115e-01,-1.114332e+00,2.885480e-01
19685377,-7.638342e-03,6.443160e-01,-1.119710e+00,2.740265e-01
19689473,-8.664571e-03,6.727263e-01,-1.129493e+00,2.705332e-01
19693569,-8.216705e-03,7.341634e-01,-1.136685e+00,3.050245e-01
19697665,-7.714409e-03,6.833308e-01,-1.159384e+00,2.750872e-01
19701761,-1.039373e-02,7.094003e-01,-1.158179e+00,3.015471e-01
19705857,-8.723096e-03,7.214224e-01,-1.131974e+00,2.939174e-01
19709953,-8.722136e-03,6.797372e-01,-1.130117e+00,2.452129e-01
19714049,-8.162931e-03,7.145297e-01,-1.126439e+00,2.985761e-01
19718145,-9.104994e-03,7.024584e-01,-1.138040e+00,2.628015e-01
19722241,-8.127431e-03,7.300633e-01,-1.130366e+00,2.574438e-01
19726337,-7.126614e-03,7.130785e-01,-1.121138e+00,2.893116e-01
19730433,-7.571814e-03,6.957789e-01,-1.109465e+00,2.639674e-01
19734529,-8.754984e-03,7.305597e-01,-1.109728e+00,2.803728e-01
19738625,-6.935095e-03,7.452839e-01,-1.105047e+00,3.387679e-01
19742721,-8.668786e-03,6.947255e-01,-1.101155e+00,2.591475e-01
19746817,-8.601537e-03,7.170630e-01,-1.104701e+00,2.666648e-01
19750913,-8.356081e-03,7.059412e-01,-1.119241e+00,2.864451e-01
19755009,-8.337630e-03,7.066559e-01,-1.105794e+00,2.804596e-01
19759105,-8.105594e-03,7.220226e-01,-1.107770e+00,2.985796e-01
19763201,-9.759651e-03,7.328121e-01,-1.122319e+00,2.912871e-01
19767297,-6.685984e-03,7.847293e-01,-1.107417e+00,3.037075e-01
19771393,-7.920001e-03,7.429530e-01,-1.091384e+00,2.756418e-01
19775489,-7.911921e-03,7.060250e-01,-1.093090e+00,2.936795e-01
19779585,-7.968602e-03,6.540508e-01,-1.110363e+00,2.707221e-01
19783681,-6.674526e-03,7.463719e-01,-1.110784e+00,3.050127e-01
19787777,-8.734907e-03,6.944749e-01,-1.101991e+00,2.407852e-01
19791873,-6.752981e-03,6.696442e-01,-1.109027e+00,2.725329e-01
19795969,-7.813525e-03,7.136213e-01,-1.098087e+00,2.940464e-01
19800065,-8.628969e-03,7.013497e-01,-1.114327e+00,2.929010e-01
19804161,-9.348944e-03,7.476559e-01,-1.118541e+00,2.918138e-01
19808257,-8.449595e-03,7.278147e-01,-1.115554e+00,2.818542e-01
19812353,-8.073201e-03,7.884652e-01,-1.088689e+00,3.047465e-01
19816449,-8.285212e-03,6.720752e-01,-1.093810e+00,2.573694e-01
19820545,-8.338605e-03,7.378460e-01,-1.101631e+00,3.017505e-01
19824641,-8.965883e-03,6.876922e-01,-1.079222e+00,2.794986e-01
19828737,-8.194935e-03,6.992204e-01,-1.075839e+00,2.836310e-01
19832833,-8.806487e-03,7.326172e-01,-1.081789e+00,3.108654e-01
19836929,-9.323246e-03,6.989021e-01,-1.072255e+00,2.662514e-01
19841025,-6.715636e-03,7.576462e-01,-1.064357e+00,3.023238e-01
19845121,-8.003514e-03,7.579202e-01,-1.064887e+00,3.151594e-01
19849217,-8.543048e-03,7.160380e-01,-1.080405e+00,3.045679e-01
19853313,-7.887869e-03,7.151309e-01,-1.082439e+00,2.620201e-01
19857409,-8.549736e-03,6.521472e-01,-1.107263e+00,2.508824e-01
19861505,-8.326143e-03,7.421325e-01,-1.092091e+00,3.019682e-01
19865601,-8.923839e-03,6.633402e-01,-1.085366e+00,2.861792e-01
19869697,-8.054268e-03,7.272240e-01,-1.051910e+00,2.993717e-01
19873793,-7.907668e-03,7.355848e-01,-1.076500e+00,2.776170e-01
19877889,-9.022358e-03,7.412673e-01,-1.084181e+00,2.994898e-01
19881985,-7.500850e-03,6.970083e-01,-1.111070e+00,2.712543e-01
19886081,-7.961020e-03,7.567598e-01,-1.106419e+00,3.192270e-01
19890177,-9.623437e-03,7.517561e-01,-1.099510e+00,2.975682e-01
19894273,-9.382868e-03,7.454123e-01,-1.075539e+00,3.100955e-01
19898369,-7.681334e-03,6.128612e-01,-1.100394e+00,2.619838e-01
19902465,-8.833873e-03,6.648615e-01,-1.099966e+00,2.775128e-01
19906561,-8.866037e-03,6.492771e-01,-1.099925e+00,2.527195e-01
19910657,-7.867797e-03,6.697055e-01,-1.089297e+00,2.513303e-01
19914753,-8.430585e-03,6.681245e-01,-1.089868e+00,2.596232e-01
19918849,-7.660221e-03,6.438421e-01,-1.075749e+00,2.339659e-01
19922945,-7.649661e-03,5.750406e-01,-1.069925e+00,2.276703e-01
19927041,-7.360546e-03,6.357180e-01,-1.077338e+00,2.362805e-01
19931137,-9.424691e-03,6.897035e-01,-1.079147e+00,2.728281e-01
19935233,-8.180562e-03,7.155750e-01,-1.087270e+00,2.890492e-01
19939329,-8.150170e-03,6.968452e-01,-1.100946e+00,2.731858e-01
19943425,-6.833191e-03,6.845442e-01,-1.100450e+00,2.800678e-01
19947521,-7.018281e-03,7.025006e-01,-1.085961e+00,2.874856e-01
19951617,-8.593741e-03,7.052929e-01,-1.079926e+00,2.771828e-01
19955713,-7.968688e-03,6.637676e-01,-1.094178e+00,2.605300e-01
19959809,-8.339757e-03,6.562133e-01,-1.111431e+00,2.601879e-01
19963905,-8.427513e-03,6.689264e-01,-1.122303e+00,2.719675e-01
19968001,-7.374833e-03,7.290067e-01,-1.104081e+00,2.883253e-01
19972097,-8.146574e-03,6.508242e-01,-1.102005e+00,2.647701e-01
19976193,-8.495513e-03,6.472354e-01,-1.095100e+00,2.379026e-01
19980289,-7.584587e-03,6.535601e-01,-1.091232e+00,2.534391e-01
19984385,-8.345296e-03,6.771758e-01,-1.102716e+00,2.610646e-01
19988481,-8.447986e-03,7.170862e-01,-1.096175e+00,3.130694e-01
19992577,-8.551636e-03,6.768967e-01,-1.107398e+00,2.569351e-01
19996673,-7.005379e-03,6.595155e-01,-1.106411e+00,2.797720e-01
