game,agent_0,agent_1,q_table_j0,q_table_j1,winner,points_j0,points_j1,points_lost_j0,points_lost_j1,hands_played,hands_won_j0,hands_won_j1
1,q_learning,sb3_league,C:\Users\Ramiro\Desktop\Truco-AI\game\agents\RL-Agents\q_tables\exp2_vs_rational_321123.pkl,N/A,J1,1,30,30,1,1,1,0
2,q_learning,sb3_league,C:\Users\Ramiro\Desktop\Truco-AI\game\agents\RL-Agents\q_tables\exp2_vs_rational_321123.pkl,N/A,J0,30,0,0,30,0,0,0
3,q_learning,sb3_league,C:\Users\Ramiro\Desktop\Truco-AI\game\agents\RL-Agents\q_tables\exp2_vs_rational_321123.pkl,N/A,J0,30,16,16,30,5,5,0
4,q_learning,sb3_league,C:\Users\Ramiro\Desktop\Truco-AI\game\agents\RL-Agents\q_tables\exp2_vs_rational_321123.pkl,N/A,J0,30,23,23,30,10,6,4
5,q_learning,sb3_league,C:\Users\Ramiro\Desktop\Truco-AI\game\agents\RL-Agents\q_tables\exp2_vs_rational_321123.pkl,N/A,J1,27,30,30,27,11,6,5
6,q_learning,sb3_league,C:\Users\Ramiro\Desktop\Truco-AI\game\agents\RL-Agents\q_tables\exp2_vs_rational_321123.pkl,N/A,J1,0,30,30,0,0,0,0
7,q_learning,sb3_league,C:\Users\Ramiro\Desktop\Truco-AI\game\agents\RL-Agents\q_tables\exp2_vs_rational_321123.pkl,N/A,J1,14,30,30,14,10,5,5
8,q_learning,sb3_league,C:\Users\Ramiro\Desktop\Truco-AI\game\agents\RL-Agents\q_tables\exp2_vs_rational_321123.pkl,N/A,J0,30,3,3,30,4,3,1
9,q_learning,sb3_league,C:\Users\Ramiro\Desktop\Truco-AI\game\agents\RL-Agents\q_tables\exp2_vs_rational_321123.pkl,N/A,J0,30,0,0,30,1,1,0
10,q_learning,sb3_league,C:\Users\Ramiro\Desktop\Truco-AI\game\agents\RL-Agents\q_tables\exp2_vs_rational_321123.pkl,N/A,J0,30,16,16,30,10,6,4
11,q_learning,sb3_league,C:\Users\Ramiro\Desktop\Truco-AI\game\agents\RL-Agents\q_tables\exp2_vs_rational_321123.pkl,N/A,J0,30,0,0,30,2,2,0
12,q_learning,sb3_league,C:\Users\Ramiro\Desktop\Truco-AI\game\agents\RL-Agents\q_tables\exp2_vs_rational_321123.pkl,N/A,J0,30,19,19,30,6,4,2
13,q_learning,sb3_league,C:\Users\Ramiro\Desktop\Truco-AI\game\agents\RL-Agents\q_tables\exp2_vs_rational_321123.pkl,N/A,J1,0,30,30,0,0,0,0
14,q_learning,sb3_league,C:\Users\Ramiro\Desktop\Truco-AI\game\agents\RL-Agents\q_tables\exp2_vs_rational_321123.pkl,N/A,J1,27,30,30,27,10,3,7
15,q_learning,sb3_league,C:\Users\Ramiro\Desktop\Truco-AI\game\agents\RL-Agents\q_tables\exp2_vs_rational_321123.pkl,N/A,J1,3,30,30,3,3,3,0
16,q_learning,sb3_league,C:\Users\Ramiro\Desktop\Truco-AI\game\agents\RL-Agents\q_tables\exp2_vs_rational_321123.pkl,N/A,J0,30,26,26,30,11,8,3
17,q_learning,sb3_league,C:\Users\Ramiro\Desktop\Truco-AI\game\agents\RL-Agents\q_tables\exp2_vs_rational_321123.pkl,N/A,J1,0,30,30,0,1,0,1
18,q_learning,sb3_league,C:\Users\Ramiro\Desktop\Truco-AI\game\agents\RL-Agents\q_tables\exp2_vs_rational_321123.pkl,N/A,J1,21,30,30,21,10,4,6
19,q_learning,sb3_league,C:\Users\Ramiro\Desktop\Truco-AI\game\agents\RL-Agents\q_tables\exp2_vs_rational_321123.pkl,N/A,J1,1,30,30,1,1,0,1
20,q_learning,sb3_league,C:\Users\Ramiro\Desktop\Truco-AI\game\agents\RL-Agents\q_tables\exp2_vs_rational_321123.pkl,N/A,J0,30,25,25,30,15,7,8
21,q_learning,sb3_league,C:\Users\Ramiro\Desktop\Truco-AI\game\agents\RL-Agents\q_tables\exp2_vs_rational_321123.pkl,N/A,J0,30,0,0,30,0,0,0
22,q_learning,sb3_league,C:\Users\Ramiro\Desktop\Truco-AI\game\agents\RL-Agents\q_tables\exp2_vs_rational_321123.pkl,N/A,J1,0,30,30,0,0,0,0
23,q_learning,sb3_league,C:\Users\Ramiro\Desktop\Truco-AI\game\agents\RL-Agents\q_tables\exp2_vs_rational_321123.pkl,N/A,J1,10,30,30,10,5,3,2
24,q_learning,sb3_league,C:\Users\Ramiro\Desktop\Truco-AI\game\agents\RL-Agents\q_tables\exp2_vs_rational_321123.pkl,N/A,J1,7,30,30,7,5,4,1
25,q_learning,sb3_league,C:\Users\Ramiro\Desktop\Truco-AI\game\agents\RL-Agents\q_tables\exp2_vs_rational_321123.pkl,N/A,J0,30,12,12,30,7,2,5
26,q_learning,sb3_league,C:\Users\Ramiro\Desktop\Truco-AI\game\agents\RL-Agents\q_tables\exp2_vs_rational_321123.pkl,N/A,J0,30,2,2,30,2,2,0
27,q_learning,sb3_league,C:\Users\Ramiro\Desktop\Truco-AI\game\agents\RL-Agents\q_tables\exp2_vs_rational_321123.pkl,N/A,J0,30,14,14,30,10,7,3
28,q_learning,sb3_league,C:\Users\Ramiro\Desktop\Truco-AI\game\agents\RL-Agents\q_tables\exp2_vs_rational_321123.pkl,N/A,J0,30,3,3,30,1,0,1
29,q_learning,sb3_league,C:\Users\Ramiro\Desktop\Truco-AI\game\agents\RL-Agents\q_tables\exp2_vs_rational_321123.pkl,N/A,J0,30,19,19,30,8,6,2
30,q_learning,sb3_league,C:\Users\Ramiro\Desktop\Truco-AI\game\agents\RL-Agents\q_tables\exp2_vs_rational_321123.pkl,N/A,J0,30,0,0,30,0,0,0
31,q_learning,sb3_league,C:\Users\Ramiro\Desktop\Truco-AI\game\agents\RL-Agents\q_tables\exp2_vs_rational_321123.pkl,N/A,J1,12,30,30,12,8,1,7
32,q_learning,sb3_league,C:\Users\Ramiro\Desktop\Truco-AI\game\agents\RL-Agents\q_tables\exp2_vs_rational_321123.pkl,N/A,J1,0,30,30,0,0,0,0
33,q_learning,sb3_league,C:\Users\Ramiro\Desktop\Truco-AI\game\agents\RL-Agents\q_tables\exp2_vs_rational_321123.pkl,N/A,J0,30,1,1,30,1,0,1
34,q_learning,sb3_league,C:\Users\Ramiro\Desktop\Truco-AI\game\agents\RL-Agents\q_tables\exp2_vs_rational_321123.pkl,N/A,J1,0,30,30,0,2,0,2
35,q_learning,sb3_league,C:\Users\Ramiro\Desktop\Truco-AI\game\agents\RL-Agents\q_tables\exp2_vs_rational_321123.pkl,N/A,J1,9,30,30,9,7,3,4
36,q_learning,sb3_league,C:\Users\Ramiro\Desktop\Truco-AI\game\agents\RL-Agents\q_tables\exp2_vs_rational_321123.pkl,N/A,J1,4,30,30,4,1,1,0
37,q_learning,sb3_league,C:\Users\Ramiro\Desktop\Truco-AI\game\agents\RL-Agents\q_tables\exp2_vs_rational_321123.pkl,N/A,J1,7,30,30,7,5,3,2
38,q_learning,sb3_league,C:\Users\Ramiro\Desktop\Truco-AI\game\agents\RL-Agents\q_tables\exp2_vs_rational_321123.pkl,N/A,J1,12,30,30,12,7,5,2
39,q_learning,sb3_league,C:\Users\Ramiro\Desktop\Truco-AI\game\agents\RL-Agents\q_tables\exp2_vs_rational_321123.pkl,N/A,J0,30,19,19,30,9,5,4
40,q_learning,sb3_league,C:\Users\Ramiro\Desktop\Truco-AI\game\agents\RL-Agents\q_tables\exp2_vs_rational_321123.pkl,N/A,J0,30,5,5,30,2,1,1
41,q_learning,sb3_league,C:\Users\Ramiro\Desktop\Truco-AI\game\agents\RL-Agents\q_tables\exp2_vs_rational_321123.pkl,N/A,J1,6,30,30,6,5,2,3
42,q_learning,sb3_league,C:\Users\Ramiro\Desktop\Truco-AI\game\agents\RL-Agents\q_tables\exp2_vs_rational_321123.pkl,N/A,J0,30,1,1,30,1,1,0
43,q_learning,sb3_league,C:\Users\Ramiro\Desktop\Truco-AI\game\agents\RL-Agents\q_tables\exp2_vs_rational_321123.pkl,N/A,J1,7,30,30,7,6,2,4
44,q_learning,sb3_league,C:\Users\Ramiro\Desktop\Truco-AI\game\agents\RL-Agents\q_tables\exp2_vs_rational_321123.pkl,N/A,J1,2,30,30,2,2,1,1
45,q_learning,sb3_league,C:\Users\Ramiro\Desktop\Truco-AI\game\agents\RL-Agents\q_tables\exp2_vs_rational_321123.pkl,N/A,J0,30,2,2,30,2,2,0
46,q_learning,sb3_league,C:\Users\Ramiro\Desktop\Truco-AI\game\agents\RL-Agents\q_tables\exp2_vs_rational_321123.pkl,N/A,J1,27,30,30,27,10,6,4
47,q_learning,sb3_league,C:\Users\Ramiro\Desktop\Truco-AI\game\agents\RL-Agents\q_tables\exp2_vs_rational_321123.pkl,N/A,J1,23,30,30,23,6,4,2
48,q_learning,sb3_league,C:\Users\Ramiro\Desktop\Truco-AI\game\agents\RL-Agents\q_tables\exp2_vs_rational_321123.pkl,N/A,J1,20,30,30,20,10,6,4
49,q_learning,sb3_league,C:\Users\Ramiro\Desktop\Truco-AI\game\agents\RL-Agents\q_tables\exp2_vs_rational_321123.pkl,N/A,J1,13,30,30,13,5,3,2
50,q_learning,sb3_league,C:\Users\Ramiro\Desktop\Truco-AI\game\agents\RL-Agents\q_tables\exp2_vs_rational_321123.pkl,N/A,J1,17,30,30,17,6,4,2
51,q_learning,sb3_league,C:\Users\Ramiro\Desktop\Truco-AI\game\agents\RL-Agents\q_tables\exp2_vs_rational_321123.pkl,N/A,J0,30,0,0,30,0,0,0
52,q_learning,sb3_league,C:\Users\Ramiro\Desktop\Truco-AI\game\agents\RL-Agents\q_tables\exp2_vs_rational_321123.pkl,N/A,J1,0,30,30,0,1,0,1
53,q_learning,sb3_league,C:\Users\Ramiro\Desktop\Truco-AI\game\agents\RL-Agents\q_tables\exp2_vs_rational_321123.pkl,N/A,J0,30,4,4,30,2,1,1
54,q_learning,sb3_league,C:\Users\Ramiro\Desktop\Truco-AI\game\agents\RL-Agents\q_tables\exp2_vs_rational_321123.pkl,N/A,J0,30,16,16,30,9,5,4
55,q_learning,sb3_league,C:\Users\Ramiro\Desktop\Truco-AI\game\agents\RL-Agents\q_tables\exp2_vs_rational_321123.pkl,N/A,J0,30,15,15,30,10,7,3
56,q_learning,sb3_league,C:\Users\Ramiro\Desktop\Truco-AI\game\agents\RL-Agents\q_tables\exp2_vs_rational_321123.pkl,N/A,J0,30,19,19,30,8,4,4
57,q_learning,sb3_league,C:\Users\Ramiro\Desktop\Truco-AI\game\agents\RL-Agents\q_tables\exp2_vs_rational_321123.pkl,N/A,J0,30,7,7,30,3,1,2
58,q_learning,sb3_league,C:\Users\Ramiro\Desktop\Truco-AI\game\agents\RL-Agents\q_tables\exp2_vs_rational_321123.pkl,N/A,J0,30,23,23,30,13,7,6
59,q_learning,sb3_league,C:\Users\Ramiro\Desktop\Truco-AI\game\agents\RL-Agents\q_tables\exp2_vs_rational_321123.pkl,N/A,J0,30,0,0,30,0,0,0
60,q_learning,sb3_league,C:\Users\Ramiro\Desktop\Truco-AI\game\agents\RL-Agents\q_tables\exp2_vs_rational_321123.pkl,N/A,J1,27,30,30,27,11,10,1
61,q_learning,sb3_league,C:\Users\Ramiro\Desktop\Truco-AI\game\agents\RL-Agents\q_tables\exp2_vs_rational_321123.pkl,N/A,J0,30,0,0,30,1,1,0
62,q_learning,sb3_league,C:\Users\Ramiro\Desktop\Truco-AI\game\agents\RL-Agents\q_tables\exp2_vs_rational_321123.pkl,N/A,J0,30,20,20,30,8,3,5
63,q_learning,sb3_league,C:\Users\Ramiro\Desktop\Truco-AI\game\agents\RL-Agents\q_tables\exp2_vs_rational_321123.pkl,N/A,J1,24,30,30,24,11,4,7
64,q_learning,sb3_league,C:\Users\Ramiro\Desktop\Truco-AI\game\agents\RL-Agents\q_tables\exp2_vs_rational_321123.pkl,N/A,J0,30,29,29,30,10,4,6
65,q_learning,sb3_league,C:\Users\Ramiro\Desktop\Truco-AI\game\agents\RL-Agents\q_tables\exp2_vs_rational_321123.pkl,N/A,J1,22,30,30,22,7,5,2
66,q_learning,sb3_league,C:\Users\Ramiro\Desktop\Truco-AI\game\agents\RL-Agents\q_tables\exp2_vs_rational_321123.pkl,N/A,J1,4,30,30,4,1,1,0
67,q_learning,sb3_league,C:\Users\Ramiro\Desktop\Truco-AI\game\agents\RL-Agents\q_tables\exp2_vs_rational_321123.pkl,N/A,J1,27,30,30,27,13,6,7
68,q_learning,sb3_league,C:\Users\Ramiro\Desktop\Truco-AI\game\agents\RL-Agents\q_tables\exp2_vs_rational_321123.pkl,N/A,J1,0,30,30,0,0,0,0
69,q_learning,sb3_league,C:\Users\Ramiro\Desktop\Truco-AI\game\agents\RL-Agents\q_tables\exp2_vs_rational_321123.pkl,N/A,J0,30,26,26,30,8,4,4
70,q_learning,sb3_league,C:\Users\Ramiro\Desktop\Truco-AI\game\agents\RL-Agents\q_tables\exp2_vs_rational_321123.pkl,N/A,J0,30,26,26,30,11,6,5
71,q_learning,sb3_league,C:\Users\Ramiro\Desktop\Truco-AI\game\agents\RL-Agents\q_tables\exp2_vs_rational_321123.pkl,N/A,J0,30,0,0,30,0,0,0
72,q_learning,sb3_league,C:\Users\Ramiro\Desktop\Truco-AI\game\agents\RL-Agents\q_tables\exp2_vs_rational_321123.pkl,N/A,J1,0,30,30,0,0,0,0
73,q_learning,sb3_league,C:\Users\Ramiro\Desktop\Truco-AI\game\agents\RL-Agents\q_tables\exp2_vs_rational_321123.pkl,N/A,J0,30,24,24,30,10,6,4
74,q_learning,sb3_league,C:\Users\Ramiro\Desktop\Truco-AI\game\agents\RL-Agents\q_tables\exp2_vs_rational_321123.pkl,N/A,J0,30,21,21,30,11,7,4
75,q_learning,sb3_league,C:\Users\Ramiro\Desktop\Truco-AI\game\agents\RL-Agents\q_tables\exp2_vs_rational_321123.pkl,N/A,J0,30,24,24,30,13,8,5
76,q_learning,sb3_league,C:\Users\Ramiro\Desktop\Truco-AI\game\agents\RL-Agents\q_tables\exp2_vs_rational_321123.pkl,N/A,J0,30,26,26,30,13,7,6
77,q_learning,sb3_league,C:\Users\Ramiro\Desktop\Truco-AI\game\agents\RL-Agents\q_tables\exp2_vs_rational_321123.pkl,N/A,J1,0,30,30,0,1,0,1
78,q_learning,sb3_league,C:\Users\Ramiro\Desktop\Truco-AI\game\agents\RL-Agents\q_tables\exp2_vs_rational_321123.pkl,N/A,J1,15,30,30,15,6,4,2
79,q_learning,sb3_league,C:\Users\Ramiro\Desktop\Truco-AI\game\agents\RL-Agents\q_tables\exp2_vs_rational_321123.pkl,N/A,J0,30,15,15,30,10,6,4
80,q_learning,sb3_league,C:\Users\Ramiro\Desktop\Truco-AI\game\agents\RL-Agents\q_tables\exp2_vs_rational_321123.pkl,N/A,J1,0,30,30,0,0,0,0
81,q_learning,sb3_league,C:\Users\Ramiro\Desktop\Truco-AI\game\agents\RL-Agents\q_tables\exp2_vs_rational_321123.pkl,N/A,J0,30,17,17,30,6,2,4
82,q_learning,sb3_league,C:\Users\Ramiro\Desktop\Truco-AI\game\agents\RL-Agents\q_tables\exp2_vs_rational_321123.pkl,N/A,J1,0,30,30,0,0,0,0
83,q_learning,sb3_league,C:\Users\Ramiro\Desktop\Truco-AI\game\agents\RL-Agents\q_tables\exp2_vs_rational_321123.pkl,N/A,J0,30,22,22,30,10,6,4
84,q_learning,sb3_league,C:\Users\Ramiro\Desktop\Truco-AI\game\agents\RL-Agents\q_tables\exp2_vs_rational_321123.pkl,N/A,J0,30,0,0,30,0,0,0
85,q_learning,sb3_league,C:\Users\Ramiro\Desktop\Truco-AI\game\agents\RL-Agents\q_tables\exp2_vs_rational_321123.pkl,N/A,J0,30,0,0,30,0,0,0
86,q_learning,sb3_league,C:\Users\Ramiro\Desktop\Truco-AI\game\agents\RL-Agents\q_tables\exp2_vs_rational_321123.pkl,N/A,J0,30,6,6,30,4,3,1
87,q_learning,sb3_league,C:\Users\Ramiro\Desktop\Truco-AI\game\agents\RL-Agents\q_tables\exp2_vs_rational_321123.pkl,N/A,J1,0,30,30,0,0,0,0
88,q_learning,sb3_league,C:\Users\Ramiro\Desktop\Truco-AI\game\agents\RL-Agents\q_tables\exp2_vs_rational_321123.pkl,N/A,J1,0,30,30,0,0,0,0
89,q_learning,sb3_league,C:\Users\Ramiro\Desktop\Truco-AI\game\agents\RL-Agents\q_tables\exp2_vs_rational_321123.pkl,N/A,J0,30,2,2,30,2,1,1
90,q_learning,sb3_league,C:\Users\Ramiro\Desktop\Truco-AI\game\agents\RL-Agents\q_tables\exp2_vs_rational_321123.pkl,N/A,J0,30,10,10,30,8,6,2
91,q_learning,sb3_league,C:\Users\Ramiro\Desktop\Truco-AI\game\agents\RL-Agents\q_tables\exp2_vs_rational_321123.pkl,N/A,J1,10,30,30,10,7,3,4
92,q_learning,sb3_league,C:\Users\Ramiro\Desktop\Truco-AI\game\agents\RL-Agents\q_tables\exp2_vs_rational_321123.pkl,N/A,J0,30,10,10,30,4,1,3
93,q_learning,sb3_league,C:\Users\Ramiro\Desktop\Truco-AI\game\agents\RL-Agents\q_tables\exp2_vs_rational_321123.pkl,N/A,J1,0,30,30,0,0,0,0
94,q_learning,sb3_league,C:\Users\Ramiro\Desktop\Truco-AI\game\agents\RL-Agents\q_tables\exp2_vs_rational_321123.pkl,N/A,J0,30,6,6,30,2,1,1
95,q_learning,sb3_league,C:\Users\Ramiro\Desktop\Truco-AI\game\agents\RL-Agents\q_tables\exp2_vs_rational_321123.pkl,N/A,J1,15,30,30,15,10,4,6
96,q_learning,sb3_league,C:\Users\Ramiro\Desktop\Truco-AI\game\agents\RL-Agents\q_tables\exp2_vs_rational_321123.pkl,N/A,J1,19,30,30,19,9,4,5
97,q_learning,sb3_league,C:\Users\Ramiro\Desktop\Truco-AI\game\agents\RL-Agents\q_tables\exp2_vs_rational_321123.pkl,N/A,J1,0,30,30,0,0,0,0
98,q_learning,sb3_league,C:\Users\Ramiro\Desktop\Truco-AI\game\agents\RL-Agents\q_tables\exp2_vs_rational_321123.pkl,N/A,J0,30,23,23,30,8,7,1
99,q_learning,sb3_league,C:\Users\Ramiro\Desktop\Truco-AI\game\agents\RL-Agents\q_tables\exp2_vs_rational_321123.pkl,N/A,J1,22,30,30,22,8,6,2
100,q_learning,sb3_league,C:\Users\Ramiro\Desktop\Truco-AI\game\agents\RL-Agents\q_tables\exp2_vs_rational_321123.pkl,N/A,J0,30,0,0,30,0,0,0
101,q_learning,sb3_league,C:\Users\Ramiro\Desktop\Truco-AI\game\agents\RL-Agents\q_tables\exp2_vs_rational_321123.pkl,N/A,J1,20,30,30,20,11,6,5
102,q_learning,sb3_league,C:\Users\Ramiro\Desktop\Truco-AI\game\agents\RL-Agents\q_tables\exp2_vs_rational_321123.pkl,N/A,J0,30,4,4,30,3,3,0
103,q_learning,sb3_league,C:\Users\Ramiro\Desktop\Truco-AI\game\agents\RL-Agents\q_tables\exp2_vs_rational_321123.pkl,N/A,J0,30,4,4,30,5,4,1
104,q_learning,sb3_league,C:\Users\Ramiro\Desktop\Truco-AI\game\agents\RL-Agents\q_tables\exp2_vs_rational_321123.pkl,N/A,J1,18,30,30,18,5,4,1
105,q_learning,sb3_league,C:\Users\Ramiro\Desktop\Truco-AI\game\agents\RL-Agents\q_tables\exp2_vs_rational_321123.pkl,N/A,J1,0,30,30,0,1,0,1
106,q_learning,sb3_league,C:\Users\Ramiro\Desktop\Truco-AI\game\agents\RL-Agents\q_tables\exp2_vs_rational_321123.pkl,N/A,J0,30,9,9,30,7,4,3
107,q_learning,sb3_league,C:\Users\Ramiro\Desktop\Truco-AI\game\agents\RL-Agents\q_tables\exp2_vs_rational_321123.pkl,N/A,J0,30,5,5,30,3,1,2
108,q_learning,sb3_league,C:\Users\Ramiro\Desktop\Truco-AI\game\agents\RL-Agents\q_tables\exp2_vs_rational_321123.pkl,N/A,J1,2,30,30,2,1,0,1
109,q_learning,sb3_league,C:\Users\Ramiro\Desktop\Truco-AI\game\agents\RL-Agents\q_tables\exp2_vs_rational_321123.pkl,N/A,J1,9,30,30,9,5,2,3
110,q_learning,sb3_league,C:\Users\Ramiro\Desktop\Truco-AI\game\agents\RL-Agents\q_tables\exp2_vs_rational_321123.pkl,N/A,J0,30,5,5,30,3,1,2
111,q_learning,sb3_league,C:\Users\Ramiro\Desktop\Truco-AI\game\agents\RL-Agents\q_tables\exp2_vs_rational_321123.pkl,N/A,J1,7,30,30,7,5,2,3
112,q_learning,sb3_league,C:\Users\Ramiro\Desktop\Truco-AI\game\agents\RL-Agents\q_tables\exp2_vs_rational_321123.pkl,N/A,J1,1,30,30,1,2,1,1
113,q_learning,sb3_league,C:\Users\Ramiro\Desktop\Truco-AI\game\agents\RL-Agents\q_tables\exp2_vs_rational_321123.pkl,N/A,J0,30,29,29,30,14,6,8
114,q_learning,sb3_league,C:\Users\Ramiro\Desktop\Truco-AI\game\agents\RL-Agents\q_tables\exp2_vs_rational_321123.pkl,N/A,J0,30,0,0,30,0,0,0
115,q_learning,sb3_league,C:\Users\Ramiro\Desktop\Truco-AI\game\agents\RL-Agents\q_tables\exp2_vs_rational_321123.pkl,N/A,J1,4,30,30,4,3,1,2
116,q_learning,sb3_league,C:\Users\Ramiro\Desktop\Truco-AI\game\agents\RL-Agents\q_tables\exp2_vs_rational_321123.pkl,N/A,J0,30,0,0,30,0,0,0
117,q_learning,sb3_league,C:\Users\Ramiro\Desktop\Truco-AI\game\agents\RL-Agents\q_tables\exp2_vs_rational_321123.pkl,N/A,J1,0,30,30,0,0,0,0
118,q_learning,sb3_league,C:\Users\Ramiro\Desktop\Truco-AI\game\agents\RL-Agents\q_tables\exp2_vs_rational_321123.pkl,N/A,J0,30,9,9,30,2,0,2
119,q_learning,sb3_league,C:\Users\Ramiro\Desktop\Truco-AI\game\agents\RL-Agents\q_tables\exp2_vs_rational_321123.pkl,N/A,J0,30,27,27,30,11,6,5
120,q_learning,sb3_league,C:\Users\Ramiro\Desktop\Truco-AI\game\agents\RL-Agents\q_tables\exp2_vs_rational_321123.pkl,N/A,J1,0,30,30,0,1,0,1
121,q_learning,sb3_league,C:\Users\Ramiro\Desktop\Truco-AI\game\agents\RL-Agents\q_tables\exp2_vs_rational_321123.pkl,N/A,J1,13,30,30,13,5,2,3
122,q_learning,sb3_league,C:\Users\Ramiro\Desktop\Truco-AI\game\agents\RL-Agents\q_tables\exp2_vs_rational_321123.pkl,N/A,J0,30,1,1,30,1,1,0
123,q_learning,sb3_league,C:\Users\Ramiro\Desktop\Truco-AI\game\agents\RL-Agents\q_tables\exp2_vs_rational_321123.pkl,N/A,J0,30,14,14,30,9,7,2
124,q_learning,sb3_league,C:\Users\Ramiro\Desktop\Truco-AI\game\agents\RL-Agents\q_tables\exp2_vs_rational_321123.pkl,N/A,J1,5,30,30,5,2,2,0
125,q_learning,sb3_league,C:\Users\Ramiro\Desktop\Truco-AI\game\agents\RL-Agents\q_tables\exp2_vs_rational_321123.pkl,N/A,J0,30,2,2,30,2,0,2
126,q_learning,sb3_league,C:\Users\Ramiro\Desktop\Truco-AI\game\agents\RL-Agents\q_tables\exp2_vs_rational_321123.pkl,N/A,J1,17,30,30,17,3,2,1
127,q_learning,sb3_league,C:\Users\Ramiro\Desktop\Truco-AI\game\agents\RL-Agents\q_tables\exp2_vs_rational_321123.pkl,N/A,J1,10,30,30,10,3,1,2
128,q_learning,sb3_league,C:\Users\Ramiro\Desktop\Truco-AI\game\agents\RL-Agents\q_tables\exp2_vs_rational_321123.pkl,N/A,J0,30,20,20,30,5,2,3
129,q_learning,sb3_league,C:\Users\Ramiro\Desktop\Truco-AI\game\agents\RL-Agents\q_tables\exp2_vs_rational_321123.pkl,N/A,J1,11,30,30,11,7,3,4
130,q_learning,sb3_league,C:\Users\Ramiro\Desktop\Truco-AI\game\agents\RL-Agents\q_tables\exp2_vs_rational_321123.pkl,N/A,J1,6,30,30,6,10,3,7
131,q_learning,sb3_league,C:\Users\Ramiro\Desktop\Truco-AI\game\agents\RL-Agents\q_tables\exp2_vs_rational_321123.pkl,N/A,J1,18,30,30,18,9,3,6
132,q_learning,sb3_league,C:\Users\Ramiro\Desktop\Truco-AI\game\agents\RL-Agents\q_tables\exp2_vs_rational_321123.pkl,N/A,J0,30,13,13,30,6,3,3
133,q_learning,sb3_league,C:\Users\Ramiro\Desktop\Truco-AI\game\agents\RL-Agents\q_tables\exp2_vs_rational_321123.pkl,N/A,J0,30,4,4,30,1,0,1
134,q_learning,sb3_league,C:\Users\Ramiro\Desktop\Truco-AI\game\agents\RL-Agents\q_tables\exp2_vs_rational_321123.pkl,N/A,J0,30,17,17,30,7,5,2
135,q_learning,sb3_league,C:\Users\Ramiro\Desktop\Truco-AI\game\agents\RL-Agents\q_tables\exp2_vs_rational_321123.pkl,N/A,J1,26,30,30,26,14,9,5
136,q_learning,sb3_league,C:\Users\Ramiro\Desktop\Truco-AI\game\agents\RL-Agents\q_tables\exp2_vs_rational_321123.pkl,N/A,J1,4,30,30,4,5,1,4
137,q_learning,sb3_league,C:\Users\Ramiro\Desktop\Truco-AI\game\agents\RL-Agents\q_tables\exp2_vs_rational_321123.pkl,N/A,J1,21,30,30,21,9,5,4
138,q_learning,sb3_league,C:\Users\Ramiro\Desktop\Truco-AI\game\agents\RL-Agents\q_tables\exp2_vs_rational_321123.pkl,N/A,J1,20,30,30,20,5,4,1
139,q_learning,sb3_league,C:\Users\Ramiro\Desktop\Truco-AI\game\agents\RL-Agents\q_tables\exp2_vs_rational_321123.pkl,N/A,J0,30,2,2,30,2,1,1
140,q_learning,sb3_league,C:\Users\Ramiro\Desktop\Truco-AI\game\agents\RL-Agents\q_tables\exp2_vs_rational_321123.pkl,N/A,J1,14,30,30,14,8,3,5
141,q_learning,sb3_league,C:\Users\Ramiro\Desktop\Truco-AI\game\agents\RL-Agents\q_tables\exp2_vs_rational_321123.pkl,N/A,J1,0,30,30,0,0,0,0
142,q_learning,sb3_league,C:\Users\Ramiro\Desktop\Truco-AI\game\agents\RL-Agents\q_tables\exp2_vs_rational_321123.pkl,N/A,J0,30,24,24,30,9,5,4
143,q_learning,sb3_league,C:\Users\Ramiro\Desktop\Truco-AI\game\agents\RL-Agents\q_tables\exp2_vs_rational_321123.pkl,N/A,J0,30,15,15,30,6,2,4
144,q_learning,sb3_league,C:\Users\Ramiro\Desktop\Truco-AI\game\agents\RL-Agents\q_tables\exp2_vs_rational_321123.pkl,N/A,J1,14,30,30,14,10,4,6
145,q_learning,sb3_league,C:\Users\Ramiro\Desktop\Truco-AI\game\agents\RL-Agents\q_tables\exp2_vs_rational_321123.pkl,N/A,J0,30,7,7,30,3,0,3
146,q_learning,sb3_league,C:\Users\Ramiro\Desktop\Truco-AI\game\agents\RL-Agents\q_tables\exp2_vs_rational_321123.pkl,N/A,J0,30,3,3,30,1,0,1
147,q_learning,sb3_league,C:\Users\Ramiro\Desktop\Truco-AI\game\agents\RL-Agents\q_tables\exp2_vs_rational_321123.pkl,N/A,J0,30,2,2,30,2,0,2
148,q_learning,sb3_league,C:\Users\Ramiro\Desktop\Truco-AI\game\agents\RL-Agents\q_tables\exp2_vs_rational_321123.pkl,N/A,J0,30,14,14,30,5,1,4
149,q_learning,sb3_league,C:\Users\Ramiro\Desktop\Truco-AI\game\agents\RL-Agents\q_tables\exp2_vs_rational_321123.pkl,N/A,J1,0,30,30,0,1,0,1
150,q_learning,sb3_league,C:\Users\Ramiro\Desktop\Truco-AI\game\agents\RL-Agents\q_tables\exp2_vs_rational_321123.pkl,N/A,J1,0,30,30,0,0,0,0
151,q_learning,sb3_league,C:\Users\Ramiro\Desktop\Truco-AI\game\agents\RL-Agents\q_tables\exp2_vs_rational_321123.pkl,N/A,J1,20,30,30,20,7,5,2
152,q_learning,sb3_league,C:\Users\Ramiro\Desktop\Truco-AI\game\agents\RL-Agents\q_tables\exp2_vs_rational_321123.pkl,N/A,J0,30,0,0,30,0,0,0
153,q_learning,sb3_league,C:\Users\Ramiro\Desktop\Truco-AI\game\agents\RL-Agents\q_tables\exp2_vs_rational_321123.pkl,N/A,J1,4,30,30,4,3,1,2
154,q_learning,sb3_league,C:\Users\Ramiro\Desktop\Truco-AI\game\agents\RL-Agents\q_tables\exp2_vs_rational_321123.pkl,N/A,J0,30,19,19,30,11,6,5
155,q_learning,sb3_league,C:\Users\Ramiro\Desktop\Truco-AI\game\agents\RL-Agents\q_tables\exp2_vs_rational_321123.pkl,N/A,J0,30,22,22,30,11,6,5
156,q_learning,sb3_league,C:\Users\Ramiro\Desktop\Truco-AI\game\agents\RL-Agents\q_tables\exp2_vs_rational_321123.pkl,N/A,J0,30,24,24,30,11,7,4
157,q_learning,sb3_league,C:\Users\Ramiro\Desktop\Truco-AI\game\agents\RL-Agents\q_tables\exp2_vs_rational_321123.pkl,N/A,J1,6,30,30,6,2,1,1
158,q_learning,sb3_league,C:\Users\Ramiro\Desktop\Truco-AI\game\agents\RL-Agents\q_tables\exp2_vs_rational_321123.pkl,N/A,J0,30,25,25,30,12,7,5
159,q_learning,sb3_league,C:\Users\Ramiro\Desktop\Truco-AI\game\agents\RL-Agents\q_tables\exp2_vs_rational_321123.pkl,N/A,J1,10,30,30,10,7,4,3
160,q_learning,sb3_league,C:\Users\Ramiro\Desktop\Truco-AI\game\agents\RL-Agents\q_tables\exp2_vs_rational_321123.pkl,N/A,J1,0,30,30,0,0,0,0
161,q_learning,sb3_league,C:\Users\Ramiro\Desktop\Truco-AI\game\agents\RL-Agents\q_tables\exp2_vs_rational_321123.pkl,N/A,J0,30,26,26,30,17,8,9
162,q_learning,sb3_league,C:\Users\Ramiro\Desktop\Truco-AI\game\agents\RL-Agents\q_tables\exp2_vs_rational_321123.pkl,N/A,J1,29,30,30,29,12,7,5
163,q_learning,sb3_league,C:\Users\Ramiro\Desktop\Truco-AI\game\agents\RL-Agents\q_tables\exp2_vs_rational_321123.pkl,N/A,J1,0,30,30,0,0,0,0
164,q_learning,sb3_league,C:\Users\Ramiro\Desktop\Truco-AI\game\agents\RL-Agents\q_tables\exp2_vs_rational_321123.pkl,N/A,J0,30,1,1,30,3,3,0
165,q_learning,sb3_league,C:\Users\Ramiro\Desktop\Truco-AI\game\agents\RL-Agents\q_tables\exp2_vs_rational_321123.pkl,N/A,J1,15,30,30,15,11,3,8
166,q_learning,sb3_league,C:\Users\Ramiro\Desktop\Truco-AI\game\agents\RL-Agents\q_tables\exp2_vs_rational_321123.pkl,N/A,J1,15,30,30,15,8,4,4
167,q_learning,sb3_league,C:\Users\Ramiro\Desktop\Truco-AI\game\agents\RL-Agents\q_tables\exp2_vs_rational_321123.pkl,N/A,J0,30,0,0,30,2,2,0
168,q_learning,sb3_league,C:\Users\Ramiro\Desktop\Truco-AI\game\agents\RL-Agents\q_tables\exp2_vs_rational_321123.pkl,N/A,J0,30,9,9,30,2,0,2
169,q_learning,sb3_league,C:\Users\Ramiro\Desktop\Truco-AI\game\agents\RL-Agents\q_tables\exp2_vs_rational_321123.pkl,N/A,J0,30,0,0,30,0,0,0
170,q_learning,sb3_league,C:\Users\Ramiro\Desktop\Truco-AI\game\agents\RL-Agents\q_tables\exp2_vs_rational_321123.pkl,N/A,J0,30,0,0,30,0,0,0
171,q_learning,sb3_league,C:\Users\Ramiro\Desktop\Truco-AI\game\agents\RL-Agents\q_tables\exp2_vs_rational_321123.pkl,N/A,J0,30,0,0,30,0,0,0
172,q_learning,sb3_league,C:\Users\Ramiro\Desktop\Truco-AI\game\agents\RL-Agents\q_tables\exp2_vs_rational_321123.pkl,N/A,J1,27,30,30,27,13,6,7
173,q_learning,sb3_league,C:\Users\Ramiro\Desktop\Truco-AI\game\agents\RL-Agents\q_tables\exp2_vs_rational_321123.pkl,N/A,J1,25,30,30,25,12,6,6
174,q_learning,sb3_league,C:\Users\Ramiro\Desktop\Truco-AI\game\agents\RL-Agents\q_tables\exp2_vs_rational_321123.pkl,N/A,J1,0,30,30,0,0,0,0
175,q_learning,sb3_league,C:\Users\Ramiro\Desktop\Truco-AI\game\agents\RL-Agents\q_tables\exp2_vs_rational_321123.pkl,N/A,J1,25,30,30,25,11,7,4
176,q_learning,sb3_league,C:\Users\Ramiro\Desktop\Truco-AI\game\agents\RL-Agents\q_tables\exp2_vs_rational_321123.pkl,N/A,J0,30,0,0,30,0,0,0
177,q_learning,sb3_league,C:\Users\Ramiro\Desktop\Truco-AI\game\agents\RL-Agents\q_tables\exp2_vs_rational_321123.pkl,N/A,J0,30,1,1,30,2,2,0
178,q_learning,sb3_league,C:\Users\Ramiro\Desktop\Truco-AI\game\agents\RL-Agents\q_tables\exp2_vs_rational_321123.pkl,N/A,J0,30,23,23,30,4,4,0
179,q_learning,sb3_league,C:\Users\Ramiro\Desktop\Truco-AI\game\agents\RL-Agents\q_tables\exp2_vs_rational_321123.pkl,N/A,J0,30,0,0,30,0,0,0
180,q_learning,sb3_league,C:\Users\Ramiro\Desktop\Truco-AI\game\agents\RL-Agents\q_tables\exp2_vs_rational_321123.pkl,N/A,J1,27,30,30,27,13,7,6
181,q_learning,sb3_league,C:\Users\Ramiro\Desktop\Truco-AI\game\agents\RL-Agents\q_tables\exp2_vs_rational_321123.pkl,N/A,J1,2,30,30,2,4,1,3
182,q_learning,sb3_league,C:\Users\Ramiro\Desktop\Truco-AI\game\agents\RL-Agents\q_tables\exp2_vs_rational_321123.pkl,N/A,J1,18,30,30,18,3,3,0
183,q_learning,sb3_league,C:\Users\Ramiro\Desktop\Truco-AI\game\agents\RL-Agents\q_tables\exp2_vs_rational_321123.pkl,N/A,J0,30,9,9,30,7,5,2
184,q_learning,sb3_league,C:\Users\Ramiro\Desktop\Truco-AI\game\agents\RL-Agents\q_tables\exp2_vs_rational_321123.pkl,N/A,J0,30,21,21,30,8,3,5
185,q_learning,sb3_league,C:\Users\Ramiro\Desktop\Truco-AI\game\agents\RL-Agents\q_tables\exp2_vs_rational_321123.pkl,N/A,J1,29,30,30,29,7,1,6
186,q_learning,sb3_league,C:\Users\Ramiro\Desktop\Truco-AI\game\agents\RL-Agents\q_tables\exp2_vs_rational_321123.pkl,N/A,J1,0,30,30,0,1,0,1
187,q_learning,sb3_league,C:\Users\Ramiro\Desktop\Truco-AI\game\agents\RL-Agents\q_tables\exp2_vs_rational_321123.pkl,N/A,J1,21,30,30,21,10,5,5
188,q_learning,sb3_league,C:\Users\Ramiro\Desktop\Truco-AI\game\agents\RL-Agents\q_tables\exp2_vs_rational_321123.pkl,N/A,J0,30,3,3,30,2,1,1
189,q_learning,sb3_league,C:\Users\Ramiro\Desktop\Truco-AI\game\agents\RL-Agents\q_tables\exp2_vs_rational_321123.pkl,N/A,J1,23,30,30,23,10,5,5
190,q_learning,sb3_league,C:\Users\Ramiro\Desktop\Truco-AI\game\agents\RL-Agents\q_tables\exp2_vs_rational_321123.pkl,N/A,J1,21,30,30,21,11,6,5
191,q_learning,sb3_league,C:\Users\Ramiro\Desktop\Truco-AI\game\agents\RL-Agents\q_tables\exp2_vs_rational_321123.pkl,N/A,J1,0,30,30,0,0,0,0
192,q_learning,sb3_league,C:\Users\Ramiro\Desktop\Truco-AI\game\agents\RL-Agents\q_tables\exp2_vs_rational_321123.pkl,N/A,J0,30,0,0,30,1,1,0
193,q_learning,sb3_league,C:\Users\Ramiro\Desktop\Truco-AI\game\agents\RL-Agents\q_tables\exp2_vs_rational_321123.pkl,N/A,J1,11,30,30,11,8,3,5
194,q_learning,sb3_league,C:\Users\Ramiro\Desktop\Truco-AI\game\agents\RL-Agents\q_tables\exp2_vs_rational_321123.pkl,N/A,J1,25,30,30,25,14,6,8
195,q_learning,sb3_league,C:\Users\Ramiro\Desktop\Truco-AI\game\agents\RL-Agents\q_tables\exp2_vs_rational_321123.pkl,N/A,J0,30,23,23,30,6,2,4
196,q_learning,sb3_league,C:\Users\Ramiro\Desktop\Truco-AI\game\agents\RL-Agents\q_tables\exp2_vs_rational_321123.pkl,N/A,J0,30,4,4,30,6,3,3
197,q_learning,sb3_league,C:\Users\Ramiro\Desktop\Truco-AI\game\agents\RL-Agents\q_tables\exp2_vs_rational_321123.pkl,N/A,J1,0,30,30,0,0,0,0
198,q_learning,sb3_league,C:\Users\Ramiro\Desktop\Truco-AI\game\agents\RL-Agents\q_tables\exp2_vs_rational_321123.pkl,N/A,J0,30,6,6,30,2,0,2
199,q_learning,sb3_league,C:\Users\Ramiro\Desktop\Truco-AI\game\agents\RL-Agents\q_tables\exp2_vs_rational_321123.pkl,N/A,J1,0,30,30,0,1,0,1
200,q_learning,sb3_league,C:\Users\Ramiro\Desktop\Truco-AI\game\agents\RL-Agents\q_tables\exp2_vs_rational_321123.pkl,N/A,J0,30,0,0,30,0,0,0
201,q_learning,sb3_league,C:\Users\Ramiro\Desktop\Truco-AI\game\agents\RL-Agents\q_tables\exp2_vs_rational_321123.pkl,N/A,J0,30,0,0,30,0,0,0
202,q_learning,sb3_league,C:\Users\Ramiro\Desktop\Truco-AI\game\agents\RL-Agents\q_tables\exp2_vs_rational_321123.pkl,N/A,J0,30,15,15,30,6,4,2
203,q_learning,sb3_league,C:\Users\Ramiro\Desktop\Truco-AI\game\agents\RL-Agents\q_tables\exp2_vs_rational_321123.pkl,N/A,J1,22,30,30,22,12,6,6
204,q_learning,sb3_league,C:\Users\Ramiro\Desktop\Truco-AI\game\agents\RL-Agents\q_tables\exp2_vs_rational_321123.pkl,N/A,J0,30,0,0,30,0,0,0
205,q_learning,sb3_league,C:\Users\Ramiro\Desktop\Truco-AI\game\agents\RL-Agents\q_tables\exp2_vs_rational_321123.pkl,N/A,J0,30,1,1,30,2,1,1
206,q_learning,sb3_league,C:\Users\Ramiro\Desktop\Truco-AI\game\agents\RL-Agents\q_tables\exp2_vs_rational_321123.pkl,N/A,J0,30,27,27,30,12,6,6
207,q_learning,sb3_league,C:\Users\Ramiro\Desktop\Truco-AI\game\agents\RL-Agents\q_tables\exp2_vs_rational_321123.pkl,N/A,J0,30,15,15,30,8,5,3
208,q_learning,sb3_league,C:\Users\Ramiro\Desktop\Truco-AI\game\agents\RL-Agents\q_tables\exp2_vs_rational_321123.pkl,N/A,J1,8,30,30,8,5,3,2
209,q_learning,sb3_league,C:\Users\Ramiro\Desktop\Truco-AI\game\agents\RL-Agents\q_tables\exp2_vs_rational_321123.pkl,N/A,J0,30,21,21,30,11,8,3
210,q_learning,sb3_league,C:\Users\Ramiro\Desktop\Truco-AI\game\agents\RL-Agents\q_tables\exp2_vs_rational_321123.pkl,N/A,J0,30,27,27,30,9,4,5
211,q_learning,sb3_league,C:\Users\Ramiro\Desktop\Truco-AI\game\agents\RL-Agents\q_tables\exp2_vs_rational_321123.pkl,N/A,J1,0,30,30,0,0,0,0
212,q_learning,sb3_league,C:\Users\Ramiro\Desktop\Truco-AI\game\agents\RL-Agents\q_tables\exp2_vs_rational_321123.pkl,N/A,J1,9,30,30,9,7,4,3
213,q_learning,sb3_league,C:\Users\Ramiro\Desktop\Truco-AI\game\agents\RL-Agents\q_tables\exp2_vs_rational_321123.pkl,N/A,J1,8,30,30,8,2,2,0
214,q_learning,sb3_league,C:\Users\Ramiro\Desktop\Truco-AI\game\agents\RL-Agents\q_tables\exp2_vs_rational_321123.pkl,N/A,J0,30,13,13,30,8,5,3
215,q_learning,sb3_league,C:\Users\Ramiro\Desktop\Truco-AI\game\agents\RL-Agents\q_tables\exp2_vs_rational_321123.pkl,N/A,J0,30,0,0,30,0,0,0
216,q_learning,sb3_league,C:\Users\Ramiro\Desktop\Truco-AI\game\agents\RL-Agents\q_tables\exp2_vs_rational_321123.pkl,N/A,J1,27,30,30,27,10,5,5
217,q_learning,sb3_league,C:\Users\Ramiro\Desktop\Truco-AI\game\agents\RL-Agents\q_tables\exp2_vs_rational_321123.pkl,N/A,J0,30,10,10,30,3,0,3
218,q_learning,sb3_league,C:\Users\Ramiro\Desktop\Truco-AI\game\agents\RL-Agents\q_tables\exp2_vs_rational_321123.pkl,N/A,J0,30,13,13,30,4,2,2
219,q_learning,sb3_league,C:\Users\Ramiro\Desktop\Truco-AI\game\agents\RL-Agents\q_tables\exp2_vs_rational_321123.pkl,N/A,J1,25,30,30,25,14,7,7
220,q_learning,sb3_league,C:\Users\Ramiro\Desktop\Truco-AI\game\agents\RL-Agents\q_tables\exp2_vs_rational_321123.pkl,N/A,J0,30,15,15,30,13,8,5
221,q_learning,sb3_league,C:\Users\Ramiro\Desktop\Truco-AI\game\agents\RL-Agents\q_tables\exp2_vs_rational_321123.pkl,N/A,J1,8,30,30,8,4,2,2
222,q_learning,sb3_league,C:\Users\Ramiro\Desktop\Truco-AI\game\agents\RL-Agents\q_tables\exp2_vs_rational_321123.pkl,N/A,J1,25,30,30,25,12,4,8
223,q_learning,sb3_league,C:\Users\Ramiro\Desktop\Truco-AI\game\agents\RL-Agents\q_tables\exp2_vs_rational_321123.pkl,N/A,J1,0,30,30,0,0,0,0
224,q_learning,sb3_league,C:\Users\Ramiro\Desktop\Truco-AI\game\agents\RL-Agents\q_tables\exp2_vs_rational_321123.pkl,N/A,J1,11,30,30,11,2,1,1
225,q_learning,sb3_league,C:\Users\Ramiro\Desktop\Truco-AI\game\agents\RL-Agents\q_tables\exp2_vs_rational_321123.pkl,N/A,J0,30,11,11,30,5,2,3
226,q_learning,sb3_league,C:\Users\Ramiro\Desktop\Truco-AI\game\agents\RL-Agents\q_tables\exp2_vs_rational_321123.pkl,N/A,J0,30,4,4,30,3,1,2
227,q_learning,sb3_league,C:\Users\Ramiro\Desktop\Truco-AI\game\agents\RL-Agents\q_tables\exp2_vs_rational_321123.pkl,N/A,J1,11,30,30,11,4,2,2
228,q_learning,sb3_league,C:\Users\Ramiro\Desktop\Truco-AI\game\agents\RL-Agents\q_tables\exp2_vs_rational_321123.pkl,N/A,J0,30,13,13,30,7,2,5
229,q_learning,sb3_league,C:\Users\Ramiro\Desktop\Truco-AI\game\agents\RL-Agents\q_tables\exp2_vs_rational_321123.pkl,N/A,J0,30,26,26,30,11,6,5
230,q_learning,sb3_league,C:\Users\Ramiro\Desktop\Truco-AI\game\agents\RL-Agents\q_tables\exp2_vs_rational_321123.pkl,N/A,J0,30,4,4,30,6,5,1
231,q_learning,sb3_league,C:\Users\Ramiro\Desktop\Truco-AI\game\agents\RL-Agents\q_tables\exp2_vs_rational_321123.pkl,N/A,J0,30,0,0,30,0,0,0
232,q_learning,sb3_league,C:\Users\Ramiro\Desktop\Truco-AI\game\agents\RL-Agents\q_tables\exp2_vs_rational_321123.pkl,N/A,J1,0,30,30,0,1,0,1
233,q_learning,sb3_league,C:\Users\Ramiro\Desktop\Truco-AI\game\agents\RL-Agents\q_tables\exp2_vs_rational_321123.pkl,N/A,J0,30,18,18,30,11,8,3
234,q_learning,sb3_league,C:\Users\Ramiro\Desktop\Truco-AI\game\agents\RL-Agents\q_tables\exp2_vs_rational_321123.pkl,N/A,J0,30,6,6,30,3,2,1
235,q_learning,sb3_league,C:\Users\Ramiro\Desktop\Truco-AI\game\agents\RL-Agents\q_tables\exp2_vs_rational_321123.pkl,N/A,J1,0,30,30,0,1,0,1
236,q_learning,sb3_league,C:\Users\Ramiro\Desktop\Truco-AI\game\agents\RL-Agents\q_tables\exp2_vs_rational_321123.pkl,N/A,J0,30,0,0,30,0,0,0
237,q_learning,sb3_league,C:\Users\Ramiro\Desktop\Truco-AI\game\agents\RL-Agents\q_tables\exp2_vs_rational_321123.pkl,N/A,J1,0,30,30,0,0,0,0
238,q_learning,sb3_league,C:\Users\Ramiro\Desktop\Truco-AI\game\agents\RL-Agents\q_tables\exp2_vs_rational_321123.pkl,N/A,J0,30,13,13,30,8,6,2
239,q_learning,sb3_league,C:\Users\Ramiro\Desktop\Truco-AI\game\agents\RL-Agents\q_tables\exp2_vs_rational_321123.pkl,N/A,J0,30,4,4,30,3,1,2
240,q_learning,sb3_league,C:\Users\Ramiro\Desktop\Truco-AI\game\agents\RL-Agents\q_tables\exp2_vs_rational_321123.pkl,N/A,J0,30,0,0,30,0,0,0
241,q_learning,sb3_league,C:\Users\Ramiro\Desktop\Truco-AI\game\agents\RL-Agents\q_tables\exp2_vs_rational_321123.pkl,N/A,J1,7,30,30,7,4,2,2
242,q_learning,sb3_league,C:\Users\Ramiro\Desktop\Truco-AI\game\agents\RL-Agents\q_tables\exp2_vs_rational_321123.pkl,N/A,J1,0,30,30,0,0,0,0
243,q_learning,sb3_league,C:\Users\Ramiro\Desktop\Truco-AI\game\agents\RL-Agents\q_tables\exp2_vs_rational_321123.pkl,N/A,J1,11,30,30,11,6,5,1
244,q_learning,sb3_league,C:\Users\Ramiro\Desktop\Truco-AI\game\agents\RL-Agents\q_tables\exp2_vs_rational_321123.pkl,N/A,J0,30,0,0,30,0,0,0
245,q_learning,sb3_league,C:\Users\Ramiro\Desktop\Truco-AI\game\agents\RL-Agents\q_tables\exp2_vs_rational_321123.pkl,N/A,J1,21,30,30,21,8,3,5
246,q_learning,sb3_league,C:\Users\Ramiro\Desktop\Truco-AI\game\agents\RL-Agents\q_tables\exp2_vs_rational_321123.pkl,N/A,J1,5,30,30,5,3,2,1
247,q_learning,sb3_league,C:\Users\Ramiro\Desktop\Truco-AI\game\agents\RL-Agents\q_tables\exp2_vs_rational_321123.pkl,N/A,J1,0,30,30,0,0,0,0
248,q_learning,sb3_league,C:\Users\Ramiro\Desktop\Truco-AI\game\agents\RL-Agents\q_tables\exp2_vs_rational_321123.pkl,N/A,J0,30,22,22,30,13,8,5
249,q_learning,sb3_league,C:\Users\Ramiro\Desktop\Truco-AI\game\agents\RL-Agents\q_tables\exp2_vs_rational_321123.pkl,N/A,J1,4,30,30,4,2,1,1
250,q_learning,sb3_league,C:\Users\Ramiro\Desktop\Truco-AI\game\agents\RL-Agents\q_tables\exp2_vs_rational_321123.pkl,N/A,J0,30,18,18,30,9,8,1
251,q_learning,sb3_league,C:\Users\Ramiro\Desktop\Truco-AI\game\agents\RL-Agents\q_tables\exp2_vs_rational_321123.pkl,N/A,J1,12,30,30,12,8,3,5
252,q_learning,sb3_league,C:\Users\Ramiro\Desktop\Truco-AI\game\agents\RL-Agents\q_tables\exp2_vs_rational_321123.pkl,N/A,J1,9,30,30,9,5,1,4
253,q_learning,sb3_league,C:\Users\Ramiro\Desktop\Truco-AI\game\agents\RL-Agents\q_tables\exp2_vs_rational_321123.pkl,N/A,J0,30,11,11,30,8,6,2
254,q_learning,sb3_league,C:\Users\Ramiro\Desktop\Truco-AI\game\agents\RL-Agents\q_tables\exp2_vs_rational_321123.pkl,N/A,J1,0,30,30,0,0,0,0
255,q_learning,sb3_league,C:\Users\Ramiro\Desktop\Truco-AI\game\agents\RL-Agents\q_tables\exp2_vs_rational_321123.pkl,N/A,J0,30,9,9,30,10,6,4
256,q_learning,sb3_league,C:\Users\Ramiro\Desktop\Truco-AI\game\agents\RL-Agents\q_tables\exp2_vs_rational_321123.pkl,N/A,J1,1,30,30,1,4,1,3
257,q_learning,sb3_league,C:\Users\Ramiro\Desktop\Truco-AI\game\agents\RL-Agents\q_tables\exp2_vs_rational_321123.pkl,N/A,J0,30,16,16,30,6,5,1
258,q_learning,sb3_league,C:\Users\Ramiro\Desktop\Truco-AI\game\agents\RL-Agents\q_tables\exp2_vs_rational_321123.pkl,N/A,J0,30,1,1,30,2,2,0
259,q_learning,sb3_league,C:\Users\Ramiro\Desktop\Truco-AI\game\agents\RL-Agents\q_tables\exp2_vs_rational_321123.pkl,N/A,J1,23,30,30,23,11,6,5
260,q_learning,sb3_league,C:\Users\Ramiro\Desktop\Truco-AI\game\agents\RL-Agents\q_tables\exp2_vs_rational_321123.pkl,N/A,J1,1,30,30,1,3,0,3
261,q_learning,sb3_league,C:\Users\Ramiro\Desktop\Truco-AI\game\agents\RL-Agents\q_tables\exp2_vs_rational_321123.pkl,N/A,J0,30,7,7,30,3,1,2
262,q_learning,sb3_league,C:\Users\Ramiro\Desktop\Truco-AI\game\agents\RL-Agents\q_tables\exp2_vs_rational_321123.pkl,N/A,J1,12,30,30,12,5,3,2
263,q_learning,sb3_league,C:\Users\Ramiro\Desktop\Truco-AI\game\agents\RL-Agents\q_tables\exp2_vs_rational_321123.pkl,N/A,J1,3,30,30,3,1,1,0
264,q_learning,sb3_league,C:\Users\Ramiro\Desktop\Truco-AI\game\agents\RL-Agents\q_tables\exp2_vs_rational_321123.pkl,N/A,J1,0,30,30,0,1,0,1
265,q_learning,sb3_league,C:\Users\Ramiro\Desktop\Truco-AI\game\agents\RL-Agents\q_tables\exp2_vs_rational_321123.pkl,N/A,J1,4,30,30,4,1,1,0
266,q_learning,sb3_league,C:\Users\Ramiro\Desktop\Truco-AI\game\agents\RL-Agents\q_tables\exp2_vs_rational_321123.pkl,N/A,J0,30,0,0,30,0,0,0
267,q_learning,sb3_league,C:\Users\Ramiro\Desktop\Truco-AI\game\agents\RL-Agents\q_tables\exp2_vs_rational_321123.pkl,N/A,J1,0,30,30,0,0,0,0
268,q_learning,sb3_league,C:\Users\Ramiro\Desktop\Truco-AI\game\agents\RL-Agents\q_tables\exp2_vs_rational_321123.pkl,N/A,J1,0,30,30,0,1,0,1
269,q_learning,sb3_league,C:\Users\Ramiro\Desktop\Truco-AI\game\agents\RL-Agents\q_tables\exp2_vs_rational_321123.pkl,N/A,J0,30,21,21,30,10,7,3
270,q_learning,sb3_league,C:\Users\Ramiro\Desktop\Truco-AI\game\agents\RL-Agents\q_tables\exp2_vs_rational_321123.pkl,N/A,J1,29,30,30,29,12,7,5
271,q_learning,sb3_league,C:\Users\Ramiro\Desktop\Truco-AI\game\agents\RL-Agents\q_tables\exp2_vs_rational_321123.pkl,N/A,J1,8,30,30,8,8,2,6
272,q_learning,sb3_league,C:\Users\Ramiro\Desktop\Truco-AI\game\agents\RL-Agents\q_tables\exp2_vs_rational_321123.pkl,N/A,J1,0,30,30,0,0,0,0
273,q_learning,sb3_league,C:\Users\Ramiro\Desktop\Truco-AI\game\agents\RL-Agents\q_tables\exp2_vs_rational_321123.pkl,N/A,J1,25,30,30,25,14,8,6
274,q_learning,sb3_league,C:\Users\Ramiro\Desktop\Truco-AI\game\agents\RL-Agents\q_tables\exp2_vs_rational_321123.pkl,N/A,J0,30,1,1,30,2,2,0
275,q_learning,sb3_league,C:\Users\Ramiro\Desktop\Truco-AI\game\agents\RL-Agents\q_tables\exp2_vs_rational_321123.pkl,N/A,J0,30,0,0,30,1,1,0
276,q_learning,sb3_league,C:\Users\Ramiro\Desktop\Truco-AI\game\agents\RL-Agents\q_tables\exp2_vs_rational_321123.pkl,N/A,J1,0,30,30,0,1,0,1
277,q_learning,sb3_league,C:\Users\Ramiro\Desktop\Truco-AI\game\agents\RL-Agents\q_tables\exp2_vs_rational_321123.pkl,N/A,J0,30,1,1,30,6,6,0
278,q_learning,sb3_league,C:\Users\Ramiro\Desktop\Truco-AI\game\agents\RL-Agents\q_tables\exp2_vs_rational_321123.pkl,N/A,J1,1,30,30,1,2,0,2
279,q_learning,sb3_league,C:\Users\Ramiro\Desktop\Truco-AI\game\agents\RL-Agents\q_tables\exp2_vs_rational_321123.pkl,N/A,J1,0,30,30,0,0,0,0
280,q_learning,sb3_league,C:\Users\Ramiro\Desktop\Truco-AI\game\agents\RL-Agents\q_tables\exp2_vs_rational_321123.pkl,N/A,J0,30,17,17,30,10,8,2
281,q_learning,sb3_league,C:\Users\Ramiro\Desktop\Truco-AI\game\agents\RL-Agents\q_tables\exp2_vs_rational_321123.pkl,N/A,J0,30,15,15,30,12,6,6
282,q_learning,sb3_league,C:\Users\Ramiro\Desktop\Truco-AI\game\agents\RL-Agents\q_tables\exp2_vs_rational_321123.pkl,N/A,J0,30,29,29,30,12,7,5
283,q_learning,sb3_league,C:\Users\Ramiro\Desktop\Truco-AI\game\agents\RL-Agents\q_tables\exp2_vs_rational_321123.pkl,N/A,J1,0,30,30,0,0,0,0
284,q_learning,sb3_league,C:\Users\Ramiro\Desktop\Truco-AI\game\agents\RL-Agents\q_tables\exp2_vs_rational_321123.pkl,N/A,J0,30,13,13,30,12,7,5
285,q_learning,sb3_league,C:\Users\Ramiro\Desktop\Truco-AI\game\agents\RL-Agents\q_tables\exp2_vs_rational_321123.pkl,N/A,J1,17,30,30,17,10,4,6
286,q_learning,sb3_league,C:\Users\Ramiro\Desktop\Truco-AI\game\agents\RL-Agents\q_tables\exp2_vs_rational_321123.pkl,N/A,J0,30,18,18,30,9,6,3
287,q_learning,sb3_league,C:\Users\Ramiro\Desktop\Truco-AI\game\agents\RL-Agents\q_tables\exp2_vs_rational_321123.pkl,N/A,J1,3,30,30,3,2,1,1
288,q_learning,sb3_league,C:\Users\Ramiro\Desktop\Truco-AI\game\agents\RL-Agents\q_tables\exp2_vs_rational_321123.pkl,N/A,J0,30,26,26,30,11,6,5
289,q_learning,sb3_league,C:\Users\Ramiro\Desktop\Truco-AI\game\agents\RL-Agents\q_tables\exp2_vs_rational_321123.pkl,N/A,J1,0,30,30,0,0,0,0
290,q_learning,sb3_league,C:\Users\Ramiro\Desktop\Truco-AI\game\agents\RL-Agents\q_tables\exp2_vs_rational_321123.pkl,N/A,J1,16,30,30,16,10,4,6
291,q_learning,sb3_league,C:\Users\Ramiro\Desktop\Truco-AI\game\agents\RL-Agents\q_tables\exp2_vs_rational_321123.pkl,N/A,J1,10,30,30,10,5,1,4
292,q_learning,sb3_league,C:\Users\Ramiro\Desktop\Truco-AI\game\agents\RL-Agents\q_tables\exp2_vs_rational_321123.pkl,N/A,J0,30,0,0,30,0,0,0
293,q_learning,sb3_league,C:\Users\Ramiro\Desktop\Truco-AI\game\agents\RL-Agents\q_tables\exp2_vs_rational_321123.pkl,N/A,J1,19,30,30,19,5,4,1
294,q_learning,sb3_league,C:\Users\Ramiro\Desktop\Truco-AI\game\agents\RL-Agents\q_tables\exp2_vs_rational_321123.pkl,N/A,J0,30,17,17,30,7,1,6
295,q_learning,sb3_league,C:\Users\Ramiro\Desktop\Truco-AI\game\agents\RL-Agents\q_tables\exp2_vs_rational_321123.pkl,N/A,J0,30,10,10,30,7,5,2
296,q_learning,sb3_league,C:\Users\Ramiro\Desktop\Truco-AI\game\agents\RL-Agents\q_tables\exp2_vs_rational_321123.pkl,N/A,J1,5,30,30,5,3,3,0
297,q_learning,sb3_league,C:\Users\Ramiro\Desktop\Truco-AI\game\agents\RL-Agents\q_tables\exp2_vs_rational_321123.pkl,N/A,J1,27,30,30,27,6,1,5
298,q_learning,sb3_league,C:\Users\Ramiro\Desktop\Truco-AI\game\agents\RL-Agents\q_tables\exp2_vs_rational_321123.pkl,N/A,J1,11,30,30,11,5,3,2
299,q_learning,sb3_league,C:\Users\Ramiro\Desktop\Truco-AI\game\agents\RL-Agents\q_tables\exp2_vs_rational_321123.pkl,N/A,J0,30,10,10,30,6,3,3
300,q_learning,sb3_league,C:\Users\Ramiro\Desktop\Truco-AI\game\agents\RL-Agents\q_tables\exp2_vs_rational_321123.pkl,N/A,J0,30,0,0,30,0,0,0
301,q_learning,sb3_league,C:\Users\Ramiro\Desktop\Truco-AI\game\agents\RL-Agents\q_tables\exp2_vs_rational_321123.pkl,N/A,J1,22,30,30,22,7,6,1
302,q_learning,sb3_league,C:\Users\Ramiro\Desktop\Truco-AI\game\agents\RL-Agents\q_tables\exp2_vs_rational_321123.pkl,N/A,J0,30,1,1,30,1,1,0
303,q_learning,sb3_league,C:\Users\Ramiro\Desktop\Truco-AI\game\agents\RL-Agents\q_tables\exp2_vs_rational_321123.pkl,N/A,J0,30,15,15,30,6,4,2
304,q_learning,sb3_league,C:\Users\Ramiro\Desktop\Truco-AI\game\agents\RL-Agents\q_tables\exp2_vs_rational_321123.pkl,N/A,J1,0,30,30,0,0,0,0
305,q_learning,sb3_league,C:\Users\Ramiro\Desktop\Truco-AI\game\agents\RL-Agents\q_tables\exp2_vs_rational_321123.pkl,N/A,J1,27,30,30,27,11,5,6
306,q_learning,sb3_league,C:\Users\Ramiro\Desktop\Truco-AI\game\agents\RL-Agents\q_tables\exp2_vs_rational_321123.pkl,N/A,J0,30,10,10,30,6,4,2
307,q_learning,sb3_league,C:\Users\Ramiro\Desktop\Truco-AI\game\agents\RL-Agents\q_tables\exp2_vs_rational_321123.pkl,N/A,J1,6,30,30,6,3,1,2
308,q_learning,sb3_league,C:\Users\Ramiro\Desktop\Truco-AI\game\agents\RL-Agents\q_tables\exp2_vs_rational_321123.pkl,N/A,J1,25,30,30,25,12,7,5
309,q_learning,sb3_league,C:\Users\Ramiro\Desktop\Truco-AI\game\agents\RL-Agents\q_tables\exp2_vs_rational_321123.pkl,N/A,J0,30,0,0,30,0,0,0
310,q_learning,sb3_league,C:\Users\Ramiro\Desktop\Truco-AI\game\agents\RL-Agents\q_tables\exp2_vs_rational_321123.pkl,N/A,J0,30,0,0,30,0,0,0
311,q_learning,sb3_league,C:\Users\Ramiro\Desktop\Truco-AI\game\agents\RL-Agents\q_tables\exp2_vs_rational_321123.pkl,N/A,J0,30,1,1,30,1,0,1
312,q_learning,sb3_league,C:\Users\Ramiro\Desktop\Truco-AI\game\agents\RL-Agents\q_tables\exp2_vs_rational_321123.pkl,N/A,J1,7,30,30,7,3,1,2
313,q_learning,sb3_league,C:\Users\Ramiro\Desktop\Truco-AI\game\agents\RL-Agents\q_tables\exp2_vs_rational_321123.pkl,N/A,J1,0,30,30,0,0,0,0
314,q_learning,sb3_league,C:\Users\Ramiro\Desktop\Truco-AI\game\agents\RL-Agents\q_tables\exp2_vs_rational_321123.pkl,N/A,J1,9,30,30,9,3,2,1
315,q_learning,sb3_league,C:\Users\Ramiro\Desktop\Truco-AI\game\agents\RL-Agents\q_tables\exp2_vs_rational_321123.pkl,N/A,J0,30,26,26,30,13,7,6
316,q_learning,sb3_league,C:\Users\Ramiro\Desktop\Truco-AI\game\agents\RL-Agents\q_tables\exp2_vs_rational_321123.pkl,N/A,J1,2,30,30,2,2,1,1
317,q_learning,sb3_league,C:\Users\Ramiro\Desktop\Truco-AI\game\agents\RL-Agents\q_tables\exp2_vs_rational_321123.pkl,N/A,J0,30,0,0,30,0,0,0
318,q_learning,sb3_league,C:\Users\Ramiro\Desktop\Truco-AI\game\agents\RL-Agents\q_tables\exp2_vs_rational_321123.pkl,N/A,J0,30,2,2,30,3,2,1
319,q_learning,sb3_league,C:\Users\Ramiro\Desktop\Truco-AI\game\agents\RL-Agents\q_tables\exp2_vs_rational_321123.pkl,N/A,J1,12,30,30,12,4,1,3
320,q_learning,sb3_league,C:\Users\Ramiro\Desktop\Truco-AI\game\agents\RL-Agents\q_tables\exp2_vs_rational_321123.pkl,N/A,J0,30,0,0,30,0,0,0
321,q_learning,sb3_league,C:\Users\Ramiro\Desktop\Truco-AI\game\agents\RL-Agents\q_tables\exp2_vs_rational_321123.pkl,N/A,J0,30,22,22,30,9,4,5
322,q_learning,sb3_league,C:\Users\Ramiro\Desktop\Truco-AI\game\agents\RL-Agents\q_tables\exp2_vs_rational_321123.pkl,N/A,J1,0,30,30,0,0,0,0
323,q_learning,sb3_league,C:\Users\Ramiro\Desktop\Truco-AI\game\agents\RL-Agents\q_tables\exp2_vs_rational_321123.pkl,N/A,J1,7,30,30,7,10,3,7
324,q_learning,sb3_league,C:\Users\Ramiro\Desktop\Truco-AI\game\agents\RL-Agents\q_tables\exp2_vs_rational_321123.pkl,N/A,J1,2,30,30,2,1,1,0
325,q_learning,sb3_league,C:\Users\Ramiro\Desktop\Truco-AI\game\agents\RL-Agents\q_tables\exp2_vs_rational_321123.pkl,N/A,J1,0,30,30,0,0,0,0
326,q_learning,sb3_league,C:\Users\Ramiro\Desktop\Truco-AI\game\agents\RL-Agents\q_tables\exp2_vs_rational_321123.pkl,N/A,J0,30,11,11,30,8,5,3
327,q_learning,sb3_league,C:\Users\Ramiro\Desktop\Truco-AI\game\agents\RL-Agents\q_tables\exp2_vs_rational_321123.pkl,N/A,J1,14,30,30,14,8,4,4
328,q_learning,sb3_league,C:\Users\Ramiro\Desktop\Truco-AI\game\agents\RL-Agents\q_tables\exp2_vs_rational_321123.pkl,N/A,J0,30,7,7,30,6,6,0
329,q_learning,sb3_league,C:\Users\Ramiro\Desktop\Truco-AI\game\agents\RL-Agents\q_tables\exp2_vs_rational_321123.pkl,N/A,J0,30,0,0,30,1,1,0
330,q_learning,sb3_league,C:\Users\Ramiro\Desktop\Truco-AI\game\agents\RL-Agents\q_tables\exp2_vs_rational_321123.pkl,N/A,J0,30,26,26,30,11,6,5
331,q_learning,sb3_league,C:\Users\Ramiro\Desktop\Truco-AI\game\agents\RL-Agents\q_tables\exp2_vs_rational_321123.pkl,N/A,J1,24,30,30,24,8,3,5
332,q_learning,sb3_league,C:\Users\Ramiro\Desktop\Truco-AI\game\agents\RL-Agents\q_tables\exp2_vs_rational_321123.pkl,N/A,J0,30,4,4,30,7,5,2
333,q_learning,sb3_league,C:\Users\Ramiro\Desktop\Truco-AI\game\agents\RL-Agents\q_tables\exp2_vs_rational_321123.pkl,N/A,J0,30,17,17,30,8,5,3
334,q_learning,sb3_league,C:\Users\Ramiro\Desktop\Truco-AI\game\agents\RL-Agents\q_tables\exp2_vs_rational_321123.pkl,N/A,J0,30,29,29,30,11,5,6
335,q_learning,sb3_league,C:\Users\Ramiro\Desktop\Truco-AI\game\agents\RL-Agents\q_tables\exp2_vs_rational_321123.pkl,N/A,J0,30,6,6,30,5,4,1
336,q_learning,sb3_league,C:\Users\Ramiro\Desktop\Truco-AI\game\agents\RL-Agents\q_tables\exp2_vs_rational_321123.pkl,N/A,J0,30,25,25,30,13,4,9
337,q_learning,sb3_league,C:\Users\Ramiro\Desktop\Truco-AI\game\agents\RL-Agents\q_tables\exp2_vs_rational_321123.pkl,N/A,J0,30,26,26,30,13,9,4
338,q_learning,sb3_league,C:\Users\Ramiro\Desktop\Truco-AI\game\agents\RL-Agents\q_tables\exp2_vs_rational_321123.pkl,N/A,J0,30,0,0,30,1,1,0
339,q_learning,sb3_league,C:\Users\Ramiro\Desktop\Truco-AI\game\agents\RL-Agents\q_tables\exp2_vs_rational_321123.pkl,N/A,J1,0,30,30,0,1,0,1
340,q_learning,sb3_league,C:\Users\Ramiro\Desktop\Truco-AI\game\agents\RL-Agents\q_tables\exp2_vs_rational_321123.pkl,N/A,J0,30,0,0,30,0,0,0
341,q_learning,sb3_league,C:\Users\Ramiro\Desktop\Truco-AI\game\agents\RL-Agents\q_tables\exp2_vs_rational_321123.pkl,N/A,J0,30,0,0,30,2,2,0
342,q_learning,sb3_league,C:\Users\Ramiro\Desktop\Truco-AI\game\agents\RL-Agents\q_tables\exp2_vs_rational_321123.pkl,N/A,J1,0,30,30,0,0,0,0
343,q_learning,sb3_league,C:\Users\Ramiro\Desktop\Truco-AI\game\agents\RL-Agents\q_tables\exp2_vs_rational_321123.pkl,N/A,J0,30,1,1,30,1,0,1
344,q_learning,sb3_league,C:\Users\Ramiro\Desktop\Truco-AI\game\agents\RL-Agents\q_tables\exp2_vs_rational_321123.pkl,N/A,J0,30,26,26,30,7,6,1
345,q_learning,sb3_league,C:\Users\Ramiro\Desktop\Truco-AI\game\agents\RL-Agents\q_tables\exp2_vs_rational_321123.pkl,N/A,J1,22,30,30,22,15,6,9
346,q_learning,sb3_league,C:\Users\Ramiro\Desktop\Truco-AI\game\agents\RL-Agents\q_tables\exp2_vs_rational_321123.pkl,N/A,J0,30,14,14,30,10,6,4
347,q_learning,sb3_league,C:\Users\Ramiro\Desktop\Truco-AI\game\agents\RL-Agents\q_tables\exp2_vs_rational_321123.pkl,N/A,J1,0,30,30,0,0,0,0
348,q_learning,sb3_league,C:\Users\Ramiro\Desktop\Truco-AI\game\agents\RL-Agents\q_tables\exp2_vs_rational_321123.pkl,N/A,J1,2,30,30,2,1,1,0
349,q_learning,sb3_league,C:\Users\Ramiro\Desktop\Truco-AI\game\agents\RL-Agents\q_tables\exp2_vs_rational_321123.pkl,N/A,J0,30,19,19,30,6,3,3
350,q_learning,sb3_league,C:\Users\Ramiro\Desktop\Truco-AI\game\agents\RL-Agents\q_tables\exp2_vs_rational_321123.pkl,N/A,J1,0,30,30,0,0,0,0
351,q_learning,sb3_league,C:\Users\Ramiro\Desktop\Truco-AI\game\agents\RL-Agents\q_tables\exp2_vs_rational_321123.pkl,N/A,J1,0,30,30,0,0,0,0
352,q_learning,sb3_league,C:\Users\Ramiro\Desktop\Truco-AI\game\agents\RL-Agents\q_tables\exp2_vs_rational_321123.pkl,N/A,J0,30,7,7,30,4,2,2
353,q_learning,sb3_league,C:\Users\Ramiro\Desktop\Truco-AI\game\agents\RL-Agents\q_tables\exp2_vs_rational_321123.pkl,N/A,J1,0,30,30,0,0,0,0
354,q_learning,sb3_league,C:\Users\Ramiro\Desktop\Truco-AI\game\agents\RL-Agents\q_tables\exp2_vs_rational_321123.pkl,N/A,J1,17,30,30,17,6,3,3
355,q_learning,sb3_league,C:\Users\Ramiro\Desktop\Truco-AI\game\agents\RL-Agents\q_tables\exp2_vs_rational_321123.pkl,N/A,J0,30,0,0,30,0,0,0
356,q_learning,sb3_league,C:\Users\Ramiro\Desktop\Truco-AI\game\agents\RL-Agents\q_tables\exp2_vs_rational_321123.pkl,N/A,J0,30,0,0,30,0,0,0
357,q_learning,sb3_league,C:\Users\Ramiro\Desktop\Truco-AI\game\agents\RL-Agents\q_tables\exp2_vs_rational_321123.pkl,N/A,J0,30,0,0,30,0,0,0
358,q_learning,sb3_league,C:\Users\Ramiro\Desktop\Truco-AI\game\agents\RL-Agents\q_tables\exp2_vs_rational_321123.pkl,N/A,J1,0,30,30,0,0,0,0
359,q_learning,sb3_league,C:\Users\Ramiro\Desktop\Truco-AI\game\agents\RL-Agents\q_tables\exp2_vs_rational_321123.pkl,N/A,J1,27,30,30,27,14,7,7
360,q_learning,sb3_league,C:\Users\Ramiro\Desktop\Truco-AI\game\agents\RL-Agents\q_tables\exp2_vs_rational_321123.pkl,N/A,J0,30,0,0,30,1,1,0
361,q_learning,sb3_league,C:\Users\Ramiro\Desktop\Truco-AI\game\agents\RL-Agents\q_tables\exp2_vs_rational_321123.pkl,N/A,J1,0,30,30,0,1,0,1
362,q_learning,sb3_league,C:\Users\Ramiro\Desktop\Truco-AI\game\agents\RL-Agents\q_tables\exp2_vs_rational_321123.pkl,N/A,J1,12,30,30,12,12,3,9
363,q_learning,sb3_league,C:\Users\Ramiro\Desktop\Truco-AI\game\agents\RL-Agents\q_tables\exp2_vs_rational_321123.pkl,N/A,J0,30,14,14,30,6,2,4
364,q_learning,sb3_league,C:\Users\Ramiro\Desktop\Truco-AI\game\agents\RL-Agents\q_tables\exp2_vs_rational_321123.pkl,N/A,J1,0,30,30,0,0,0,0
365,q_learning,sb3_league,C:\Users\Ramiro\Desktop\Truco-AI\game\agents\RL-Agents\q_tables\exp2_vs_rational_321123.pkl,N/A,J0,30,29,29,30,13,6,7
366,q_learning,sb3_league,C:\Users\Ramiro\Desktop\Truco-AI\game\agents\RL-Agents\q_tables\exp2_vs_rational_321123.pkl,N/A,J1,2,30,30,2,3,0,3
367,q_learning,sb3_league,C:\Users\Ramiro\Desktop\Truco-AI\game\agents\RL-Agents\q_tables\exp2_vs_rational_321123.pkl,N/A,J1,0,30,30,0,0,0,0
368,q_learning,sb3_league,C:\Users\Ramiro\Desktop\Truco-AI\game\agents\RL-Agents\q_tables\exp2_vs_rational_321123.pkl,N/A,J1,0,30,30,0,0,0,0
369,q_learning,sb3_league,C:\Users\Ramiro\Desktop\Truco-AI\game\agents\RL-Agents\q_tables\exp2_vs_rational_321123.pkl,N/A,J1,0,30,30,0,0,0,0
370,q_learning,sb3_league,C:\Users\Ramiro\Desktop\Truco-AI\game\agents\RL-Agents\q_tables\exp2_vs_rational_321123.pkl,N/A,J1,18,30,30,18,9,5,4
371,q_learning,sb3_league,C:\Users\Ramiro\Desktop\Truco-AI\game\agents\RL-Agents\q_tables\exp2_vs_rational_321123.pkl,N/A,J0,30,0,0,30,0,0,0
372,q_learning,sb3_league,C:\Users\Ramiro\Desktop\Truco-AI\game\agents\RL-Agents\q_tables\exp2_vs_rational_321123.pkl,N/A,J0,30,25,25,30,11,6,5
373,q_learning,sb3_league,C:\Users\Ramiro\Desktop\Truco-AI\game\agents\RL-Agents\q_tables\exp2_vs_rational_321123.pkl,N/A,J0,30,3,3,30,2,0,2
374,q_learning,sb3_league,C:\Users\Ramiro\Desktop\Truco-AI\game\agents\RL-Agents\q_tables\exp2_vs_rational_321123.pkl,N/A,J1,0,30,30,0,0,0,0
375,q_learning,sb3_league,C:\Users\Ramiro\Desktop\Truco-AI\game\agents\RL-Agents\q_tables\exp2_vs_rational_321123.pkl,N/A,J1,0,30,30,0,0,0,0
376,q_learning,sb3_league,C:\Users\Ramiro\Desktop\Truco-AI\game\agents\RL-Agents\q_tables\exp2_vs_rational_321123.pkl,N/A,J1,7,30,30,7,7,3,4
377,q_learning,sb3_league,C:\Users\Ramiro\Desktop\Truco-AI\game\agents\RL-Agents\q_tables\exp2_vs_rational_321123.pkl,N/A,J1,13,30,30,13,9,4,5
378,q_learning,sb3_league,C:\Users\Ramiro\Desktop\Truco-AI\game\agents\RL-Agents\q_tables\exp2_vs_rational_321123.pkl,N/A,J1,9,30,30,9,6,3,3
379,q_learning,sb3_league,C:\Users\Ramiro\Desktop\Truco-AI\game\agents\RL-Agents\q_tables\exp2_vs_rational_321123.pkl,N/A,J1,25,30,30,25,11,7,4
380,q_learning,sb3_league,C:\Users\Ramiro\Desktop\Truco-AI\game\agents\RL-Agents\q_tables\exp2_vs_rational_321123.pkl,N/A,J0,30,8,8,30,4,0,4
381,q_learning,sb3_league,C:\Users\Ramiro\Desktop\Truco-AI\game\agents\RL-Agents\q_tables\exp2_vs_rational_321123.pkl,N/A,J0,30,14,14,30,11,7,4
382,q_learning,sb3_league,C:\Users\Ramiro\Desktop\Truco-AI\game\agents\RL-Agents\q_tables\exp2_vs_rational_321123.pkl,N/A,J0,30,0,0,30,0,0,0
383,q_learning,sb3_league,C:\Users\Ramiro\Desktop\Truco-AI\game\agents\RL-Agents\q_tables\exp2_vs_rational_321123.pkl,N/A,J0,30,16,16,30,7,3,4
384,q_learning,sb3_league,C:\Users\Ramiro\Desktop\Truco-AI\game\agents\RL-Agents\q_tables\exp2_vs_rational_321123.pkl,N/A,J1,4,30,30,4,2,1,1
385,q_learning,sb3_league,C:\Users\Ramiro\Desktop\Truco-AI\game\agents\RL-Agents\q_tables\exp2_vs_rational_321123.pkl,N/A,J1,0,30,30,0,0,0,0
386,q_learning,sb3_league,C:\Users\Ramiro\Desktop\Truco-AI\game\agents\RL-Agents\q_tables\exp2_vs_rational_321123.pkl,N/A,J1,2,30,30,2,2,1,1
387,q_learning,sb3_league,C:\Users\Ramiro\Desktop\Truco-AI\game\agents\RL-Agents\q_tables\exp2_vs_rational_321123.pkl,N/A,J1,9,30,30,9,4,3,1
388,q_learning,sb3_league,C:\Users\Ramiro\Desktop\Truco-AI\game\agents\RL-Agents\q_tables\exp2_vs_rational_321123.pkl,N/A,J1,6,30,30,6,4,1,3
389,q_learning,sb3_league,C:\Users\Ramiro\Desktop\Truco-AI\game\agents\RL-Agents\q_tables\exp2_vs_rational_321123.pkl,N/A,J0,30,16,16,30,11,7,4
390,q_learning,sb3_league,C:\Users\Ramiro\Desktop\Truco-AI\game\agents\RL-Agents\q_tables\exp2_vs_rational_321123.pkl,N/A,J1,13,30,30,13,10,3,7
391,q_learning,sb3_league,C:\Users\Ramiro\Desktop\Truco-AI\game\agents\RL-Agents\q_tables\exp2_vs_rational_321123.pkl,N/A,J0,30,7,7,30,8,8,0
392,q_learning,sb3_league,C:\Users\Ramiro\Desktop\Truco-AI\game\agents\RL-Agents\q_tables\exp2_vs_rational_321123.pkl,N/A,J0,30,0,0,30,0,0,0
393,q_learning,sb3_league,C:\Users\Ramiro\Desktop\Truco-AI\game\agents\RL-Agents\q_tables\exp2_vs_rational_321123.pkl,N/A,J1,1,30,30,1,2,1,1
394,q_learning,sb3_league,C:\Users\Ramiro\Desktop\Truco-AI\game\agents\RL-Agents\q_tables\exp2_vs_rational_321123.pkl,N/A,J0,30,2,2,30,2,1,1
395,q_learning,sb3_league,C:\Users\Ramiro\Desktop\Truco-AI\game\agents\RL-Agents\q_tables\exp2_vs_rational_321123.pkl,N/A,J1,11,30,30,11,5,3,2
396,q_learning,sb3_league,C:\Users\Ramiro\Desktop\Truco-AI\game\agents\RL-Agents\q_tables\exp2_vs_rational_321123.pkl,N/A,J1,2,30,30,2,1,1,0
397,q_learning,sb3_league,C:\Users\Ramiro\Desktop\Truco-AI\game\agents\RL-Agents\q_tables\exp2_vs_rational_321123.pkl,N/A,J1,1,30,30,1,2,1,1
398,q_learning,sb3_league,C:\Users\Ramiro\Desktop\Truco-AI\game\agents\RL-Agents\q_tables\exp2_vs_rational_321123.pkl,N/A,J0,30,3,3,30,5,4,1
399,q_learning,sb3_league,C:\Users\Ramiro\Desktop\Truco-AI\game\agents\RL-Agents\q_tables\exp2_vs_rational_321123.pkl,N/A,J1,25,30,30,25,15,8,7
400,q_learning,sb3_league,C:\Users\Ramiro\Desktop\Truco-AI\game\agents\RL-Agents\q_tables\exp2_vs_rational_321123.pkl,N/A,J0,30,21,21,30,10,6,4
401,q_learning,sb3_league,C:\Users\Ramiro\Desktop\Truco-AI\game\agents\RL-Agents\q_tables\exp2_vs_rational_321123.pkl,N/A,J1,15,30,30,15,2,2,0
402,q_learning,sb3_league,C:\Users\Ramiro\Desktop\Truco-AI\game\agents\RL-Agents\q_tables\exp2_vs_rational_321123.pkl,N/A,J0,30,11,11,30,5,0,5
403,q_learning,sb3_league,C:\Users\Ramiro\Desktop\Truco-AI\game\agents\RL-Agents\q_tables\exp2_vs_rational_321123.pkl,N/A,J0,30,17,17,30,9,4,5
404,q_learning,sb3_league,C:\Users\Ramiro\Desktop\Truco-AI\game\agents\RL-Agents\q_tables\exp2_vs_rational_321123.pkl,N/A,J1,25,30,30,25,12,8,4
405,q_learning,sb3_league,C:\Users\Ramiro\Desktop\Truco-AI\game\agents\RL-Agents\q_tables\exp2_vs_rational_321123.pkl,N/A,J1,13,30,30,13,8,3,5
406,q_learning,sb3_league,C:\Users\Ramiro\Desktop\Truco-AI\game\agents\RL-Agents\q_tables\exp2_vs_rational_321123.pkl,N/A,J0,30,14,14,30,4,1,3
407,q_learning,sb3_league,C:\Users\Ramiro\Desktop\Truco-AI\game\agents\RL-Agents\q_tables\exp2_vs_rational_321123.pkl,N/A,J1,1,30,30,1,2,1,1
408,q_learning,sb3_league,C:\Users\Ramiro\Desktop\Truco-AI\game\agents\RL-Agents\q_tables\exp2_vs_rational_321123.pkl,N/A,J1,15,30,30,15,7,2,5
409,q_learning,sb3_league,C:\Users\Ramiro\Desktop\Truco-AI\game\agents\RL-Agents\q_tables\exp2_vs_rational_321123.pkl,N/A,J1,0,30,30,0,0,0,0
410,q_learning,sb3_league,C:\Users\Ramiro\Desktop\Truco-AI\game\agents\RL-Agents\q_tables\exp2_vs_rational_321123.pkl,N/A,J1,0,30,30,0,0,0,0
411,q_learning,sb3_league,C:\Users\Ramiro\Desktop\Truco-AI\game\agents\RL-Agents\q_tables\exp2_vs_rational_321123.pkl,N/A,J1,9,30,30,9,4,3,1
412,q_learning,sb3_league,C:\Users\Ramiro\Desktop\Truco-AI\game\agents\RL-Agents\q_tables\exp2_vs_rational_321123.pkl,N/A,J0,30,1,1,30,1,1,0
413,q_learning,sb3_league,C:\Users\Ramiro\Desktop\Truco-AI\game\agents\RL-Agents\q_tables\exp2_vs_rational_321123.pkl,N/A,J0,30,0,0,30,1,1,0
414,q_learning,sb3_league,C:\Users\Ramiro\Desktop\Truco-AI\game\agents\RL-Agents\q_tables\exp2_vs_rational_321123.pkl,N/A,J0,30,28,28,30,14,5,9
415,q_learning,sb3_league,C:\Users\Ramiro\Desktop\Truco-AI\game\agents\RL-Agents\q_tables\exp2_vs_rational_321123.pkl,N/A,J0,30,9,9,30,2,0,2
416,q_learning,sb3_league,C:\Users\Ramiro\Desktop\Truco-AI\game\agents\RL-Agents\q_tables\exp2_vs_rational_321123.pkl,N/A,J0,30,27,27,30,10,5,5
417,q_learning,sb3_league,C:\Users\Ramiro\Desktop\Truco-AI\game\agents\RL-Agents\q_tables\exp2_vs_rational_321123.pkl,N/A,J0,30,15,15,30,9,6,3
418,q_learning,sb3_league,C:\Users\Ramiro\Desktop\Truco-AI\game\agents\RL-Agents\q_tables\exp2_vs_rational_321123.pkl,N/A,J0,30,25,25,30,16,11,5
419,q_learning,sb3_league,C:\Users\Ramiro\Desktop\Truco-AI\game\agents\RL-Agents\q_tables\exp2_vs_rational_321123.pkl,N/A,J1,2,30,30,2,2,1,1
420,q_learning,sb3_league,C:\Users\Ramiro\Desktop\Truco-AI\game\agents\RL-Agents\q_tables\exp2_vs_rational_321123.pkl,N/A,J0,30,9,9,30,5,3,2
421,q_learning,sb3_league,C:\Users\Ramiro\Desktop\Truco-AI\game\agents\RL-Agents\q_tables\exp2_vs_rational_321123.pkl,N/A,J0,30,8,8,30,7,6,1
422,q_learning,sb3_league,C:\Users\Ramiro\Desktop\Truco-AI\game\agents\RL-Agents\q_tables\exp2_vs_rational_321123.pkl,N/A,J1,15,30,30,15,8,4,4
423,q_learning,sb3_league,C:\Users\Ramiro\Desktop\Truco-AI\game\agents\RL-Agents\q_tables\exp2_vs_rational_321123.pkl,N/A,J0,30,10,10,30,6,3,3
424,q_learning,sb3_league,C:\Users\Ramiro\Desktop\Truco-AI\game\agents\RL-Agents\q_tables\exp2_vs_rational_321123.pkl,N/A,J0,30,0,0,30,0,0,0
425,q_learning,sb3_league,C:\Users\Ramiro\Desktop\Truco-AI\game\agents\RL-Agents\q_tables\exp2_vs_rational_321123.pkl,N/A,J1,1,30,30,1,1,0,1
426,q_learning,sb3_league,C:\Users\Ramiro\Desktop\Truco-AI\game\agents\RL-Agents\q_tables\exp2_vs_rational_321123.pkl,N/A,J1,16,30,30,16,5,4,1
427,q_learning,sb3_league,C:\Users\Ramiro\Desktop\Truco-AI\game\agents\RL-Agents\q_tables\exp2_vs_rational_321123.pkl,N/A,J0,30,4,4,30,2,1,1
428,q_learning,sb3_league,C:\Users\Ramiro\Desktop\Truco-AI\game\agents\RL-Agents\q_tables\exp2_vs_rational_321123.pkl,N/A,J1,0,30,30,0,0,0,0
429,q_learning,sb3_league,C:\Users\Ramiro\Desktop\Truco-AI\game\agents\RL-Agents\q_tables\exp2_vs_rational_321123.pkl,N/A,J0,30,19,19,30,13,8,5
430,q_learning,sb3_league,C:\Users\Ramiro\Desktop\Truco-AI\game\agents\RL-Agents\q_tables\exp2_vs_rational_321123.pkl,N/A,J0,30,1,1,30,1,0,1
431,q_learning,sb3_league,C:\Users\Ramiro\Desktop\Truco-AI\game\agents\RL-Agents\q_tables\exp2_vs_rational_321123.pkl,N/A,J0,30,0,0,30,0,0,0
432,q_learning,sb3_league,C:\Users\Ramiro\Desktop\Truco-AI\game\agents\RL-Agents\q_tables\exp2_vs_rational_321123.pkl,N/A,J0,30,2,2,30,2,2,0
433,q_learning,sb3_league,C:\Users\Ramiro\Desktop\Truco-AI\game\agents\RL-Agents\q_tables\exp2_vs_rational_321123.pkl,N/A,J1,23,30,30,23,13,8,5
434,q_learning,sb3_league,C:\Users\Ramiro\Desktop\Truco-AI\game\agents\RL-Agents\q_tables\exp2_vs_rational_321123.pkl,N/A,J0,30,0,0,30,0,0,0
435,q_learning,sb3_league,C:\Users\Ramiro\Desktop\Truco-AI\game\agents\RL-Agents\q_tables\exp2_vs_rational_321123.pkl,N/A,J0,30,4,4,30,1,0,1
436,q_learning,sb3_league,C:\Users\Ramiro\Desktop\Truco-AI\game\agents\RL-Agents\q_tables\exp2_vs_rational_321123.pkl,N/A,J0,30,12,12,30,9,7,2
437,q_learning,sb3_league,C:\Users\Ramiro\Desktop\Truco-AI\game\agents\RL-Agents\q_tables\exp2_vs_rational_321123.pkl,N/A,J1,0,30,30,0,0,0,0
438,q_learning,sb3_league,C:\Users\Ramiro\Desktop\Truco-AI\game\agents\RL-Agents\q_tables\exp2_vs_rational_321123.pkl,N/A,J1,3,30,30,3,4,0,4
439,q_learning,sb3_league,C:\Users\Ramiro\Desktop\Truco-AI\game\agents\RL-Agents\q_tables\exp2_vs_rational_321123.pkl,N/A,J0,30,0,0,30,0,0,0
440,q_learning,sb3_league,C:\Users\Ramiro\Desktop\Truco-AI\game\agents\RL-Agents\q_tables\exp2_vs_rational_321123.pkl,N/A,J0,30,4,4,30,2,1,1
441,q_learning,sb3_league,C:\Users\Ramiro\Desktop\Truco-AI\game\agents\RL-Agents\q_tables\exp2_vs_rational_321123.pkl,N/A,J0,30,1,1,30,2,2,0
442,q_learning,sb3_league,C:\Users\Ramiro\Desktop\Truco-AI\game\agents\RL-Agents\q_tables\exp2_vs_rational_321123.pkl,N/A,J1,5,30,30,5,4,2,2
443,q_learning,sb3_league,C:\Users\Ramiro\Desktop\Truco-AI\game\agents\RL-Agents\q_tables\exp2_vs_rational_321123.pkl,N/A,J0,30,0,0,30,0,0,0
444,q_learning,sb3_league,C:\Users\Ramiro\Desktop\Truco-AI\game\agents\RL-Agents\q_tables\exp2_vs_rational_321123.pkl,N/A,J1,18,30,30,18,11,5,6
445,q_learning,sb3_league,C:\Users\Ramiro\Desktop\Truco-AI\game\agents\RL-Agents\q_tables\exp2_vs_rational_321123.pkl,N/A,J1,18,30,30,18,4,3,1
446,q_learning,sb3_league,C:\Users\Ramiro\Desktop\Truco-AI\game\agents\RL-Agents\q_tables\exp2_vs_rational_321123.pkl,N/A,J1,7,30,30,7,6,2,4
447,q_learning,sb3_league,C:\Users\Ramiro\Desktop\Truco-AI\game\agents\RL-Agents\q_tables\exp2_vs_rational_321123.pkl,N/A,J1,19,30,30,19,9,3,6
448,q_learning,sb3_league,C:\Users\Ramiro\Desktop\Truco-AI\game\agents\RL-Agents\q_tables\exp2_vs_rational_321123.pkl,N/A,J1,0,30,30,0,1,0,1
449,q_learning,sb3_league,C:\Users\Ramiro\Desktop\Truco-AI\game\agents\RL-Agents\q_tables\exp2_vs_rational_321123.pkl,N/A,J1,0,30,30,0,1,0,1
450,q_learning,sb3_league,C:\Users\Ramiro\Desktop\Truco-AI\game\agents\RL-Agents\q_tables\exp2_vs_rational_321123.pkl,N/A,J0,30,14,14,30,6,2,4
451,q_learning,sb3_league,C:\Users\Ramiro\Desktop\Truco-AI\game\agents\RL-Agents\q_tables\exp2_vs_rational_321123.pkl,N/A,J0,30,12,12,30,5,3,2
452,q_learning,sb3_league,C:\Users\Ramiro\Desktop\Truco-AI\game\agents\RL-Agents\q_tables\exp2_vs_rational_321123.pkl,N/A,J1,12,30,30,12,10,3,7
453,q_learning,sb3_league,C:\Users\Ramiro\Desktop\Truco-AI\game\agents\RL-Agents\q_tables\exp2_vs_rational_321123.pkl,N/A,J0,30,25,25,30,7,3,4
454,q_learning,sb3_league,C:\Users\Ramiro\Desktop\Truco-AI\game\agents\RL-Agents\q_tables\exp2_vs_rational_321123.pkl,N/A,J1,1,30,30,1,1,1,0
455,q_learning,sb3_league,C:\Users\Ramiro\Desktop\Truco-AI\game\agents\RL-Agents\q_tables\exp2_vs_rational_321123.pkl,N/A,J0,30,9,9,30,9,7,2
456,q_learning,sb3_league,C:\Users\Ramiro\Desktop\Truco-AI\game\agents\RL-Agents\q_tables\exp2_vs_rational_321123.pkl,N/A,J1,29,30,30,29,7,6,1
457,q_learning,sb3_league,C:\Users\Ramiro\Desktop\Truco-AI\game\agents\RL-Agents\q_tables\exp2_vs_rational_321123.pkl,N/A,J1,0,30,30,0,0,0,0
458,q_learning,sb3_league,C:\Users\Ramiro\Desktop\Truco-AI\game\agents\RL-Agents\q_tables\exp2_vs_rational_321123.pkl,N/A,J0,30,0,0,30,0,0,0
459,q_learning,sb3_league,C:\Users\Ramiro\Desktop\Truco-AI\game\agents\RL-Agents\q_tables\exp2_vs_rational_321123.pkl,N/A,J0,30,12,12,30,6,3,3
460,q_learning,sb3_league,C:\Users\Ramiro\Desktop\Truco-AI\game\agents\RL-Agents\q_tables\exp2_vs_rational_321123.pkl,N/A,J1,24,30,30,24,8,7,1
461,q_learning,sb3_league,C:\Users\Ramiro\Desktop\Truco-AI\game\agents\RL-Agents\q_tables\exp2_vs_rational_321123.pkl,N/A,J1,14,30,30,14,7,4,3
462,q_learning,sb3_league,C:\Users\Ramiro\Desktop\Truco-AI\game\agents\RL-Agents\q_tables\exp2_vs_rational_321123.pkl,N/A,J1,3,30,30,3,7,1,6
463,q_learning,sb3_league,C:\Users\Ramiro\Desktop\Truco-AI\game\agents\RL-Agents\q_tables\exp2_vs_rational_321123.pkl,N/A,J1,0,30,30,0,0,0,0
464,q_learning,sb3_league,C:\Users\Ramiro\Desktop\Truco-AI\game\agents\RL-Agents\q_tables\exp2_vs_rational_321123.pkl,N/A,J0,30,27,27,30,12,6,6
465,q_learning,sb3_league,C:\Users\Ramiro\Desktop\Truco-AI\game\agents\RL-Agents\q_tables\exp2_vs_rational_321123.pkl,N/A,J1,16,30,30,16,10,3,7
466,q_learning,sb3_league,C:\Users\Ramiro\Desktop\Truco-AI\game\agents\RL-Agents\q_tables\exp2_vs_rational_321123.pkl,N/A,J0,30,10,10,30,5,2,3
467,q_learning,sb3_league,C:\Users\Ramiro\Desktop\Truco-AI\game\agents\RL-Agents\q_tables\exp2_vs_rational_321123.pkl,N/A,J1,14,30,30,14,8,3,5
468,q_learning,sb3_league,C:\Users\Ramiro\Desktop\Truco-AI\game\agents\RL-Agents\q_tables\exp2_vs_rational_321123.pkl,N/A,J1,13,30,30,13,8,3,5
469,q_learning,sb3_league,C:\Users\Ramiro\Desktop\Truco-AI\game\agents\RL-Agents\q_tables\exp2_vs_rational_321123.pkl,N/A,J0,30,5,5,30,2,1,1
470,q_learning,sb3_league,C:\Users\Ramiro\Desktop\Truco-AI\game\agents\RL-Agents\q_tables\exp2_vs_rational_321123.pkl,N/A,J0,30,12,12,30,8,6,2
471,q_learning,sb3_league,C:\Users\Ramiro\Desktop\Truco-AI\game\agents\RL-Agents\q_tables\exp2_vs_rational_321123.pkl,N/A,J1,0,30,30,0,0,0,0
472,q_learning,sb3_league,C:\Users\Ramiro\Desktop\Truco-AI\game\agents\RL-Agents\q_tables\exp2_vs_rational_321123.pkl,N/A,J1,17,30,30,17,10,4,6
473,q_learning,sb3_league,C:\Users\Ramiro\Desktop\Truco-AI\game\agents\RL-Agents\q_tables\exp2_vs_rational_321123.pkl,N/A,J0,30,24,24,30,11,6,5
474,q_learning,sb3_league,C:\Users\Ramiro\Desktop\Truco-AI\game\agents\RL-Agents\q_tables\exp2_vs_rational_321123.pkl,N/A,J1,0,30,30,0,0,0,0
475,q_learning,sb3_league,C:\Users\Ramiro\Desktop\Truco-AI\game\agents\RL-Agents\q_tables\exp2_vs_rational_321123.pkl,N/A,J0,30,4,4,30,3,1,2
476,q_learning,sb3_league,C:\Users\Ramiro\Desktop\Truco-AI\game\agents\RL-Agents\q_tables\exp2_vs_rational_321123.pkl,N/A,J0,30,29,29,30,9,6,3
477,q_learning,sb3_league,C:\Users\Ramiro\Desktop\Truco-AI\game\agents\RL-Agents\q_tables\exp2_vs_rational_321123.pkl,N/A,J1,27,30,30,27,12,7,5
478,q_learning,sb3_league,C:\Users\Ramiro\Desktop\Truco-AI\game\agents\RL-Agents\q_tables\exp2_vs_rational_321123.pkl,N/A,J1,0,30,30,0,0,0,0
479,q_learning,sb3_league,C:\Users\Ramiro\Desktop\Truco-AI\game\agents\RL-Agents\q_tables\exp2_vs_rational_321123.pkl,N/A,J1,0,30,30,0,1,0,1
480,q_learning,sb3_league,C:\Users\Ramiro\Desktop\Truco-AI\game\agents\RL-Agents\q_tables\exp2_vs_rational_321123.pkl,N/A,J0,30,11,11,30,8,5,3
481,q_learning,sb3_league,C:\Users\Ramiro\Desktop\Truco-AI\game\agents\RL-Agents\q_tables\exp2_vs_rational_321123.pkl,N/A,J0,30,1,1,30,1,0,1
482,q_learning,sb3_league,C:\Users\Ramiro\Desktop\Truco-AI\game\agents\RL-Agents\q_tables\exp2_vs_rational_321123.pkl,N/A,J1,0,30,30,0,0,0,0
483,q_learning,sb3_league,C:\Users\Ramiro\Desktop\Truco-AI\game\agents\RL-Agents\q_tables\exp2_vs_rational_321123.pkl,N/A,J1,0,30,30,0,1,0,1
484,q_learning,sb3_league,C:\Users\Ramiro\Desktop\Truco-AI\game\agents\RL-Agents\q_tables\exp2_vs_rational_321123.pkl,N/A,J1,17,30,30,17,10,3,7
485,q_learning,sb3_league,C:\Users\Ramiro\Desktop\Truco-AI\game\agents\RL-Agents\q_tables\exp2_vs_rational_321123.pkl,N/A,J1,10,30,30,10,4,3,1
486,q_learning,sb3_league,C:\Users\Ramiro\Desktop\Truco-AI\game\agents\RL-Agents\q_tables\exp2_vs_rational_321123.pkl,N/A,J1,4,30,30,4,4,1,3
487,q_learning,sb3_league,C:\Users\Ramiro\Desktop\Truco-AI\game\agents\RL-Agents\q_tables\exp2_vs_rational_321123.pkl,N/A,J1,0,30,30,0,0,0,0
488,q_learning,sb3_league,C:\Users\Ramiro\Desktop\Truco-AI\game\agents\RL-Agents\q_tables\exp2_vs_rational_321123.pkl,N/A,J0,30,0,0,30,0,0,0
489,q_learning,sb3_league,C:\Users\Ramiro\Desktop\Truco-AI\game\agents\RL-Agents\q_tables\exp2_vs_rational_321123.pkl,N/A,J1,0,30,30,0,0,0,0
490,q_learning,sb3_league,C:\Users\Ramiro\Desktop\Truco-AI\game\agents\RL-Agents\q_tables\exp2_vs_rational_321123.pkl,N/A,J0,30,18,18,30,8,6,2
491,q_learning,sb3_league,C:\Users\Ramiro\Desktop\Truco-AI\game\agents\RL-Agents\q_tables\exp2_vs_rational_321123.pkl,N/A,J1,0,30,30,0,0,0,0
492,q_learning,sb3_league,C:\Users\Ramiro\Desktop\Truco-AI\game\agents\RL-Agents\q_tables\exp2_vs_rational_321123.pkl,N/A,J0,30,8,8,30,4,1,3
493,q_learning,sb3_league,C:\Users\Ramiro\Desktop\Truco-AI\game\agents\RL-Agents\q_tables\exp2_vs_rational_321123.pkl,N/A,J0,30,0,0,30,0,0,0
494,q_learning,sb3_league,C:\Users\Ramiro\Desktop\Truco-AI\game\agents\RL-Agents\q_tables\exp2_vs_rational_321123.pkl,N/A,J1,5,30,30,5,4,2,2
495,q_learning,sb3_league,C:\Users\Ramiro\Desktop\Truco-AI\game\agents\RL-Agents\q_tables\exp2_vs_rational_321123.pkl,N/A,J0,30,0,0,30,0,0,0
496,q_learning,sb3_league,C:\Users\Ramiro\Desktop\Truco-AI\game\agents\RL-Agents\q_tables\exp2_vs_rational_321123.pkl,N/A,J0,30,5,5,30,5,4,1
497,q_learning,sb3_league,C:\Users\Ramiro\Desktop\Truco-AI\game\agents\RL-Agents\q_tables\exp2_vs_rational_321123.pkl,N/A,J0,30,17,17,30,6,3,3
498,q_learning,sb3_league,C:\Users\Ramiro\Desktop\Truco-AI\game\agents\RL-Agents\q_tables\exp2_vs_rational_321123.pkl,N/A,J1,24,30,30,24,11,7,4
499,q_learning,sb3_league,C:\Users\Ramiro\Desktop\Truco-AI\game\agents\RL-Agents\q_tables\exp2_vs_rational_321123.pkl,N/A,J0,30,7,7,30,5,2,3
500,q_learning,sb3_league,C:\Users\Ramiro\Desktop\Truco-AI\game\agents\RL-Agents\q_tables\exp2_vs_rational_321123.pkl,N/A,J1,15,30,30,15,4,3,1
501,q_learning,sb3_league,C:\Users\Ramiro\Desktop\Truco-AI\game\agents\RL-Agents\q_tables\exp2_vs_rational_321123.pkl,N/A,J0,30,13,13,30,7,4,3
502,q_learning,sb3_league,C:\Users\Ramiro\Desktop\Truco-AI\game\agents\RL-Agents\q_tables\exp2_vs_rational_321123.pkl,N/A,J1,12,30,30,12,3,3,0
503,q_learning,sb3_league,C:\Users\Ramiro\Desktop\Truco-AI\game\agents\RL-Agents\q_tables\exp2_vs_rational_321123.pkl,N/A,J0,30,0,0,30,1,1,0
504,q_learning,sb3_league,C:\Users\Ramiro\Desktop\Truco-AI\game\agents\RL-Agents\q_tables\exp2_vs_rational_321123.pkl,N/A,J0,30,4,4,30,3,1,2
505,q_learning,sb3_league,C:\Users\Ramiro\Desktop\Truco-AI\game\agents\RL-Agents\q_tables\exp2_vs_rational_321123.pkl,N/A,J0,30,0,0,30,0,0,0
506,q_learning,sb3_league,C:\Users\Ramiro\Desktop\Truco-AI\game\agents\RL-Agents\q_tables\exp2_vs_rational_321123.pkl,N/A,J0,30,20,20,30,10,4,6
507,q_learning,sb3_league,C:\Users\Ramiro\Desktop\Truco-AI\game\agents\RL-Agents\q_tables\exp2_vs_rational_321123.pkl,N/A,J1,0,30,30,0,0,0,0
508,q_learning,sb3_league,C:\Users\Ramiro\Desktop\Truco-AI\game\agents\RL-Agents\q_tables\exp2_vs_rational_321123.pkl,N/A,J0,30,4,4,30,4,3,1
509,q_learning,sb3_league,C:\Users\Ramiro\Desktop\Truco-AI\game\agents\RL-Agents\q_tables\exp2_vs_rational_321123.pkl,N/A,J0,30,0,0,30,0,0,0
510,q_learning,sb3_league,C:\Users\Ramiro\Desktop\Truco-AI\game\agents\RL-Agents\q_tables\exp2_vs_rational_321123.pkl,N/A,J0,30,7,7,30,4,2,2
511,q_learning,sb3_league,C:\Users\Ramiro\Desktop\Truco-AI\game\agents\RL-Agents\q_tables\exp2_vs_rational_321123.pkl,N/A,J1,1,30,30,1,1,1,0
512,q_learning,sb3_league,C:\Users\Ramiro\Desktop\Truco-AI\game\agents\RL-Agents\q_tables\exp2_vs_rational_321123.pkl,N/A,J1,21,30,30,21,13,8,5
513,q_learning,sb3_league,C:\Users\Ramiro\Desktop\Truco-AI\game\agents\RL-Agents\q_tables\exp2_vs_rational_321123.pkl,N/A,J1,22,30,30,22,8,6,2
514,q_learning,sb3_league,C:\Users\Ramiro\Desktop\Truco-AI\game\agents\RL-Agents\q_tables\exp2_vs_rational_321123.pkl,N/A,J1,0,30,30,0,0,0,0
515,q_learning,sb3_league,C:\Users\Ramiro\Desktop\Truco-AI\game\agents\RL-Agents\q_tables\exp2_vs_rational_321123.pkl,N/A,J1,14,30,30,14,11,5,6
516,q_learning,sb3_league,C:\Users\Ramiro\Desktop\Truco-AI\game\agents\RL-Agents\q_tables\exp2_vs_rational_321123.pkl,N/A,J1,7,30,30,7,3,2,1
517,q_learning,sb3_league,C:\Users\Ramiro\Desktop\Truco-AI\game\agents\RL-Agents\q_tables\exp2_vs_rational_321123.pkl,N/A,J0,30,8,8,30,4,2,2
518,q_learning,sb3_league,C:\Users\Ramiro\Desktop\Truco-AI\game\agents\RL-Agents\q_tables\exp2_vs_rational_321123.pkl,N/A,J1,28,30,30,28,10,6,4
519,q_learning,sb3_league,C:\Users\Ramiro\Desktop\Truco-AI\game\agents\RL-Agents\q_tables\exp2_vs_rational_321123.pkl,N/A,J1,6,30,30,6,2,2,0
520,q_learning,sb3_league,C:\Users\Ramiro\Desktop\Truco-AI\game\agents\RL-Agents\q_tables\exp2_vs_rational_321123.pkl,N/A,J1,2,30,30,2,1,1,0
521,q_learning,sb3_league,C:\Users\Ramiro\Desktop\Truco-AI\game\agents\RL-Agents\q_tables\exp2_vs_rational_321123.pkl,N/A,J1,4,30,30,4,5,1,4
522,q_learning,sb3_league,C:\Users\Ramiro\Desktop\Truco-AI\game\agents\RL-Agents\q_tables\exp2_vs_rational_321123.pkl,N/A,J1,0,30,30,0,0,0,0
523,q_learning,sb3_league,C:\Users\Ramiro\Desktop\Truco-AI\game\agents\RL-Agents\q_tables\exp2_vs_rational_321123.pkl,N/A,J1,17,30,30,17,10,3,7
524,q_learning,sb3_league,C:\Users\Ramiro\Desktop\Truco-AI\game\agents\RL-Agents\q_tables\exp2_vs_rational_321123.pkl,N/A,J1,16,30,30,16,11,4,7
525,q_learning,sb3_league,C:\Users\Ramiro\Desktop\Truco-AI\game\agents\RL-Agents\q_tables\exp2_vs_rational_321123.pkl,N/A,J0,30,26,26,30,11,6,5
526,q_learning,sb3_league,C:\Users\Ramiro\Desktop\Truco-AI\game\agents\RL-Agents\q_tables\exp2_vs_rational_321123.pkl,N/A,J0,30,2,2,30,2,2,0
527,q_learning,sb3_league,C:\Users\Ramiro\Desktop\Truco-AI\game\agents\RL-Agents\q_tables\exp2_vs_rational_321123.pkl,N/A,J1,16,30,30,16,8,4,4
528,q_learning,sb3_league,C:\Users\Ramiro\Desktop\Truco-AI\game\agents\RL-Agents\q_tables\exp2_vs_rational_321123.pkl,N/A,J0,30,24,24,30,11,6,5
529,q_learning,sb3_league,C:\Users\Ramiro\Desktop\Truco-AI\game\agents\RL-Agents\q_tables\exp2_vs_rational_321123.pkl,N/A,J1,12,30,30,12,9,4,5
530,q_learning,sb3_league,C:\Users\Ramiro\Desktop\Truco-AI\game\agents\RL-Agents\q_tables\exp2_vs_rational_321123.pkl,N/A,J1,13,30,30,13,11,4,7
531,q_learning,sb3_league,C:\Users\Ramiro\Desktop\Truco-AI\game\agents\RL-Agents\q_tables\exp2_vs_rational_321123.pkl,N/A,J1,4,30,30,4,2,1,1
532,q_learning,sb3_league,C:\Users\Ramiro\Desktop\Truco-AI\game\agents\RL-Agents\q_tables\exp2_vs_rational_321123.pkl,N/A,J1,0,30,30,0,0,0,0
533,q_learning,sb3_league,C:\Users\Ramiro\Desktop\Truco-AI\game\agents\RL-Agents\q_tables\exp2_vs_rational_321123.pkl,N/A,J1,4,30,30,4,2,0,2
534,q_learning,sb3_league,C:\Users\Ramiro\Desktop\Truco-AI\game\agents\RL-Agents\q_tables\exp2_vs_rational_321123.pkl,N/A,J0,30,0,0,30,0,0,0
535,q_learning,sb3_league,C:\Users\Ramiro\Desktop\Truco-AI\game\agents\RL-Agents\q_tables\exp2_vs_rational_321123.pkl,N/A,J1,0,30,30,0,0,0,0
536,q_learning,sb3_league,C:\Users\Ramiro\Desktop\Truco-AI\game\agents\RL-Agents\q_tables\exp2_vs_rational_321123.pkl,N/A,J1,20,30,30,20,8,4,4
537,q_learning,sb3_league,C:\Users\Ramiro\Desktop\Truco-AI\game\agents\RL-Agents\q_tables\exp2_vs_rational_321123.pkl,N/A,J0,30,0,0,30,0,0,0
538,q_learning,sb3_league,C:\Users\Ramiro\Desktop\Truco-AI\game\agents\RL-Agents\q_tables\exp2_vs_rational_321123.pkl,N/A,J0,30,14,14,30,6,5,1
539,q_learning,sb3_league,C:\Users\Ramiro\Desktop\Truco-AI\game\agents\RL-Agents\q_tables\exp2_vs_rational_321123.pkl,N/A,J0,30,0,0,30,0,0,0
540,q_learning,sb3_league,C:\Users\Ramiro\Desktop\Truco-AI\game\agents\RL-Agents\q_tables\exp2_vs_rational_321123.pkl,N/A,J1,24,30,30,24,10,5,5
541,q_learning,sb3_league,C:\Users\Ramiro\Desktop\Truco-AI\game\agents\RL-Agents\q_tables\exp2_vs_rational_321123.pkl,N/A,J0,30,0,0,30,0,0,0
542,q_learning,sb3_league,C:\Users\Ramiro\Desktop\Truco-AI\game\agents\RL-Agents\q_tables\exp2_vs_rational_321123.pkl,N/A,J0,30,6,6,30,3,2,1
543,q_learning,sb3_league,C:\Users\Ramiro\Desktop\Truco-AI\game\agents\RL-Agents\q_tables\exp2_vs_rational_321123.pkl,N/A,J1,17,30,30,17,5,4,1
544,q_learning,sb3_league,C:\Users\Ramiro\Desktop\Truco-AI\game\agents\RL-Agents\q_tables\exp2_vs_rational_321123.pkl,N/A,J1,0,30,30,0,0,0,0
545,q_learning,sb3_league,C:\Users\Ramiro\Desktop\Truco-AI\game\agents\RL-Agents\q_tables\exp2_vs_rational_321123.pkl,N/A,J0,30,11,11,30,8,5,3
546,q_learning,sb3_league,C:\Users\Ramiro\Desktop\Truco-AI\game\agents\RL-Agents\q_tables\exp2_vs_rational_321123.pkl,N/A,J1,0,30,30,0,1,0,1
547,q_learning,sb3_league,C:\Users\Ramiro\Desktop\Truco-AI\game\agents\RL-Agents\q_tables\exp2_vs_rational_321123.pkl,N/A,J0,30,17,17,30,10,3,7
548,q_learning,sb3_league,C:\Users\Ramiro\Desktop\Truco-AI\game\agents\RL-Agents\q_tables\exp2_vs_rational_321123.pkl,N/A,J1,0,30,30,0,0,0,0
549,q_learning,sb3_league,C:\Users\Ramiro\Desktop\Truco-AI\game\agents\RL-Agents\q_tables\exp2_vs_rational_321123.pkl,N/A,J0,30,1,1,30,1,1,0
550,q_learning,sb3_league,C:\Users\Ramiro\Desktop\Truco-AI\game\agents\RL-Agents\q_tables\exp2_vs_rational_321123.pkl,N/A,J1,0,30,30,0,1,0,1
551,q_learning,sb3_league,C:\Users\Ramiro\Desktop\Truco-AI\game\agents\RL-Agents\q_tables\exp2_vs_rational_321123.pkl,N/A,J1,0,30,30,0,0,0,0
552,q_learning,sb3_league,C:\Users\Ramiro\Desktop\Truco-AI\game\agents\RL-Agents\q_tables\exp2_vs_rational_321123.pkl,N/A,J0,30,17,17,30,9,6,3
553,q_learning,sb3_league,C:\Users\Ramiro\Desktop\Truco-AI\game\agents\RL-Agents\q_tables\exp2_vs_rational_321123.pkl,N/A,J1,0,30,30,0,0,0,0
554,q_learning,sb3_league,C:\Users\Ramiro\Desktop\Truco-AI\game\agents\RL-Agents\q_tables\exp2_vs_rational_321123.pkl,N/A,J0,30,20,20,30,10,4,6
555,q_learning,sb3_league,C:\Users\Ramiro\Desktop\Truco-AI\game\agents\RL-Agents\q_tables\exp2_vs_rational_321123.pkl,N/A,J0,30,0,0,30,2,2,0
556,q_learning,sb3_league,C:\Users\Ramiro\Desktop\Truco-AI\game\agents\RL-Agents\q_tables\exp2_vs_rational_321123.pkl,N/A,J1,9,30,30,9,3,2,1
557,q_learning,sb3_league,C:\Users\Ramiro\Desktop\Truco-AI\game\agents\RL-Agents\q_tables\exp2_vs_rational_321123.pkl,N/A,J1,5,30,30,5,2,1,1
558,q_learning,sb3_league,C:\Users\Ramiro\Desktop\Truco-AI\game\agents\RL-Agents\q_tables\exp2_vs_rational_321123.pkl,N/A,J0,30,20,20,30,11,6,5
559,q_learning,sb3_league,C:\Users\Ramiro\Desktop\Truco-AI\game\agents\RL-Agents\q_tables\exp2_vs_rational_321123.pkl,N/A,J1,26,30,30,26,10,5,5
560,q_learning,sb3_league,C:\Users\Ramiro\Desktop\Truco-AI\game\agents\RL-Agents\q_tables\exp2_vs_rational_321123.pkl,N/A,J1,12,30,30,12,6,4,2
561,q_learning,sb3_league,C:\Users\Ramiro\Desktop\Truco-AI\game\agents\RL-Agents\q_tables\exp2_vs_rational_321123.pkl,N/A,J0,30,0,0,30,0,0,0
562,q_learning,sb3_league,C:\Users\Ramiro\Desktop\Truco-AI\game\agents\RL-Agents\q_tables\exp2_vs_rational_321123.pkl,N/A,J0,30,1,1,30,1,1,0
563,q_learning,sb3_league,C:\Users\Ramiro\Desktop\Truco-AI\game\agents\RL-Agents\q_tables\exp2_vs_rational_321123.pkl,N/A,J1,25,30,30,25,9,5,4
564,q_learning,sb3_league,C:\Users\Ramiro\Desktop\Truco-AI\game\agents\RL-Agents\q_tables\exp2_vs_rational_321123.pkl,N/A,J1,0,30,30,0,0,0,0
565,q_learning,sb3_league,C:\Users\Ramiro\Desktop\Truco-AI\game\agents\RL-Agents\q_tables\exp2_vs_rational_321123.pkl,N/A,J1,19,30,30,19,10,5,5
566,q_learning,sb3_league,C:\Users\Ramiro\Desktop\Truco-AI\game\agents\RL-Agents\q_tables\exp2_vs_rational_321123.pkl,N/A,J1,14,30,30,14,8,2,6
567,q_learning,sb3_league,C:\Users\Ramiro\Desktop\Truco-AI\game\agents\RL-Agents\q_tables\exp2_vs_rational_321123.pkl,N/A,J1,0,30,30,0,0,0,0
568,q_learning,sb3_league,C:\Users\Ramiro\Desktop\Truco-AI\game\agents\RL-Agents\q_tables\exp2_vs_rational_321123.pkl,N/A,J0,30,24,24,30,9,6,3
569,q_learning,sb3_league,C:\Users\Ramiro\Desktop\Truco-AI\game\agents\RL-Agents\q_tables\exp2_vs_rational_321123.pkl,N/A,J1,0,30,30,0,0,0,0
570,q_learning,sb3_league,C:\Users\Ramiro\Desktop\Truco-AI\game\agents\RL-Agents\q_tables\exp2_vs_rational_321123.pkl,N/A,J1,28,30,30,28,10,7,3
571,q_learning,sb3_league,C:\Users\Ramiro\Desktop\Truco-AI\game\agents\RL-Agents\q_tables\exp2_vs_rational_321123.pkl,N/A,J1,4,30,30,4,2,1,1
572,q_learning,sb3_league,C:\Users\Ramiro\Desktop\Truco-AI\game\agents\RL-Agents\q_tables\exp2_vs_rational_321123.pkl,N/A,J1,4,30,30,4,5,1,4
573,q_learning,sb3_league,C:\Users\Ramiro\Desktop\Truco-AI\game\agents\RL-Agents\q_tables\exp2_vs_rational_321123.pkl,N/A,J1,8,30,30,8,3,3,0
574,q_learning,sb3_league,C:\Users\Ramiro\Desktop\Truco-AI\game\agents\RL-Agents\q_tables\exp2_vs_rational_321123.pkl,N/A,J1,6,30,30,6,5,3,2
575,q_learning,sb3_league,C:\Users\Ramiro\Desktop\Truco-AI\game\agents\RL-Agents\q_tables\exp2_vs_rational_321123.pkl,N/A,J1,0,30,30,0,0,0,0
576,q_learning,sb3_league,C:\Users\Ramiro\Desktop\Truco-AI\game\agents\RL-Agents\q_tables\exp2_vs_rational_321123.pkl,N/A,J0,30,23,23,30,7,1,6
577,q_learning,sb3_league,C:\Users\Ramiro\Desktop\Truco-AI\game\agents\RL-Agents\q_tables\exp2_vs_rational_321123.pkl,N/A,J0,30,0,0,30,0,0,0
578,q_learning,sb3_league,C:\Users\Ramiro\Desktop\Truco-AI\game\agents\RL-Agents\q_tables\exp2_vs_rational_321123.pkl,N/A,J0,30,10,10,30,8,6,2
579,q_learning,sb3_league,C:\Users\Ramiro\Desktop\Truco-AI\game\agents\RL-Agents\q_tables\exp2_vs_rational_321123.pkl,N/A,J1,1,30,30,1,1,1,0
580,q_learning,sb3_league,C:\Users\Ramiro\Desktop\Truco-AI\game\agents\RL-Agents\q_tables\exp2_vs_rational_321123.pkl,N/A,J1,24,30,30,24,9,2,7
581,q_learning,sb3_league,C:\Users\Ramiro\Desktop\Truco-AI\game\agents\RL-Agents\q_tables\exp2_vs_rational_321123.pkl,N/A,J1,0,30,30,0,0,0,0
582,q_learning,sb3_league,C:\Users\Ramiro\Desktop\Truco-AI\game\agents\RL-Agents\q_tables\exp2_vs_rational_321123.pkl,N/A,J0,30,24,24,30,10,4,6
583,q_learning,sb3_league,C:\Users\Ramiro\Desktop\Truco-AI\game\agents\RL-Agents\q_tables\exp2_vs_rational_321123.pkl,N/A,J0,30,12,12,30,9,6,3
584,q_learning,sb3_league,C:\Users\Ramiro\Desktop\Truco-AI\game\agents\RL-Agents\q_tables\exp2_vs_rational_321123.pkl,N/A,J0,30,26,26,30,13,7,6
585,q_learning,sb3_league,C:\Users\Ramiro\Desktop\Truco-AI\game\agents\RL-Agents\q_tables\exp2_vs_rational_321123.pkl,N/A,J0,30,26,26,30,9,5,4
586,q_learning,sb3_league,C:\Users\Ramiro\Desktop\Truco-AI\game\agents\RL-Agents\q_tables\exp2_vs_rational_321123.pkl,N/A,J0,30,18,18,30,9,7,2
587,q_learning,sb3_league,C:\Users\Ramiro\Desktop\Truco-AI\game\agents\RL-Agents\q_tables\exp2_vs_rational_321123.pkl,N/A,J1,15,30,30,15,9,3,6
588,q_learning,sb3_league,C:\Users\Ramiro\Desktop\Truco-AI\game\agents\RL-Agents\q_tables\exp2_vs_rational_321123.pkl,N/A,J1,17,30,30,17,10,3,7
589,q_learning,sb3_league,C:\Users\Ramiro\Desktop\Truco-AI\game\agents\RL-Agents\q_tables\exp2_vs_rational_321123.pkl,N/A,J0,30,15,15,30,11,5,6
590,q_learning,sb3_league,C:\Users\Ramiro\Desktop\Truco-AI\game\agents\RL-Agents\q_tables\exp2_vs_rational_321123.pkl,N/A,J0,30,0,0,30,0,0,0
591,q_learning,sb3_league,C:\Users\Ramiro\Desktop\Truco-AI\game\agents\RL-Agents\q_tables\exp2_vs_rational_321123.pkl,N/A,J0,30,24,24,30,12,6,6
592,q_learning,sb3_league,C:\Users\Ramiro\Desktop\Truco-AI\game\agents\RL-Agents\q_tables\exp2_vs_rational_321123.pkl,N/A,J0,30,0,0,30,0,0,0
593,q_learning,sb3_league,C:\Users\Ramiro\Desktop\Truco-AI\game\agents\RL-Agents\q_tables\exp2_vs_rational_321123.pkl,N/A,J1,27,30,30,27,9,4,5
594,q_learning,sb3_league,C:\Users\Ramiro\Desktop\Truco-AI\game\agents\RL-Agents\q_tables\exp2_vs_rational_321123.pkl,N/A,J1,0,30,30,0,0,0,0
595,q_learning,sb3_league,C:\Users\Ramiro\Desktop\Truco-AI\game\agents\RL-Agents\q_tables\exp2_vs_rational_321123.pkl,N/A,J0,30,2,2,30,3,3,0
596,q_learning,sb3_league,C:\Users\Ramiro\Desktop\Truco-AI\game\agents\RL-Agents\q_tables\exp2_vs_rational_321123.pkl,N/A,J1,0,30,30,0,1,0,1
597,q_learning,sb3_league,C:\Users\Ramiro\Desktop\Truco-AI\game\agents\RL-Agents\q_tables\exp2_vs_rational_321123.pkl,N/A,J0,30,0,0,30,0,0,0
598,q_learning,sb3_league,C:\Users\Ramiro\Desktop\Truco-AI\game\agents\RL-Agents\q_tables\exp2_vs_rational_321123.pkl,N/A,J0,30,16,16,30,6,2,4
599,q_learning,sb3_league,C:\Users\Ramiro\Desktop\Truco-AI\game\agents\RL-Agents\q_tables\exp2_vs_rational_321123.pkl,N/A,J0,30,0,0,30,0,0,0
600,q_learning,sb3_league,C:\Users\Ramiro\Desktop\Truco-AI\game\agents\RL-Agents\q_tables\exp2_vs_rational_321123.pkl,N/A,J1,0,30,30,0,0,0,0
601,q_learning,sb3_league,C:\Users\Ramiro\Desktop\Truco-AI\game\agents\RL-Agents\q_tables\exp2_vs_rational_321123.pkl,N/A,J1,14,30,30,14,7,3,4
602,q_learning,sb3_league,C:\Users\Ramiro\Desktop\Truco-AI\game\agents\RL-Agents\q_tables\exp2_vs_rational_321123.pkl,N/A,J1,6,30,30,6,3,2,1
603,q_learning,sb3_league,C:\Users\Ramiro\Desktop\Truco-AI\game\agents\RL-Agents\q_tables\exp2_vs_rational_321123.pkl,N/A,J0,30,10,10,30,3,1,2
604,q_learning,sb3_league,C:\Users\Ramiro\Desktop\Truco-AI\game\agents\RL-Agents\q_tables\exp2_vs_rational_321123.pkl,N/A,J0,30,0,0,30,0,0,0
605,q_learning,sb3_league,C:\Users\Ramiro\Desktop\Truco-AI\game\agents\RL-Agents\q_tables\exp2_vs_rational_321123.pkl,N/A,J0,30,4,4,30,5,5,0
606,q_learning,sb3_league,C:\Users\Ramiro\Desktop\Truco-AI\game\agents\RL-Agents\q_tables\exp2_vs_rational_321123.pkl,N/A,J1,29,30,30,29,8,4,4
607,q_learning,sb3_league,C:\Users\Ramiro\Desktop\Truco-AI\game\agents\RL-Agents\q_tables\exp2_vs_rational_321123.pkl,N/A,J0,30,1,1,30,2,2,0
608,q_learning,sb3_league,C:\Users\Ramiro\Desktop\Truco-AI\game\agents\RL-Agents\q_tables\exp2_vs_rational_321123.pkl,N/A,J1,19,30,30,19,10,3,7
609,q_learning,sb3_league,C:\Users\Ramiro\Desktop\Truco-AI\game\agents\RL-Agents\q_tables\exp2_vs_rational_321123.pkl,N/A,J1,1,30,30,1,2,0,2
610,q_learning,sb3_league,C:\Users\Ramiro\Desktop\Truco-AI\game\agents\RL-Agents\q_tables\exp2_vs_rational_321123.pkl,N/A,J1,6,30,30,6,7,2,5
611,q_learning,sb3_league,C:\Users\Ramiro\Desktop\Truco-AI\game\agents\RL-Agents\q_tables\exp2_vs_rational_321123.pkl,N/A,J1,0,30,30,0,0,0,0
612,q_learning,sb3_league,C:\Users\Ramiro\Desktop\Truco-AI\game\agents\RL-Agents\q_tables\exp2_vs_rational_321123.pkl,N/A,J1,11,30,30,11,8,4,4
613,q_learning,sb3_league,C:\Users\Ramiro\Desktop\Truco-AI\game\agents\RL-Agents\q_tables\exp2_vs_rational_321123.pkl,N/A,J1,11,30,30,11,5,2,3
614,q_learning,sb3_league,C:\Users\Ramiro\Desktop\Truco-AI\game\agents\RL-Agents\q_tables\exp2_vs_rational_321123.pkl,N/A,J1,19,30,30,19,13,5,8
615,q_learning,sb3_league,C:\Users\Ramiro\Desktop\Truco-AI\game\agents\RL-Agents\q_tables\exp2_vs_rational_321123.pkl,N/A,J0,30,27,27,30,11,6,5
616,q_learning,sb3_league,C:\Users\Ramiro\Desktop\Truco-AI\game\agents\RL-Agents\q_tables\exp2_vs_rational_321123.pkl,N/A,J0,30,1,1,30,1,1,0
617,q_learning,sb3_league,C:\Users\Ramiro\Desktop\Truco-AI\game\agents\RL-Agents\q_tables\exp2_vs_rational_321123.pkl,N/A,J1,15,30,30,15,6,4,2
618,q_learning,sb3_league,C:\Users\Ramiro\Desktop\Truco-AI\game\agents\RL-Agents\q_tables\exp2_vs_rational_321123.pkl,N/A,J1,25,30,30,25,10,4,6
619,q_learning,sb3_league,C:\Users\Ramiro\Desktop\Truco-AI\game\agents\RL-Agents\q_tables\exp2_vs_rational_321123.pkl,N/A,J1,5,30,30,5,7,2,5
620,q_learning,sb3_league,C:\Users\Ramiro\Desktop\Truco-AI\game\agents\RL-Agents\q_tables\exp2_vs_rational_321123.pkl,N/A,J1,24,30,30,24,11,6,5
621,q_learning,sb3_league,C:\Users\Ramiro\Desktop\Truco-AI\game\agents\RL-Agents\q_tables\exp2_vs_rational_321123.pkl,N/A,J0,30,7,7,30,8,6,2
622,q_learning,sb3_league,C:\Users\Ramiro\Desktop\Truco-AI\game\agents\RL-Agents\q_tables\exp2_vs_rational_321123.pkl,N/A,J1,8,30,30,8,6,3,3
623,q_learning,sb3_league,C:\Users\Ramiro\Desktop\Truco-AI\game\agents\RL-Agents\q_tables\exp2_vs_rational_321123.pkl,N/A,J0,30,7,7,30,3,1,2
624,q_learning,sb3_league,C:\Users\Ramiro\Desktop\Truco-AI\game\agents\RL-Agents\q_tables\exp2_vs_rational_321123.pkl,N/A,J1,16,30,30,16,9,3,6
625,q_learning,sb3_league,C:\Users\Ramiro\Desktop\Truco-AI\game\agents\RL-Agents\q_tables\exp2_vs_rational_321123.pkl,N/A,J1,15,30,30,15,10,4,6
626,q_learning,sb3_league,C:\Users\Ramiro\Desktop\Truco-AI\game\agents\RL-Agents\q_tables\exp2_vs_rational_321123.pkl,N/A,J1,18,30,30,18,6,3,3
627,q_learning,sb3_league,C:\Users\Ramiro\Desktop\Truco-AI\game\agents\RL-Agents\q_tables\exp2_vs_rational_321123.pkl,N/A,J0,30,16,16,30,7,3,4
628,q_learning,sb3_league,C:\Users\Ramiro\Desktop\Truco-AI\game\agents\RL-Agents\q_tables\exp2_vs_rational_321123.pkl,N/A,J0,30,7,7,30,4,3,1
629,q_learning,sb3_league,C:\Users\Ramiro\Desktop\Truco-AI\game\agents\RL-Agents\q_tables\exp2_vs_rational_321123.pkl,N/A,J0,30,12,12,30,8,6,2
630,q_learning,sb3_league,C:\Users\Ramiro\Desktop\Truco-AI\game\agents\RL-Agents\q_tables\exp2_vs_rational_321123.pkl,N/A,J1,15,30,30,15,5,4,1
631,q_learning,sb3_league,C:\Users\Ramiro\Desktop\Truco-AI\game\agents\RL-Agents\q_tables\exp2_vs_rational_321123.pkl,N/A,J0,30,5,5,30,2,1,1
632,q_learning,sb3_league,C:\Users\Ramiro\Desktop\Truco-AI\game\agents\RL-Agents\q_tables\exp2_vs_rational_321123.pkl,N/A,J1,5,30,30,5,3,2,1
633,q_learning,sb3_league,C:\Users\Ramiro\Desktop\Truco-AI\game\agents\RL-Agents\q_tables\exp2_vs_rational_321123.pkl,N/A,J0,30,0,0,30,0,0,0
634,q_learning,sb3_league,C:\Users\Ramiro\Desktop\Truco-AI\game\agents\RL-Agents\q_tables\exp2_vs_rational_321123.pkl,N/A,J0,30,0,0,30,0,0,0
635,q_learning,sb3_league,C:\Users\Ramiro\Desktop\Truco-AI\game\agents\RL-Agents\q_tables\exp2_vs_rational_321123.pkl,N/A,J1,0,30,30,0,0,0,0
636,q_learning,sb3_league,C:\Users\Ramiro\Desktop\Truco-AI\game\agents\RL-Agents\q_tables\exp2_vs_rational_321123.pkl,N/A,J0,30,3,3,30,4,3,1
637,q_learning,sb3_league,C:\Users\Ramiro\Desktop\Truco-AI\game\agents\RL-Agents\q_tables\exp2_vs_rational_321123.pkl,N/A,J0,30,0,0,30,0,0,0
638,q_learning,sb3_league,C:\Users\Ramiro\Desktop\Truco-AI\game\agents\RL-Agents\q_tables\exp2_vs_rational_321123.pkl,N/A,J0,30,16,16,30,6,4,2
639,q_learning,sb3_league,C:\Users\Ramiro\Desktop\Truco-AI\game\agents\RL-Agents\q_tables\exp2_vs_rational_321123.pkl,N/A,J1,17,30,30,17,6,4,2
640,q_learning,sb3_league,C:\Users\Ramiro\Desktop\Truco-AI\game\agents\RL-Agents\q_tables\exp2_vs_rational_321123.pkl,N/A,J1,0,30,30,0,3,0,3
641,q_learning,sb3_league,C:\Users\Ramiro\Desktop\Truco-AI\game\agents\RL-Agents\q_tables\exp2_vs_rational_321123.pkl,N/A,J1,13,30,30,13,5,4,1
642,q_learning,sb3_league,C:\Users\Ramiro\Desktop\Truco-AI\game\agents\RL-Agents\q_tables\exp2_vs_rational_321123.pkl,N/A,J0,30,18,18,30,9,7,2
643,q_learning,sb3_league,C:\Users\Ramiro\Desktop\Truco-AI\game\agents\RL-Agents\q_tables\exp2_vs_rational_321123.pkl,N/A,J1,7,30,30,7,2,0,2
644,q_learning,sb3_league,C:\Users\Ramiro\Desktop\Truco-AI\game\agents\RL-Agents\q_tables\exp2_vs_rational_321123.pkl,N/A,J0,30,0,0,30,0,0,0
645,q_learning,sb3_league,C:\Users\Ramiro\Desktop\Truco-AI\game\agents\RL-Agents\q_tables\exp2_vs_rational_321123.pkl,N/A,J1,18,30,30,18,10,6,4
646,q_learning,sb3_league,C:\Users\Ramiro\Desktop\Truco-AI\game\agents\RL-Agents\q_tables\exp2_vs_rational_321123.pkl,N/A,J1,0,30,30,0,0,0,0
647,q_learning,sb3_league,C:\Users\Ramiro\Desktop\Truco-AI\game\agents\RL-Agents\q_tables\exp2_vs_rational_321123.pkl,N/A,J0,30,1,1,30,4,3,1
648,q_learning,sb3_league,C:\Users\Ramiro\Desktop\Truco-AI\game\agents\RL-Agents\q_tables\exp2_vs_rational_321123.pkl,N/A,J0,30,1,1,30,1,0,1
649,q_learning,sb3_league,C:\Users\Ramiro\Desktop\Truco-AI\game\agents\RL-Agents\q_tables\exp2_vs_rational_321123.pkl,N/A,J1,0,30,30,0,0,0,0
650,q_learning,sb3_league,C:\Users\Ramiro\Desktop\Truco-AI\game\agents\RL-Agents\q_tables\exp2_vs_rational_321123.pkl,N/A,J0,30,0,0,30,0,0,0
651,q_learning,sb3_league,C:\Users\Ramiro\Desktop\Truco-AI\game\agents\RL-Agents\q_tables\exp2_vs_rational_321123.pkl,N/A,J1,10,30,30,10,7,2,5
652,q_learning,sb3_league,C:\Users\Ramiro\Desktop\Truco-AI\game\agents\RL-Agents\q_tables\exp2_vs_rational_321123.pkl,N/A,J1,15,30,30,15,6,4,2
653,q_learning,sb3_league,C:\Users\Ramiro\Desktop\Truco-AI\game\agents\RL-Agents\q_tables\exp2_vs_rational_321123.pkl,N/A,J0,30,17,17,30,8,4,4
654,q_learning,sb3_league,C:\Users\Ramiro\Desktop\Truco-AI\game\agents\RL-Agents\q_tables\exp2_vs_rational_321123.pkl,N/A,J1,29,30,30,29,9,3,6
655,q_learning,sb3_league,C:\Users\Ramiro\Desktop\Truco-AI\game\agents\RL-Agents\q_tables\exp2_vs_rational_321123.pkl,N/A,J0,30,0,0,30,0,0,0
656,q_learning,sb3_league,C:\Users\Ramiro\Desktop\Truco-AI\game\agents\RL-Agents\q_tables\exp2_vs_rational_321123.pkl,N/A,J0,30,3,3,30,2,2,0
657,q_learning,sb3_league,C:\Users\Ramiro\Desktop\Truco-AI\game\agents\RL-Agents\q_tables\exp2_vs_rational_321123.pkl,N/A,J0,30,0,0,30,0,0,0
658,q_learning,sb3_league,C:\Users\Ramiro\Desktop\Truco-AI\game\agents\RL-Agents\q_tables\exp2_vs_rational_321123.pkl,N/A,J1,14,30,30,14,6,3,3
659,q_learning,sb3_league,C:\Users\Ramiro\Desktop\Truco-AI\game\agents\RL-Agents\q_tables\exp2_vs_rational_321123.pkl,N/A,J1,22,30,30,22,6,5,1
660,q_learning,sb3_league,C:\Users\Ramiro\Desktop\Truco-AI\game\agents\RL-Agents\q_tables\exp2_vs_rational_321123.pkl,N/A,J0,30,0,0,30,0,0,0
661,q_learning,sb3_league,C:\Users\Ramiro\Desktop\Truco-AI\game\agents\RL-Agents\q_tables\exp2_vs_rational_321123.pkl,N/A,J0,30,2,2,30,4,3,1
662,q_learning,sb3_league,C:\Users\Ramiro\Desktop\Truco-AI\game\agents\RL-Agents\q_tables\exp2_vs_rational_321123.pkl,N/A,J0,30,4,4,30,4,3,1
663,q_learning,sb3_league,C:\Users\Ramiro\Desktop\Truco-AI\game\agents\RL-Agents\q_tables\exp2_vs_rational_321123.pkl,N/A,J0,30,20,20,30,5,1,4
664,q_learning,sb3_league,C:\Users\Ramiro\Desktop\Truco-AI\game\agents\RL-Agents\q_tables\exp2_vs_rational_321123.pkl,N/A,J0,30,26,26,30,6,2,4
665,q_learning,sb3_league,C:\Users\Ramiro\Desktop\Truco-AI\game\agents\RL-Agents\q_tables\exp2_vs_rational_321123.pkl,N/A,J1,0,30,30,0,0,0,0
666,q_learning,sb3_league,C:\Users\Ramiro\Desktop\Truco-AI\game\agents\RL-Agents\q_tables\exp2_vs_rational_321123.pkl,N/A,J1,9,30,30,9,2,2,0
667,q_learning,sb3_league,C:\Users\Ramiro\Desktop\Truco-AI\game\agents\RL-Agents\q_tables\exp2_vs_rational_321123.pkl,N/A,J1,7,30,30,7,3,2,1
668,q_learning,sb3_league,C:\Users\Ramiro\Desktop\Truco-AI\game\agents\RL-Agents\q_tables\exp2_vs_rational_321123.pkl,N/A,J0,30,10,10,30,7,4,3
669,q_learning,sb3_league,C:\Users\Ramiro\Desktop\Truco-AI\game\agents\RL-Agents\q_tables\exp2_vs_rational_321123.pkl,N/A,J1,0,30,30,0,0,0,0
670,q_learning,sb3_league,C:\Users\Ramiro\Desktop\Truco-AI\game\agents\RL-Agents\q_tables\exp2_vs_rational_321123.pkl,N/A,J0,30,17,17,30,11,6,5
671,q_learning,sb3_league,C:\Users\Ramiro\Desktop\Truco-AI\game\agents\RL-Agents\q_tables\exp2_vs_rational_321123.pkl,N/A,J0,30,0,0,30,0,0,0
672,q_learning,sb3_league,C:\Users\Ramiro\Desktop\Truco-AI\game\agents\RL-Agents\q_tables\exp2_vs_rational_321123.pkl,N/A,J0,30,4,4,30,3,2,1
673,q_learning,sb3_league,C:\Users\Ramiro\Desktop\Truco-AI\game\agents\RL-Agents\q_tables\exp2_vs_rational_321123.pkl,N/A,J1,9,30,30,9,6,3,3
674,q_learning,sb3_league,C:\Users\Ramiro\Desktop\Truco-AI\game\agents\RL-Agents\q_tables\exp2_vs_rational_321123.pkl,N/A,J1,5,30,30,5,5,1,4
675,q_learning,sb3_league,C:\Users\Ramiro\Desktop\Truco-AI\game\agents\RL-Agents\q_tables\exp2_vs_rational_321123.pkl,N/A,J1,7,30,30,7,7,2,5
676,q_learning,sb3_league,C:\Users\Ramiro\Desktop\Truco-AI\game\agents\RL-Agents\q_tables\exp2_vs_rational_321123.pkl,N/A,J0,30,12,12,30,8,5,3
677,q_learning,sb3_league,C:\Users\Ramiro\Desktop\Truco-AI\game\agents\RL-Agents\q_tables\exp2_vs_rational_321123.pkl,N/A,J0,30,0,0,30,0,0,0
678,q_learning,sb3_league,C:\Users\Ramiro\Desktop\Truco-AI\game\agents\RL-Agents\q_tables\exp2_vs_rational_321123.pkl,N/A,J0,30,0,0,30,0,0,0
679,q_learning,sb3_league,C:\Users\Ramiro\Desktop\Truco-AI\game\agents\RL-Agents\q_tables\exp2_vs_rational_321123.pkl,N/A,J1,25,30,30,25,11,6,5
680,q_learning,sb3_league,C:\Users\Ramiro\Desktop\Truco-AI\game\agents\RL-Agents\q_tables\exp2_vs_rational_321123.pkl,N/A,J0,30,2,2,30,2,1,1
681,q_learning,sb3_league,C:\Users\Ramiro\Desktop\Truco-AI\game\agents\RL-Agents\q_tables\exp2_vs_rational_321123.pkl,N/A,J0,30,18,18,30,13,9,4
682,q_learning,sb3_league,C:\Users\Ramiro\Desktop\Truco-AI\game\agents\RL-Agents\q_tables\exp2_vs_rational_321123.pkl,N/A,J0,30,0,0,30,0,0,0
683,q_learning,sb3_league,C:\Users\Ramiro\Desktop\Truco-AI\game\agents\RL-Agents\q_tables\exp2_vs_rational_321123.pkl,N/A,J1,19,30,30,19,10,4,6
684,q_learning,sb3_league,C:\Users\Ramiro\Desktop\Truco-AI\game\agents\RL-Agents\q_tables\exp2_vs_rational_321123.pkl,N/A,J0,30,0,0,30,1,1,0
685,q_learning,sb3_league,C:\Users\Ramiro\Desktop\Truco-AI\game\agents\RL-Agents\q_tables\exp2_vs_rational_321123.pkl,N/A,J0,30,16,16,30,9,7,2
686,q_learning,sb3_league,C:\Users\Ramiro\Desktop\Truco-AI\game\agents\RL-Agents\q_tables\exp2_vs_rational_321123.pkl,N/A,J1,0,30,30,0,2,0,2
687,q_learning,sb3_league,C:\Users\Ramiro\Desktop\Truco-AI\game\agents\RL-Agents\q_tables\exp2_vs_rational_321123.pkl,N/A,J0,30,4,4,30,1,0,1
688,q_learning,sb3_league,C:\Users\Ramiro\Desktop\Truco-AI\game\agents\RL-Agents\q_tables\exp2_vs_rational_321123.pkl,N/A,J1,4,30,30,4,2,1,1
689,q_learning,sb3_league,C:\Users\Ramiro\Desktop\Truco-AI\game\agents\RL-Agents\q_tables\exp2_vs_rational_321123.pkl,N/A,J1,16,30,30,16,8,3,5
690,q_learning,sb3_league,C:\Users\Ramiro\Desktop\Truco-AI\game\agents\RL-Agents\q_tables\exp2_vs_rational_321123.pkl,N/A,J0,30,25,25,30,10,5,5
691,q_learning,sb3_league,C:\Users\Ramiro\Desktop\Truco-AI\game\agents\RL-Agents\q_tables\exp2_vs_rational_321123.pkl,N/A,J0,30,4,4,30,3,2,1
692,q_learning,sb3_league,C:\Users\Ramiro\Desktop\Truco-AI\game\agents\RL-Agents\q_tables\exp2_vs_rational_321123.pkl,N/A,J0,30,0,0,30,0,0,0
693,q_learning,sb3_league,C:\Users\Ramiro\Desktop\Truco-AI\game\agents\RL-Agents\q_tables\exp2_vs_rational_321123.pkl,N/A,J1,0,30,30,0,0,0,0
694,q_learning,sb3_league,C:\Users\Ramiro\Desktop\Truco-AI\game\agents\RL-Agents\q_tables\exp2_vs_rational_321123.pkl,N/A,J0,30,11,11,30,7,4,3
695,q_learning,sb3_league,C:\Users\Ramiro\Desktop\Truco-AI\game\agents\RL-Agents\q_tables\exp2_vs_rational_321123.pkl,N/A,J1,0,30,30,0,0,0,0
696,q_learning,sb3_league,C:\Users\Ramiro\Desktop\Truco-AI\game\agents\RL-Agents\q_tables\exp2_vs_rational_321123.pkl,N/A,J0,30,8,8,30,5,3,2
697,q_learning,sb3_league,C:\Users\Ramiro\Desktop\Truco-AI\game\agents\RL-Agents\q_tables\exp2_vs_rational_321123.pkl,N/A,J1,6,30,30,6,2,2,0
698,q_learning,sb3_league,C:\Users\Ramiro\Desktop\Truco-AI\game\agents\RL-Agents\q_tables\exp2_vs_rational_321123.pkl,N/A,J0,30,12,12,30,11,7,4
699,q_learning,sb3_league,C:\Users\Ramiro\Desktop\Truco-AI\game\agents\RL-Agents\q_tables\exp2_vs_rational_321123.pkl,N/A,J0,30,3,3,30,6,6,0
700,q_learning,sb3_league,C:\Users\Ramiro\Desktop\Truco-AI\game\agents\RL-Agents\q_tables\exp2_vs_rational_321123.pkl,N/A,J1,22,30,30,22,7,5,2
701,q_learning,sb3_league,C:\Users\Ramiro\Desktop\Truco-AI\game\agents\RL-Agents\q_tables\exp2_vs_rational_321123.pkl,N/A,J1,0,30,30,0,0,0,0
702,q_learning,sb3_league,C:\Users\Ramiro\Desktop\Truco-AI\game\agents\RL-Agents\q_tables\exp2_vs_rational_321123.pkl,N/A,J1,11,30,30,11,3,1,2
703,q_learning,sb3_league,C:\Users\Ramiro\Desktop\Truco-AI\game\agents\RL-Agents\q_tables\exp2_vs_rational_321123.pkl,N/A,J0,30,0,0,30,0,0,0
704,q_learning,sb3_league,C:\Users\Ramiro\Desktop\Truco-AI\game\agents\RL-Agents\q_tables\exp2_vs_rational_321123.pkl,N/A,J1,21,30,30,21,13,5,8
705,q_learning,sb3_league,C:\Users\Ramiro\Desktop\Truco-AI\game\agents\RL-Agents\q_tables\exp2_vs_rational_321123.pkl,N/A,J0,30,20,20,30,9,5,4
706,q_learning,sb3_league,C:\Users\Ramiro\Desktop\Truco-AI\game\agents\RL-Agents\q_tables\exp2_vs_rational_321123.pkl,N/A,J1,16,30,30,16,8,3,5
707,q_learning,sb3_league,C:\Users\Ramiro\Desktop\Truco-AI\game\agents\RL-Agents\q_tables\exp2_vs_rational_321123.pkl,N/A,J1,28,30,30,28,13,8,5
708,q_learning,sb3_league,C:\Users\Ramiro\Desktop\Truco-AI\game\agents\RL-Agents\q_tables\exp2_vs_rational_321123.pkl,N/A,J1,4,30,30,4,4,1,3
709,q_learning,sb3_league,C:\Users\Ramiro\Desktop\Truco-AI\game\agents\RL-Agents\q_tables\exp2_vs_rational_321123.pkl,N/A,J1,0,30,30,0,0,0,0
710,q_learning,sb3_league,C:\Users\Ramiro\Desktop\Truco-AI\game\agents\RL-Agents\q_tables\exp2_vs_rational_321123.pkl,N/A,J0,30,20,20,30,8,3,5
711,q_learning,sb3_league,C:\Users\Ramiro\Desktop\Truco-AI\game\agents\RL-Agents\q_tables\exp2_vs_rational_321123.pkl,N/A,J1,0,30,30,0,1,0,1
712,q_learning,sb3_league,C:\Users\Ramiro\Desktop\Truco-AI\game\agents\RL-Agents\q_tables\exp2_vs_rational_321123.pkl,N/A,J0,30,22,22,30,14,7,7
713,q_learning,sb3_league,C:\Users\Ramiro\Desktop\Truco-AI\game\agents\RL-Agents\q_tables\exp2_vs_rational_321123.pkl,N/A,J1,0,30,30,0,0,0,0
714,q_learning,sb3_league,C:\Users\Ramiro\Desktop\Truco-AI\game\agents\RL-Agents\q_tables\exp2_vs_rational_321123.pkl,N/A,J0,30,22,22,30,9,3,6
715,q_learning,sb3_league,C:\Users\Ramiro\Desktop\Truco-AI\game\agents\RL-Agents\q_tables\exp2_vs_rational_321123.pkl,N/A,J0,30,14,14,30,9,4,5
716,q_learning,sb3_league,C:\Users\Ramiro\Desktop\Truco-AI\game\agents\RL-Agents\q_tables\exp2_vs_rational_321123.pkl,N/A,J1,15,30,30,15,7,5,2
717,q_learning,sb3_league,C:\Users\Ramiro\Desktop\Truco-AI\game\agents\RL-Agents\q_tables\exp2_vs_rational_321123.pkl,N/A,J1,0,30,30,0,0,0,0
718,q_learning,sb3_league,C:\Users\Ramiro\Desktop\Truco-AI\game\agents\RL-Agents\q_tables\exp2_vs_rational_321123.pkl,N/A,J0,30,2,2,30,2,1,1
719,q_learning,sb3_league,C:\Users\Ramiro\Desktop\Truco-AI\game\agents\RL-Agents\q_tables\exp2_vs_rational_321123.pkl,N/A,J0,30,23,23,30,10,6,4
720,q_learning,sb3_league,C:\Users\Ramiro\Desktop\Truco-AI\game\agents\RL-Agents\q_tables\exp2_vs_rational_321123.pkl,N/A,J0,30,19,19,30,10,5,5
721,q_learning,sb3_league,C:\Users\Ramiro\Desktop\Truco-AI\game\agents\RL-Agents\q_tables\exp2_vs_rational_321123.pkl,N/A,J0,30,10,10,30,3,0,3
722,q_learning,sb3_league,C:\Users\Ramiro\Desktop\Truco-AI\game\agents\RL-Agents\q_tables\exp2_vs_rational_321123.pkl,N/A,J1,18,30,30,18,6,4,2
723,q_learning,sb3_league,C:\Users\Ramiro\Desktop\Truco-AI\game\agents\RL-Agents\q_tables\exp2_vs_rational_321123.pkl,N/A,J0,30,18,18,30,7,3,4
724,q_learning,sb3_league,C:\Users\Ramiro\Desktop\Truco-AI\game\agents\RL-Agents\q_tables\exp2_vs_rational_321123.pkl,N/A,J1,6,30,30,6,2,2,0
725,q_learning,sb3_league,C:\Users\Ramiro\Desktop\Truco-AI\game\agents\RL-Agents\q_tables\exp2_vs_rational_321123.pkl,N/A,J0,30,19,19,30,9,5,4
726,q_learning,sb3_league,C:\Users\Ramiro\Desktop\Truco-AI\game\agents\RL-Agents\q_tables\exp2_vs_rational_321123.pkl,N/A,J1,1,30,30,1,1,0,1
727,q_learning,sb3_league,C:\Users\Ramiro\Desktop\Truco-AI\game\agents\RL-Agents\q_tables\exp2_vs_rational_321123.pkl,N/A,J1,4,30,30,4,2,1,1
728,q_learning,sb3_league,C:\Users\Ramiro\Desktop\Truco-AI\game\agents\RL-Agents\q_tables\exp2_vs_rational_321123.pkl,N/A,J1,0,30,30,0,0,0,0
729,q_learning,sb3_league,C:\Users\Ramiro\Desktop\Truco-AI\game\agents\RL-Agents\q_tables\exp2_vs_rational_321123.pkl,N/A,J1,12,30,30,12,9,5,4
730,q_learning,sb3_league,C:\Users\Ramiro\Desktop\Truco-AI\game\agents\RL-Agents\q_tables\exp2_vs_rational_321123.pkl,N/A,J1,4,30,30,4,3,1,2
731,q_learning,sb3_league,C:\Users\Ramiro\Desktop\Truco-AI\game\agents\RL-Agents\q_tables\exp2_vs_rational_321123.pkl,N/A,J1,0,30,30,0,0,0,0
732,q_learning,sb3_league,C:\Users\Ramiro\Desktop\Truco-AI\game\agents\RL-Agents\q_tables\exp2_vs_rational_321123.pkl,N/A,J1,20,30,30,20,8,5,3
733,q_learning,sb3_league,C:\Users\Ramiro\Desktop\Truco-AI\game\agents\RL-Agents\q_tables\exp2_vs_rational_321123.pkl,N/A,J1,0,30,30,0,0,0,0
734,q_learning,sb3_league,C:\Users\Ramiro\Desktop\Truco-AI\game\agents\RL-Agents\q_tables\exp2_vs_rational_321123.pkl,N/A,J0,30,0,0,30,0,0,0
735,q_learning,sb3_league,C:\Users\Ramiro\Desktop\Truco-AI\game\agents\RL-Agents\q_tables\exp2_vs_rational_321123.pkl,N/A,J1,15,30,30,15,12,3,9
736,q_learning,sb3_league,C:\Users\Ramiro\Desktop\Truco-AI\game\agents\RL-Agents\q_tables\exp2_vs_rational_321123.pkl,N/A,J1,29,30,30,29,12,6,6
737,q_learning,sb3_league,C:\Users\Ramiro\Desktop\Truco-AI\game\agents\RL-Agents\q_tables\exp2_vs_rational_321123.pkl,N/A,J0,30,6,6,30,4,2,2
738,q_learning,sb3_league,C:\Users\Ramiro\Desktop\Truco-AI\game\agents\RL-Agents\q_tables\exp2_vs_rational_321123.pkl,N/A,J1,3,30,30,3,8,3,5
739,q_learning,sb3_league,C:\Users\Ramiro\Desktop\Truco-AI\game\agents\RL-Agents\q_tables\exp2_vs_rational_321123.pkl,N/A,J1,0,30,30,0,1,0,1
740,q_learning,sb3_league,C:\Users\Ramiro\Desktop\Truco-AI\game\agents\RL-Agents\q_tables\exp2_vs_rational_321123.pkl,N/A,J0,30,0,0,30,1,1,0
741,q_learning,sb3_league,C:\Users\Ramiro\Desktop\Truco-AI\game\agents\RL-Agents\q_tables\exp2_vs_rational_321123.pkl,N/A,J0,30,8,8,30,3,2,1
742,q_learning,sb3_league,C:\Users\Ramiro\Desktop\Truco-AI\game\agents\RL-Agents\q_tables\exp2_vs_rational_321123.pkl,N/A,J1,2,30,30,2,2,2,0
743,q_learning,sb3_league,C:\Users\Ramiro\Desktop\Truco-AI\game\agents\RL-Agents\q_tables\exp2_vs_rational_321123.pkl,N/A,J0,30,0,0,30,0,0,0
744,q_learning,sb3_league,C:\Users\Ramiro\Desktop\Truco-AI\game\agents\RL-Agents\q_tables\exp2_vs_rational_321123.pkl,N/A,J1,17,30,30,17,6,3,3
745,q_learning,sb3_league,C:\Users\Ramiro\Desktop\Truco-AI\game\agents\RL-Agents\q_tables\exp2_vs_rational_321123.pkl,N/A,J0,30,13,13,30,10,5,5
746,q_learning,sb3_league,C:\Users\Ramiro\Desktop\Truco-AI\game\agents\RL-Agents\q_tables\exp2_vs_rational_321123.pkl,N/A,J1,0,30,30,0,1,0,1
747,q_learning,sb3_league,C:\Users\Ramiro\Desktop\Truco-AI\game\agents\RL-Agents\q_tables\exp2_vs_rational_321123.pkl,N/A,J0,30,2,2,30,1,1,0
748,q_learning,sb3_league,C:\Users\Ramiro\Desktop\Truco-AI\game\agents\RL-Agents\q_tables\exp2_vs_rational_321123.pkl,N/A,J1,24,30,30,24,9,5,4
749,q_learning,sb3_league,C:\Users\Ramiro\Desktop\Truco-AI\game\agents\RL-Agents\q_tables\exp2_vs_rational_321123.pkl,N/A,J1,13,30,30,13,11,4,7
750,q_learning,sb3_league,C:\Users\Ramiro\Desktop\Truco-AI\game\agents\RL-Agents\q_tables\exp2_vs_rational_321123.pkl,N/A,J0,30,12,12,30,10,5,5
751,q_learning,sb3_league,C:\Users\Ramiro\Desktop\Truco-AI\game\agents\RL-Agents\q_tables\exp2_vs_rational_321123.pkl,N/A,J0,30,11,11,30,2,1,1
752,q_learning,sb3_league,C:\Users\Ramiro\Desktop\Truco-AI\game\agents\RL-Agents\q_tables\exp2_vs_rational_321123.pkl,N/A,J0,30,7,7,30,3,1,2
753,q_learning,sb3_league,C:\Users\Ramiro\Desktop\Truco-AI\game\agents\RL-Agents\q_tables\exp2_vs_rational_321123.pkl,N/A,J0,30,1,1,30,1,1,0
754,q_learning,sb3_league,C:\Users\Ramiro\Desktop\Truco-AI\game\agents\RL-Agents\q_tables\exp2_vs_rational_321123.pkl,N/A,J1,0,30,30,0,0,0,0
755,q_learning,sb3_league,C:\Users\Ramiro\Desktop\Truco-AI\game\agents\RL-Agents\q_tables\exp2_vs_rational_321123.pkl,N/A,J0,30,9,9,30,5,1,4
756,q_learning,sb3_league,C:\Users\Ramiro\Desktop\Truco-AI\game\agents\RL-Agents\q_tables\exp2_vs_rational_321123.pkl,N/A,J1,0,30,30,0,1,0,1
757,q_learning,sb3_league,C:\Users\Ramiro\Desktop\Truco-AI\game\agents\RL-Agents\q_tables\exp2_vs_rational_321123.pkl,N/A,J0,30,20,20,30,12,6,6
758,q_learning,sb3_league,C:\Users\Ramiro\Desktop\Truco-AI\game\agents\RL-Agents\q_tables\exp2_vs_rational_321123.pkl,N/A,J1,0,30,30,0,0,0,0
759,q_learning,sb3_league,C:\Users\Ramiro\Desktop\Truco-AI\game\agents\RL-Agents\q_tables\exp2_vs_rational_321123.pkl,N/A,J1,25,30,30,25,12,6,6
760,q_learning,sb3_league,C:\Users\Ramiro\Desktop\Truco-AI\game\agents\RL-Agents\q_tables\exp2_vs_rational_321123.pkl,N/A,J0,30,13,13,30,5,1,4
761,q_learning,sb3_league,C:\Users\Ramiro\Desktop\Truco-AI\game\agents\RL-Agents\q_tables\exp2_vs_rational_321123.pkl,N/A,J0,30,16,16,30,8,2,6
762,q_learning,sb3_league,C:\Users\Ramiro\Desktop\Truco-AI\game\agents\RL-Agents\q_tables\exp2_vs_rational_321123.pkl,N/A,J1,0,30,30,0,0,0,0
763,q_learning,sb3_league,C:\Users\Ramiro\Desktop\Truco-AI\game\agents\RL-Agents\q_tables\exp2_vs_rational_321123.pkl,N/A,J1,11,30,30,11,8,2,6
764,q_learning,sb3_league,C:\Users\Ramiro\Desktop\Truco-AI\game\agents\RL-Agents\q_tables\exp2_vs_rational_321123.pkl,N/A,J1,4,30,30,4,2,1,1
765,q_learning,sb3_league,C:\Users\Ramiro\Desktop\Truco-AI\game\agents\RL-Agents\q_tables\exp2_vs_rational_321123.pkl,N/A,J1,0,30,30,0,1,0,1
766,q_learning,sb3_league,C:\Users\Ramiro\Desktop\Truco-AI\game\agents\RL-Agents\q_tables\exp2_vs_rational_321123.pkl,N/A,J0,30,19,19,30,11,3,8
767,q_learning,sb3_league,C:\Users\Ramiro\Desktop\Truco-AI\game\agents\RL-Agents\q_tables\exp2_vs_rational_321123.pkl,N/A,J0,30,0,0,30,1,1,0
768,q_learning,sb3_league,C:\Users\Ramiro\Desktop\Truco-AI\game\agents\RL-Agents\q_tables\exp2_vs_rational_321123.pkl,N/A,J0,30,2,2,30,3,2,1
769,q_learning,sb3_league,C:\Users\Ramiro\Desktop\Truco-AI\game\agents\RL-Agents\q_tables\exp2_vs_rational_321123.pkl,N/A,J0,30,26,26,30,6,3,3
770,q_learning,sb3_league,C:\Users\Ramiro\Desktop\Truco-AI\game\agents\RL-Agents\q_tables\exp2_vs_rational_321123.pkl,N/A,J0,30,23,23,30,10,5,5
771,q_learning,sb3_league,C:\Users\Ramiro\Desktop\Truco-AI\game\agents\RL-Agents\q_tables\exp2_vs_rational_321123.pkl,N/A,J0,30,6,6,30,3,2,1
772,q_learning,sb3_league,C:\Users\Ramiro\Desktop\Truco-AI\game\agents\RL-Agents\q_tables\exp2_vs_rational_321123.pkl,N/A,J0,30,6,6,30,7,4,3
773,q_learning,sb3_league,C:\Users\Ramiro\Desktop\Truco-AI\game\agents\RL-Agents\q_tables\exp2_vs_rational_321123.pkl,N/A,J0,30,24,24,30,12,7,5
774,q_learning,sb3_league,C:\Users\Ramiro\Desktop\Truco-AI\game\agents\RL-Agents\q_tables\exp2_vs_rational_321123.pkl,N/A,J0,30,19,19,30,11,7,4
775,q_learning,sb3_league,C:\Users\Ramiro\Desktop\Truco-AI\game\agents\RL-Agents\q_tables\exp2_vs_rational_321123.pkl,N/A,J1,10,30,30,10,3,3,0
776,q_learning,sb3_league,C:\Users\Ramiro\Desktop\Truco-AI\game\agents\RL-Agents\q_tables\exp2_vs_rational_321123.pkl,N/A,J1,27,30,30,27,9,1,8
777,q_learning,sb3_league,C:\Users\Ramiro\Desktop\Truco-AI\game\agents\RL-Agents\q_tables\exp2_vs_rational_321123.pkl,N/A,J1,0,30,30,0,0,0,0
778,q_learning,sb3_league,C:\Users\Ramiro\Desktop\Truco-AI\game\agents\RL-Agents\q_tables\exp2_vs_rational_321123.pkl,N/A,J1,1,30,30,1,5,1,4
779,q_learning,sb3_league,C:\Users\Ramiro\Desktop\Truco-AI\game\agents\RL-Agents\q_tables\exp2_vs_rational_321123.pkl,N/A,J0,30,21,21,30,10,5,5
780,q_learning,sb3_league,C:\Users\Ramiro\Desktop\Truco-AI\game\agents\RL-Agents\q_tables\exp2_vs_rational_321123.pkl,N/A,J0,30,5,5,30,4,3,1
781,q_learning,sb3_league,C:\Users\Ramiro\Desktop\Truco-AI\game\agents\RL-Agents\q_tables\exp2_vs_rational_321123.pkl,N/A,J1,22,30,30,22,9,3,6
782,q_learning,sb3_league,C:\Users\Ramiro\Desktop\Truco-AI\game\agents\RL-Agents\q_tables\exp2_vs_rational_321123.pkl,N/A,J1,17,30,30,17,9,4,5
783,q_learning,sb3_league,C:\Users\Ramiro\Desktop\Truco-AI\game\agents\RL-Agents\q_tables\exp2_vs_rational_321123.pkl,N/A,J0,30,16,16,30,11,6,5
784,q_learning,sb3_league,C:\Users\Ramiro\Desktop\Truco-AI\game\agents\RL-Agents\q_tables\exp2_vs_rational_321123.pkl,N/A,J0,30,19,19,30,9,6,3
785,q_learning,sb3_league,C:\Users\Ramiro\Desktop\Truco-AI\game\agents\RL-Agents\q_tables\exp2_vs_rational_321123.pkl,N/A,J0,30,11,11,30,12,8,4
786,q_learning,sb3_league,C:\Users\Ramiro\Desktop\Truco-AI\game\agents\RL-Agents\q_tables\exp2_vs_rational_321123.pkl,N/A,J0,30,21,21,30,11,7,4
787,q_learning,sb3_league,C:\Users\Ramiro\Desktop\Truco-AI\game\agents\RL-Agents\q_tables\exp2_vs_rational_321123.pkl,N/A,J0,30,17,17,30,5,3,2
788,q_learning,sb3_league,C:\Users\Ramiro\Desktop\Truco-AI\game\agents\RL-Agents\q_tables\exp2_vs_rational_321123.pkl,N/A,J0,30,0,0,30,1,1,0
789,q_learning,sb3_league,C:\Users\Ramiro\Desktop\Truco-AI\game\agents\RL-Agents\q_tables\exp2_vs_rational_321123.pkl,N/A,J1,12,30,30,12,5,2,3
790,q_learning,sb3_league,C:\Users\Ramiro\Desktop\Truco-AI\game\agents\RL-Agents\q_tables\exp2_vs_rational_321123.pkl,N/A,J0,30,7,7,30,8,6,2
791,q_learning,sb3_league,C:\Users\Ramiro\Desktop\Truco-AI\game\agents\RL-Agents\q_tables\exp2_vs_rational_321123.pkl,N/A,J1,2,30,30,2,2,1,1
792,q_learning,sb3_league,C:\Users\Ramiro\Desktop\Truco-AI\game\agents\RL-Agents\q_tables\exp2_vs_rational_321123.pkl,N/A,J1,0,30,30,0,0,0,0
793,q_learning,sb3_league,C:\Users\Ramiro\Desktop\Truco-AI\game\agents\RL-Agents\q_tables\exp2_vs_rational_321123.pkl,N/A,J1,4,30,30,4,1,1,0
794,q_learning,sb3_league,C:\Users\Ramiro\Desktop\Truco-AI\game\agents\RL-Agents\q_tables\exp2_vs_rational_321123.pkl,N/A,J1,22,30,30,22,11,3,8
795,q_learning,sb3_league,C:\Users\Ramiro\Desktop\Truco-AI\game\agents\RL-Agents\q_tables\exp2_vs_rational_321123.pkl,N/A,J0,30,3,3,30,3,1,2
796,q_learning,sb3_league,C:\Users\Ramiro\Desktop\Truco-AI\game\agents\RL-Agents\q_tables\exp2_vs_rational_321123.pkl,N/A,J0,30,14,14,30,7,4,3
797,q_learning,sb3_league,C:\Users\Ramiro\Desktop\Truco-AI\game\agents\RL-Agents\q_tables\exp2_vs_rational_321123.pkl,N/A,J0,30,15,15,30,4,1,3
798,q_learning,sb3_league,C:\Users\Ramiro\Desktop\Truco-AI\game\agents\RL-Agents\q_tables\exp2_vs_rational_321123.pkl,N/A,J0,30,0,0,30,1,1,0
799,q_learning,sb3_league,C:\Users\Ramiro\Desktop\Truco-AI\game\agents\RL-Agents\q_tables\exp2_vs_rational_321123.pkl,N/A,J1,21,30,30,21,12,6,6
800,q_learning,sb3_league,C:\Users\Ramiro\Desktop\Truco-AI\game\agents\RL-Agents\q_tables\exp2_vs_rational_321123.pkl,N/A,J1,8,30,30,8,3,2,1
801,q_learning,sb3_league,C:\Users\Ramiro\Desktop\Truco-AI\game\agents\RL-Agents\q_tables\exp2_vs_rational_321123.pkl,N/A,J0,30,5,5,30,3,2,1
802,q_learning,sb3_league,C:\Users\Ramiro\Desktop\Truco-AI\game\agents\RL-Agents\q_tables\exp2_vs_rational_321123.pkl,N/A,J1,10,30,30,10,6,2,4
803,q_learning,sb3_league,C:\Users\Ramiro\Desktop\Truco-AI\game\agents\RL-Agents\q_tables\exp2_vs_rational_321123.pkl,N/A,J0,30,4,4,30,2,2,0
804,q_learning,sb3_league,C:\Users\Ramiro\Desktop\Truco-AI\game\agents\RL-Agents\q_tables\exp2_vs_rational_321123.pkl,N/A,J0,30,22,22,30,10,4,6
805,q_learning,sb3_league,C:\Users\Ramiro\Desktop\Truco-AI\game\agents\RL-Agents\q_tables\exp2_vs_rational_321123.pkl,N/A,J0,30,23,23,30,10,3,7
806,q_learning,sb3_league,C:\Users\Ramiro\Desktop\Truco-AI\game\agents\RL-Agents\q_tables\exp2_vs_rational_321123.pkl,N/A,J1,5,30,30,5,1,0,1
807,q_learning,sb3_league,C:\Users\Ramiro\Desktop\Truco-AI\game\agents\RL-Agents\q_tables\exp2_vs_rational_321123.pkl,N/A,J0,30,11,11,30,7,4,3
808,q_learning,sb3_league,C:\Users\Ramiro\Desktop\Truco-AI\game\agents\RL-Agents\q_tables\exp2_vs_rational_321123.pkl,N/A,J0,30,0,0,30,0,0,0
809,q_learning,sb3_league,C:\Users\Ramiro\Desktop\Truco-AI\game\agents\RL-Agents\q_tables\exp2_vs_rational_321123.pkl,N/A,J1,0,30,30,0,0,0,0
810,q_learning,sb3_league,C:\Users\Ramiro\Desktop\Truco-AI\game\agents\RL-Agents\q_tables\exp2_vs_rational_321123.pkl,N/A,J0,30,8,8,30,3,1,2
811,q_learning,sb3_league,C:\Users\Ramiro\Desktop\Truco-AI\game\agents\RL-Agents\q_tables\exp2_vs_rational_321123.pkl,N/A,J0,30,26,26,30,9,2,7
812,q_learning,sb3_league,C:\Users\Ramiro\Desktop\Truco-AI\game\agents\RL-Agents\q_tables\exp2_vs_rational_321123.pkl,N/A,J1,0,30,30,0,0,0,0
813,q_learning,sb3_league,C:\Users\Ramiro\Desktop\Truco-AI\game\agents\RL-Agents\q_tables\exp2_vs_rational_321123.pkl,N/A,J1,0,30,30,0,1,0,1
814,q_learning,sb3_league,C:\Users\Ramiro\Desktop\Truco-AI\game\agents\RL-Agents\q_tables\exp2_vs_rational_321123.pkl,N/A,J0,30,26,26,30,12,8,4
815,q_learning,sb3_league,C:\Users\Ramiro\Desktop\Truco-AI\game\agents\RL-Agents\q_tables\exp2_vs_rational_321123.pkl,N/A,J1,0,30,30,0,0,0,0
816,q_learning,sb3_league,C:\Users\Ramiro\Desktop\Truco-AI\game\agents\RL-Agents\q_tables\exp2_vs_rational_321123.pkl,N/A,J0,30,6,6,30,2,1,1
817,q_learning,sb3_league,C:\Users\Ramiro\Desktop\Truco-AI\game\agents\RL-Agents\q_tables\exp2_vs_rational_321123.pkl,N/A,J0,30,20,20,30,8,3,5
818,q_learning,sb3_league,C:\Users\Ramiro\Desktop\Truco-AI\game\agents\RL-Agents\q_tables\exp2_vs_rational_321123.pkl,N/A,J1,3,30,30,3,2,1,1
819,q_learning,sb3_league,C:\Users\Ramiro\Desktop\Truco-AI\game\agents\RL-Agents\q_tables\exp2_vs_rational_321123.pkl,N/A,J0,30,4,4,30,3,2,1
820,q_learning,sb3_league,C:\Users\Ramiro\Desktop\Truco-AI\game\agents\RL-Agents\q_tables\exp2_vs_rational_321123.pkl,N/A,J1,3,30,30,3,6,3,3
821,q_learning,sb3_league,C:\Users\Ramiro\Desktop\Truco-AI\game\agents\RL-Agents\q_tables\exp2_vs_rational_321123.pkl,N/A,J1,0,30,30,0,0,0,0
822,q_learning,sb3_league,C:\Users\Ramiro\Desktop\Truco-AI\game\agents\RL-Agents\q_tables\exp2_vs_rational_321123.pkl,N/A,J0,30,13,13,30,5,2,3
823,q_learning,sb3_league,C:\Users\Ramiro\Desktop\Truco-AI\game\agents\RL-Agents\q_tables\exp2_vs_rational_321123.pkl,N/A,J0,30,0,0,30,0,0,0
824,q_learning,sb3_league,C:\Users\Ramiro\Desktop\Truco-AI\game\agents\RL-Agents\q_tables\exp2_vs_rational_321123.pkl,N/A,J1,0,30,30,0,0,0,0
825,q_learning,sb3_league,C:\Users\Ramiro\Desktop\Truco-AI\game\agents\RL-Agents\q_tables\exp2_vs_rational_321123.pkl,N/A,J1,13,30,30,13,10,4,6
826,q_learning,sb3_league,C:\Users\Ramiro\Desktop\Truco-AI\game\agents\RL-Agents\q_tables\exp2_vs_rational_321123.pkl,N/A,J0,30,14,14,30,6,2,4
827,q_learning,sb3_league,C:\Users\Ramiro\Desktop\Truco-AI\game\agents\RL-Agents\q_tables\exp2_vs_rational_321123.pkl,N/A,J0,30,0,0,30,0,0,0
828,q_learning,sb3_league,C:\Users\Ramiro\Desktop\Truco-AI\game\agents\RL-Agents\q_tables\exp2_vs_rational_321123.pkl,N/A,J0,30,28,28,30,13,4,9
829,q_learning,sb3_league,C:\Users\Ramiro\Desktop\Truco-AI\game\agents\RL-Agents\q_tables\exp2_vs_rational_321123.pkl,N/A,J1,3,30,30,3,1,1,0
830,q_learning,sb3_league,C:\Users\Ramiro\Desktop\Truco-AI\game\agents\RL-Agents\q_tables\exp2_vs_rational_321123.pkl,N/A,J1,1,30,30,1,2,1,1
831,q_learning,sb3_league,C:\Users\Ramiro\Desktop\Truco-AI\game\agents\RL-Agents\q_tables\exp2_vs_rational_321123.pkl,N/A,J1,4,30,30,4,1,1,0
832,q_learning,sb3_league,C:\Users\Ramiro\Desktop\Truco-AI\game\agents\RL-Agents\q_tables\exp2_vs_rational_321123.pkl,N/A,J1,25,30,30,25,14,6,8
833,q_learning,sb3_league,C:\Users\Ramiro\Desktop\Truco-AI\game\agents\RL-Agents\q_tables\exp2_vs_rational_321123.pkl,N/A,J1,0,30,30,0,0,0,0
834,q_learning,sb3_league,C:\Users\Ramiro\Desktop\Truco-AI\game\agents\RL-Agents\q_tables\exp2_vs_rational_321123.pkl,N/A,J1,28,30,30,28,10,3,7
835,q_learning,sb3_league,C:\Users\Ramiro\Desktop\Truco-AI\game\agents\RL-Agents\q_tables\exp2_vs_rational_321123.pkl,N/A,J0,30,0,0,30,0,0,0
836,q_learning,sb3_league,C:\Users\Ramiro\Desktop\Truco-AI\game\agents\RL-Agents\q_tables\exp2_vs_rational_321123.pkl,N/A,J1,17,30,30,17,4,2,2
837,q_learning,sb3_league,C:\Users\Ramiro\Desktop\Truco-AI\game\agents\RL-Agents\q_tables\exp2_vs_rational_321123.pkl,N/A,J1,24,30,30,24,11,5,6
838,q_learning,sb3_league,C:\Users\Ramiro\Desktop\Truco-AI\game\agents\RL-Agents\q_tables\exp2_vs_rational_321123.pkl,N/A,J0,30,1,1,30,1,1,0
839,q_learning,sb3_league,C:\Users\Ramiro\Desktop\Truco-AI\game\agents\RL-Agents\q_tables\exp2_vs_rational_321123.pkl,N/A,J0,30,0,0,30,0,0,0
840,q_learning,sb3_league,C:\Users\Ramiro\Desktop\Truco-AI\game\agents\RL-Agents\q_tables\exp2_vs_rational_321123.pkl,N/A,J1,2,30,30,2,3,1,2
841,q_learning,sb3_league,C:\Users\Ramiro\Desktop\Truco-AI\game\agents\RL-Agents\q_tables\exp2_vs_rational_321123.pkl,N/A,J1,9,30,30,9,3,2,1
842,q_learning,sb3_league,C:\Users\Ramiro\Desktop\Truco-AI\game\agents\RL-Agents\q_tables\exp2_vs_rational_321123.pkl,N/A,J1,10,30,30,10,8,3,5
843,q_learning,sb3_league,C:\Users\Ramiro\Desktop\Truco-AI\game\agents\RL-Agents\q_tables\exp2_vs_rational_321123.pkl,N/A,J1,18,30,30,18,8,5,3
844,q_learning,sb3_league,C:\Users\Ramiro\Desktop\Truco-AI\game\agents\RL-Agents\q_tables\exp2_vs_rational_321123.pkl,N/A,J1,29,30,30,29,10,5,5
845,q_learning,sb3_league,C:\Users\Ramiro\Desktop\Truco-AI\game\agents\RL-Agents\q_tables\exp2_vs_rational_321123.pkl,N/A,J1,24,30,30,24,8,5,3
846,q_learning,sb3_league,C:\Users\Ramiro\Desktop\Truco-AI\game\agents\RL-Agents\q_tables\exp2_vs_rational_321123.pkl,N/A,J0,30,2,2,30,3,1,2
847,q_learning,sb3_league,C:\Users\Ramiro\Desktop\Truco-AI\game\agents\RL-Agents\q_tables\exp2_vs_rational_321123.pkl,N/A,J1,12,30,30,12,4,3,1
848,q_learning,sb3_league,C:\Users\Ramiro\Desktop\Truco-AI\game\agents\RL-Agents\q_tables\exp2_vs_rational_321123.pkl,N/A,J1,15,30,30,15,4,2,2
849,q_learning,sb3_league,C:\Users\Ramiro\Desktop\Truco-AI\game\agents\RL-Agents\q_tables\exp2_vs_rational_321123.pkl,N/A,J1,13,30,30,13,6,3,3
850,q_learning,sb3_league,C:\Users\Ramiro\Desktop\Truco-AI\game\agents\RL-Agents\q_tables\exp2_vs_rational_321123.pkl,N/A,J0,30,0,0,30,0,0,0
851,q_learning,sb3_league,C:\Users\Ramiro\Desktop\Truco-AI\game\agents\RL-Agents\q_tables\exp2_vs_rational_321123.pkl,N/A,J1,26,30,30,26,15,8,7
852,q_learning,sb3_league,C:\Users\Ramiro\Desktop\Truco-AI\game\agents\RL-Agents\q_tables\exp2_vs_rational_321123.pkl,N/A,J1,3,30,30,3,1,1,0
853,q_learning,sb3_league,C:\Users\Ramiro\Desktop\Truco-AI\game\agents\RL-Agents\q_tables\exp2_vs_rational_321123.pkl,N/A,J0,30,4,4,30,2,1,1
854,q_learning,sb3_league,C:\Users\Ramiro\Desktop\Truco-AI\game\agents\RL-Agents\q_tables\exp2_vs_rational_321123.pkl,N/A,J0,30,12,12,30,6,2,4
855,q_learning,sb3_league,C:\Users\Ramiro\Desktop\Truco-AI\game\agents\RL-Agents\q_tables\exp2_vs_rational_321123.pkl,N/A,J1,28,30,30,28,16,9,7
856,q_learning,sb3_league,C:\Users\Ramiro\Desktop\Truco-AI\game\agents\RL-Agents\q_tables\exp2_vs_rational_321123.pkl,N/A,J1,15,30,30,15,6,4,2
857,q_learning,sb3_league,C:\Users\Ramiro\Desktop\Truco-AI\game\agents\RL-Agents\q_tables\exp2_vs_rational_321123.pkl,N/A,J0,30,26,26,30,13,6,7
858,q_learning,sb3_league,C:\Users\Ramiro\Desktop\Truco-AI\game\agents\RL-Agents\q_tables\exp2_vs_rational_321123.pkl,N/A,J0,30,9,9,30,3,1,2
859,q_learning,sb3_league,C:\Users\Ramiro\Desktop\Truco-AI\game\agents\RL-Agents\q_tables\exp2_vs_rational_321123.pkl,N/A,J1,0,30,30,0,1,0,1
860,q_learning,sb3_league,C:\Users\Ramiro\Desktop\Truco-AI\game\agents\RL-Agents\q_tables\exp2_vs_rational_321123.pkl,N/A,J0,30,2,2,30,2,0,2
861,q_learning,sb3_league,C:\Users\Ramiro\Desktop\Truco-AI\game\agents\RL-Agents\q_tables\exp2_vs_rational_321123.pkl,N/A,J0,30,12,12,30,3,1,2
862,q_learning,sb3_league,C:\Users\Ramiro\Desktop\Truco-AI\game\agents\RL-Agents\q_tables\exp2_vs_rational_321123.pkl,N/A,J0,30,0,0,30,0,0,0
863,q_learning,sb3_league,C:\Users\Ramiro\Desktop\Truco-AI\game\agents\RL-Agents\q_tables\exp2_vs_rational_321123.pkl,N/A,J1,27,30,30,27,6,6,0
864,q_learning,sb3_league,C:\Users\Ramiro\Desktop\Truco-AI\game\agents\RL-Agents\q_tables\exp2_vs_rational_321123.pkl,N/A,J0,30,7,7,30,5,4,1
865,q_learning,sb3_league,C:\Users\Ramiro\Desktop\Truco-AI\game\agents\RL-Agents\q_tables\exp2_vs_rational_321123.pkl,N/A,J0,30,6,6,30,3,2,1
866,q_learning,sb3_league,C:\Users\Ramiro\Desktop\Truco-AI\game\agents\RL-Agents\q_tables\exp2_vs_rational_321123.pkl,N/A,J0,30,0,0,30,0,0,0
867,q_learning,sb3_league,C:\Users\Ramiro\Desktop\Truco-AI\game\agents\RL-Agents\q_tables\exp2_vs_rational_321123.pkl,N/A,J0,30,4,4,30,4,4,0
868,q_learning,sb3_league,C:\Users\Ramiro\Desktop\Truco-AI\game\agents\RL-Agents\q_tables\exp2_vs_rational_321123.pkl,N/A,J0,30,4,4,30,1,0,1
869,q_learning,sb3_league,C:\Users\Ramiro\Desktop\Truco-AI\game\agents\RL-Agents\q_tables\exp2_vs_rational_321123.pkl,N/A,J1,0,30,30,0,0,0,0
870,q_learning,sb3_league,C:\Users\Ramiro\Desktop\Truco-AI\game\agents\RL-Agents\q_tables\exp2_vs_rational_321123.pkl,N/A,J0,30,26,26,30,15,11,4
871,q_learning,sb3_league,C:\Users\Ramiro\Desktop\Truco-AI\game\agents\RL-Agents\q_tables\exp2_vs_rational_321123.pkl,N/A,J1,17,30,30,17,8,5,3
872,q_learning,sb3_league,C:\Users\Ramiro\Desktop\Truco-AI\game\agents\RL-Agents\q_tables\exp2_vs_rational_321123.pkl,N/A,J1,22,30,30,22,9,4,5
873,q_learning,sb3_league,C:\Users\Ramiro\Desktop\Truco-AI\game\agents\RL-Agents\q_tables\exp2_vs_rational_321123.pkl,N/A,J1,0,30,30,0,0,0,0
874,q_learning,sb3_league,C:\Users\Ramiro\Desktop\Truco-AI\game\agents\RL-Agents\q_tables\exp2_vs_rational_321123.pkl,N/A,J1,0,30,30,0,0,0,0
875,q_learning,sb3_league,C:\Users\Ramiro\Desktop\Truco-AI\game\agents\RL-Agents\q_tables\exp2_vs_rational_321123.pkl,N/A,J0,30,15,15,30,9,6,3
876,q_learning,sb3_league,C:\Users\Ramiro\Desktop\Truco-AI\game\agents\RL-Agents\q_tables\exp2_vs_rational_321123.pkl,N/A,J0,30,5,5,30,2,1,1
877,q_learning,sb3_league,C:\Users\Ramiro\Desktop\Truco-AI\game\agents\RL-Agents\q_tables\exp2_vs_rational_321123.pkl,N/A,J1,0,30,30,0,1,0,1
878,q_learning,sb3_league,C:\Users\Ramiro\Desktop\Truco-AI\game\agents\RL-Agents\q_tables\exp2_vs_rational_321123.pkl,N/A,J0,30,26,26,30,10,6,4
879,q_learning,sb3_league,C:\Users\Ramiro\Desktop\Truco-AI\game\agents\RL-Agents\q_tables\exp2_vs_rational_321123.pkl,N/A,J1,24,30,30,24,11,5,6
880,q_learning,sb3_league,C:\Users\Ramiro\Desktop\Truco-AI\game\agents\RL-Agents\q_tables\exp2_vs_rational_321123.pkl,N/A,J0,30,0,0,30,0,0,0
881,q_learning,sb3_league,C:\Users\Ramiro\Desktop\Truco-AI\game\agents\RL-Agents\q_tables\exp2_vs_rational_321123.pkl,N/A,J1,18,30,30,18,13,6,7
882,q_learning,sb3_league,C:\Users\Ramiro\Desktop\Truco-AI\game\agents\RL-Agents\q_tables\exp2_vs_rational_321123.pkl,N/A,J0,30,2,2,30,1,0,1
883,q_learning,sb3_league,C:\Users\Ramiro\Desktop\Truco-AI\game\agents\RL-Agents\q_tables\exp2_vs_rational_321123.pkl,N/A,J0,30,12,12,30,6,4,2
884,q_learning,sb3_league,C:\Users\Ramiro\Desktop\Truco-AI\game\agents\RL-Agents\q_tables\exp2_vs_rational_321123.pkl,N/A,J0,30,11,11,30,7,3,4
885,q_learning,sb3_league,C:\Users\Ramiro\Desktop\Truco-AI\game\agents\RL-Agents\q_tables\exp2_vs_rational_321123.pkl,N/A,J1,0,30,30,0,0,0,0
886,q_learning,sb3_league,C:\Users\Ramiro\Desktop\Truco-AI\game\agents\RL-Agents\q_tables\exp2_vs_rational_321123.pkl,N/A,J0,30,1,1,30,3,2,1
887,q_learning,sb3_league,C:\Users\Ramiro\Desktop\Truco-AI\game\agents\RL-Agents\q_tables\exp2_vs_rational_321123.pkl,N/A,J1,20,30,30,20,7,4,3
888,q_learning,sb3_league,C:\Users\Ramiro\Desktop\Truco-AI\game\agents\RL-Agents\q_tables\exp2_vs_rational_321123.pkl,N/A,J1,21,30,30,21,7,5,2
889,q_learning,sb3_league,C:\Users\Ramiro\Desktop\Truco-AI\game\agents\RL-Agents\q_tables\exp2_vs_rational_321123.pkl,N/A,J0,30,1,1,30,1,1,0
890,q_learning,sb3_league,C:\Users\Ramiro\Desktop\Truco-AI\game\agents\RL-Agents\q_tables\exp2_vs_rational_321123.pkl,N/A,J1,16,30,30,16,7,1,6
891,q_learning,sb3_league,C:\Users\Ramiro\Desktop\Truco-AI\game\agents\RL-Agents\q_tables\exp2_vs_rational_321123.pkl,N/A,J0,30,26,26,30,9,5,4
892,q_learning,sb3_league,C:\Users\Ramiro\Desktop\Truco-AI\game\agents\RL-Agents\q_tables\exp2_vs_rational_321123.pkl,N/A,J0,30,0,0,30,1,1,0
893,q_learning,sb3_league,C:\Users\Ramiro\Desktop\Truco-AI\game\agents\RL-Agents\q_tables\exp2_vs_rational_321123.pkl,N/A,J1,1,30,30,1,2,1,1
894,q_learning,sb3_league,C:\Users\Ramiro\Desktop\Truco-AI\game\agents\RL-Agents\q_tables\exp2_vs_rational_321123.pkl,N/A,J1,4,30,30,4,2,2,0
895,q_learning,sb3_league,C:\Users\Ramiro\Desktop\Truco-AI\game\agents\RL-Agents\q_tables\exp2_vs_rational_321123.pkl,N/A,J0,30,4,4,30,2,1,1
896,q_learning,sb3_league,C:\Users\Ramiro\Desktop\Truco-AI\game\agents\RL-Agents\q_tables\exp2_vs_rational_321123.pkl,N/A,J0,30,0,0,30,0,0,0
897,q_learning,sb3_league,C:\Users\Ramiro\Desktop\Truco-AI\game\agents\RL-Agents\q_tables\exp2_vs_rational_321123.pkl,N/A,J0,30,10,10,30,3,0,3
898,q_learning,sb3_league,C:\Users\Ramiro\Desktop\Truco-AI\game\agents\RL-Agents\q_tables\exp2_vs_rational_321123.pkl,N/A,J0,30,0,0,30,3,3,0
899,q_learning,sb3_league,C:\Users\Ramiro\Desktop\Truco-AI\game\agents\RL-Agents\q_tables\exp2_vs_rational_321123.pkl,N/A,J0,30,18,18,30,10,5,5
900,q_learning,sb3_league,C:\Users\Ramiro\Desktop\Truco-AI\game\agents\RL-Agents\q_tables\exp2_vs_rational_321123.pkl,N/A,J0,30,0,0,30,0,0,0
901,q_learning,sb3_league,C:\Users\Ramiro\Desktop\Truco-AI\game\agents\RL-Agents\q_tables\exp2_vs_rational_321123.pkl,N/A,J1,23,30,30,23,10,4,6
902,q_learning,sb3_league,C:\Users\Ramiro\Desktop\Truco-AI\game\agents\RL-Agents\q_tables\exp2_vs_rational_321123.pkl,N/A,J0,30,22,22,30,12,5,7
903,q_learning,sb3_league,C:\Users\Ramiro\Desktop\Truco-AI\game\agents\RL-Agents\q_tables\exp2_vs_rational_321123.pkl,N/A,J1,29,30,30,29,13,6,7
904,q_learning,sb3_league,C:\Users\Ramiro\Desktop\Truco-AI\game\agents\RL-Agents\q_tables\exp2_vs_rational_321123.pkl,N/A,J0,30,1,1,30,1,1,0
905,q_learning,sb3_league,C:\Users\Ramiro\Desktop\Truco-AI\game\agents\RL-Agents\q_tables\exp2_vs_rational_321123.pkl,N/A,J1,0,30,30,0,1,0,1
906,q_learning,sb3_league,C:\Users\Ramiro\Desktop\Truco-AI\game\agents\RL-Agents\q_tables\exp2_vs_rational_321123.pkl,N/A,J0,30,27,27,30,10,2,8
907,q_learning,sb3_league,C:\Users\Ramiro\Desktop\Truco-AI\game\agents\RL-Agents\q_tables\exp2_vs_rational_321123.pkl,N/A,J1,29,30,30,29,13,8,5
908,q_learning,sb3_league,C:\Users\Ramiro\Desktop\Truco-AI\game\agents\RL-Agents\q_tables\exp2_vs_rational_321123.pkl,N/A,J0,30,0,0,30,0,0,0
909,q_learning,sb3_league,C:\Users\Ramiro\Desktop\Truco-AI\game\agents\RL-Agents\q_tables\exp2_vs_rational_321123.pkl,N/A,J1,2,30,30,2,1,1,0
910,q_learning,sb3_league,C:\Users\Ramiro\Desktop\Truco-AI\game\agents\RL-Agents\q_tables\exp2_vs_rational_321123.pkl,N/A,J0,30,7,7,30,6,4,2
911,q_learning,sb3_league,C:\Users\Ramiro\Desktop\Truco-AI\game\agents\RL-Agents\q_tables\exp2_vs_rational_321123.pkl,N/A,J1,22,30,30,22,9,2,7
912,q_learning,sb3_league,C:\Users\Ramiro\Desktop\Truco-AI\game\agents\RL-Agents\q_tables\exp2_vs_rational_321123.pkl,N/A,J1,0,30,30,0,0,0,0
913,q_learning,sb3_league,C:\Users\Ramiro\Desktop\Truco-AI\game\agents\RL-Agents\q_tables\exp2_vs_rational_321123.pkl,N/A,J1,0,30,30,0,2,0,2
914,q_learning,sb3_league,C:\Users\Ramiro\Desktop\Truco-AI\game\agents\RL-Agents\q_tables\exp2_vs_rational_321123.pkl,N/A,J1,14,30,30,14,9,3,6
915,q_learning,sb3_league,C:\Users\Ramiro\Desktop\Truco-AI\game\agents\RL-Agents\q_tables\exp2_vs_rational_321123.pkl,N/A,J1,15,30,30,15,9,4,5
916,q_learning,sb3_league,C:\Users\Ramiro\Desktop\Truco-AI\game\agents\RL-Agents\q_tables\exp2_vs_rational_321123.pkl,N/A,J1,23,30,30,23,8,5,3
917,q_learning,sb3_league,C:\Users\Ramiro\Desktop\Truco-AI\game\agents\RL-Agents\q_tables\exp2_vs_rational_321123.pkl,N/A,J0,30,5,5,30,3,1,2
918,q_learning,sb3_league,C:\Users\Ramiro\Desktop\Truco-AI\game\agents\RL-Agents\q_tables\exp2_vs_rational_321123.pkl,N/A,J0,30,18,18,30,8,5,3
919,q_learning,sb3_league,C:\Users\Ramiro\Desktop\Truco-AI\game\agents\RL-Agents\q_tables\exp2_vs_rational_321123.pkl,N/A,J1,3,30,30,3,5,1,4
920,q_learning,sb3_league,C:\Users\Ramiro\Desktop\Truco-AI\game\agents\RL-Agents\q_tables\exp2_vs_rational_321123.pkl,N/A,J1,6,30,30,6,3,1,2
921,q_learning,sb3_league,C:\Users\Ramiro\Desktop\Truco-AI\game\agents\RL-Agents\q_tables\exp2_vs_rational_321123.pkl,N/A,J1,0,30,30,0,0,0,0
922,q_learning,sb3_league,C:\Users\Ramiro\Desktop\Truco-AI\game\agents\RL-Agents\q_tables\exp2_vs_rational_321123.pkl,N/A,J0,30,20,20,30,8,6,2
923,q_learning,sb3_league,C:\Users\Ramiro\Desktop\Truco-AI\game\agents\RL-Agents\q_tables\exp2_vs_rational_321123.pkl,N/A,J0,30,0,0,30,0,0,0
924,q_learning,sb3_league,C:\Users\Ramiro\Desktop\Truco-AI\game\agents\RL-Agents\q_tables\exp2_vs_rational_321123.pkl,N/A,J0,30,14,14,30,7,3,4
925,q_learning,sb3_league,C:\Users\Ramiro\Desktop\Truco-AI\game\agents\RL-Agents\q_tables\exp2_vs_rational_321123.pkl,N/A,J0,30,7,7,30,4,2,2
926,q_learning,sb3_league,C:\Users\Ramiro\Desktop\Truco-AI\game\agents\RL-Agents\q_tables\exp2_vs_rational_321123.pkl,N/A,J1,0,30,30,0,0,0,0
927,q_learning,sb3_league,C:\Users\Ramiro\Desktop\Truco-AI\game\agents\RL-Agents\q_tables\exp2_vs_rational_321123.pkl,N/A,J0,30,0,0,30,0,0,0
928,q_learning,sb3_league,C:\Users\Ramiro\Desktop\Truco-AI\game\agents\RL-Agents\q_tables\exp2_vs_rational_321123.pkl,N/A,J1,0,30,30,0,0,0,0
929,q_learning,sb3_league,C:\Users\Ramiro\Desktop\Truco-AI\game\agents\RL-Agents\q_tables\exp2_vs_rational_321123.pkl,N/A,J1,21,30,30,21,11,5,6
930,q_learning,sb3_league,C:\Users\Ramiro\Desktop\Truco-AI\game\agents\RL-Agents\q_tables\exp2_vs_rational_321123.pkl,N/A,J1,20,30,30,20,8,1,7
931,q_learning,sb3_league,C:\Users\Ramiro\Desktop\Truco-AI\game\agents\RL-Agents\q_tables\exp2_vs_rational_321123.pkl,N/A,J1,2,30,30,2,2,1,1
932,q_learning,sb3_league,C:\Users\Ramiro\Desktop\Truco-AI\game\agents\RL-Agents\q_tables\exp2_vs_rational_321123.pkl,N/A,J0,30,2,2,30,2,1,1
933,q_learning,sb3_league,C:\Users\Ramiro\Desktop\Truco-AI\game\agents\RL-Agents\q_tables\exp2_vs_rational_321123.pkl,N/A,J0,30,0,0,30,2,2,0
934,q_learning,sb3_league,C:\Users\Ramiro\Desktop\Truco-AI\game\agents\RL-Agents\q_tables\exp2_vs_rational_321123.pkl,N/A,J0,30,0,0,30,0,0,0
935,q_learning,sb3_league,C:\Users\Ramiro\Desktop\Truco-AI\game\agents\RL-Agents\q_tables\exp2_vs_rational_321123.pkl,N/A,J0,30,16,16,30,9,5,4
936,q_learning,sb3_league,C:\Users\Ramiro\Desktop\Truco-AI\game\agents\RL-Agents\q_tables\exp2_vs_rational_321123.pkl,N/A,J1,0,30,30,0,5,0,5
937,q_learning,sb3_league,C:\Users\Ramiro\Desktop\Truco-AI\game\agents\RL-Agents\q_tables\exp2_vs_rational_321123.pkl,N/A,J0,30,0,0,30,0,0,0
938,q_learning,sb3_league,C:\Users\Ramiro\Desktop\Truco-AI\game\agents\RL-Agents\q_tables\exp2_vs_rational_321123.pkl,N/A,J1,9,30,30,9,5,2,3
939,q_learning,sb3_league,C:\Users\Ramiro\Desktop\Truco-AI\game\agents\RL-Agents\q_tables\exp2_vs_rational_321123.pkl,N/A,J0,30,2,2,30,1,0,1
940,q_learning,sb3_league,C:\Users\Ramiro\Desktop\Truco-AI\game\agents\RL-Agents\q_tables\exp2_vs_rational_321123.pkl,N/A,J1,27,30,30,27,11,6,5
941,q_learning,sb3_league,C:\Users\Ramiro\Desktop\Truco-AI\game\agents\RL-Agents\q_tables\exp2_vs_rational_321123.pkl,N/A,J0,30,25,25,30,14,8,6
942,q_learning,sb3_league,C:\Users\Ramiro\Desktop\Truco-AI\game\agents\RL-Agents\q_tables\exp2_vs_rational_321123.pkl,N/A,J1,15,30,30,15,5,4,1
943,q_learning,sb3_league,C:\Users\Ramiro\Desktop\Truco-AI\game\agents\RL-Agents\q_tables\exp2_vs_rational_321123.pkl,N/A,J1,5,30,30,5,4,2,2
944,q_learning,sb3_league,C:\Users\Ramiro\Desktop\Truco-AI\game\agents\RL-Agents\q_tables\exp2_vs_rational_321123.pkl,N/A,J0,30,1,1,30,2,2,0
945,q_learning,sb3_league,C:\Users\Ramiro\Desktop\Truco-AI\game\agents\RL-Agents\q_tables\exp2_vs_rational_321123.pkl,N/A,J0,30,0,0,30,1,1,0
946,q_learning,sb3_league,C:\Users\Ramiro\Desktop\Truco-AI\game\agents\RL-Agents\q_tables\exp2_vs_rational_321123.pkl,N/A,J0,30,29,29,30,6,1,5
947,q_learning,sb3_league,C:\Users\Ramiro\Desktop\Truco-AI\game\agents\RL-Agents\q_tables\exp2_vs_rational_321123.pkl,N/A,J0,30,0,0,30,0,0,0
948,q_learning,sb3_league,C:\Users\Ramiro\Desktop\Truco-AI\game\agents\RL-Agents\q_tables\exp2_vs_rational_321123.pkl,N/A,J1,4,30,30,4,3,1,2
949,q_learning,sb3_league,C:\Users\Ramiro\Desktop\Truco-AI\game\agents\RL-Agents\q_tables\exp2_vs_rational_321123.pkl,N/A,J1,23,30,30,23,9,4,5
950,q_learning,sb3_league,C:\Users\Ramiro\Desktop\Truco-AI\game\agents\RL-Agents\q_tables\exp2_vs_rational_321123.pkl,N/A,J1,8,30,30,8,4,3,1
951,q_learning,sb3_league,C:\Users\Ramiro\Desktop\Truco-AI\game\agents\RL-Agents\q_tables\exp2_vs_rational_321123.pkl,N/A,J1,29,30,30,29,11,4,7
952,q_learning,sb3_league,C:\Users\Ramiro\Desktop\Truco-AI\game\agents\RL-Agents\q_tables\exp2_vs_rational_321123.pkl,N/A,J1,21,30,30,21,11,4,7
953,q_learning,sb3_league,C:\Users\Ramiro\Desktop\Truco-AI\game\agents\RL-Agents\q_tables\exp2_vs_rational_321123.pkl,N/A,J1,6,30,30,6,4,2,2
954,q_learning,sb3_league,C:\Users\Ramiro\Desktop\Truco-AI\game\agents\RL-Agents\q_tables\exp2_vs_rational_321123.pkl,N/A,J0,30,0,0,30,0,0,0
955,q_learning,sb3_league,C:\Users\Ramiro\Desktop\Truco-AI\game\agents\RL-Agents\q_tables\exp2_vs_rational_321123.pkl,N/A,J0,30,0,0,30,0,0,0
956,q_learning,sb3_league,C:\Users\Ramiro\Desktop\Truco-AI\game\agents\RL-Agents\q_tables\exp2_vs_rational_321123.pkl,N/A,J1,0,30,30,0,0,0,0
957,q_learning,sb3_league,C:\Users\Ramiro\Desktop\Truco-AI\game\agents\RL-Agents\q_tables\exp2_vs_rational_321123.pkl,N/A,J0,30,22,22,30,8,5,3
958,q_learning,sb3_league,C:\Users\Ramiro\Desktop\Truco-AI\game\agents\RL-Agents\q_tables\exp2_vs_rational_321123.pkl,N/A,J1,0,30,30,0,0,0,0
959,q_learning,sb3_league,C:\Users\Ramiro\Desktop\Truco-AI\game\agents\RL-Agents\q_tables\exp2_vs_rational_321123.pkl,N/A,J0,30,15,15,30,6,3,3
960,q_learning,sb3_league,C:\Users\Ramiro\Desktop\Truco-AI\game\agents\RL-Agents\q_tables\exp2_vs_rational_321123.pkl,N/A,J0,30,14,14,30,8,4,4
961,q_learning,sb3_league,C:\Users\Ramiro\Desktop\Truco-AI\game\agents\RL-Agents\q_tables\exp2_vs_rational_321123.pkl,N/A,J1,0,30,30,0,3,0,3
962,q_learning,sb3_league,C:\Users\Ramiro\Desktop\Truco-AI\game\agents\RL-Agents\q_tables\exp2_vs_rational_321123.pkl,N/A,J0,30,2,2,30,4,2,2
963,q_learning,sb3_league,C:\Users\Ramiro\Desktop\Truco-AI\game\agents\RL-Agents\q_tables\exp2_vs_rational_321123.pkl,N/A,J1,0,30,30,0,0,0,0
964,q_learning,sb3_league,C:\Users\Ramiro\Desktop\Truco-AI\game\agents\RL-Agents\q_tables\exp2_vs_rational_321123.pkl,N/A,J1,8,30,30,8,8,2,6
965,q_learning,sb3_league,C:\Users\Ramiro\Desktop\Truco-AI\game\agents\RL-Agents\q_tables\exp2_vs_rational_321123.pkl,N/A,J1,25,30,30,25,9,5,4
966,q_learning,sb3_league,C:\Users\Ramiro\Desktop\Truco-AI\game\agents\RL-Agents\q_tables\exp2_vs_rational_321123.pkl,N/A,J0,30,4,4,30,3,2,1
967,q_learning,sb3_league,C:\Users\Ramiro\Desktop\Truco-AI\game\agents\RL-Agents\q_tables\exp2_vs_rational_321123.pkl,N/A,J1,20,30,30,20,8,4,4
968,q_learning,sb3_league,C:\Users\Ramiro\Desktop\Truco-AI\game\agents\RL-Agents\q_tables\exp2_vs_rational_321123.pkl,N/A,J0,30,0,0,30,0,0,0
969,q_learning,sb3_league,C:\Users\Ramiro\Desktop\Truco-AI\game\agents\RL-Agents\q_tables\exp2_vs_rational_321123.pkl,N/A,J1,6,30,30,6,7,2,5
970,q_learning,sb3_league,C:\Users\Ramiro\Desktop\Truco-AI\game\agents\RL-Agents\q_tables\exp2_vs_rational_321123.pkl,N/A,J0,30,0,0,30,1,1,0
971,q_learning,sb3_league,C:\Users\Ramiro\Desktop\Truco-AI\game\agents\RL-Agents\q_tables\exp2_vs_rational_321123.pkl,N/A,J1,8,30,30,8,2,2,0
972,q_learning,sb3_league,C:\Users\Ramiro\Desktop\Truco-AI\game\agents\RL-Agents\q_tables\exp2_vs_rational_321123.pkl,N/A,J0,30,4,4,30,3,0,3
973,q_learning,sb3_league,C:\Users\Ramiro\Desktop\Truco-AI\game\agents\RL-Agents\q_tables\exp2_vs_rational_321123.pkl,N/A,J1,8,30,30,8,3,2,1
974,q_learning,sb3_league,C:\Users\Ramiro\Desktop\Truco-AI\game\agents\RL-Agents\q_tables\exp2_vs_rational_321123.pkl,N/A,J0,30,21,21,30,8,6,2
975,q_learning,sb3_league,C:\Users\Ramiro\Desktop\Truco-AI\game\agents\RL-Agents\q_tables\exp2_vs_rational_321123.pkl,N/A,J0,30,11,11,30,4,0,4
976,q_learning,sb3_league,C:\Users\Ramiro\Desktop\Truco-AI\game\agents\RL-Agents\q_tables\exp2_vs_rational_321123.pkl,N/A,J0,30,0,0,30,0,0,0
977,q_learning,sb3_league,C:\Users\Ramiro\Desktop\Truco-AI\game\agents\RL-Agents\q_tables\exp2_vs_rational_321123.pkl,N/A,J1,19,30,30,19,9,4,5
978,q_learning,sb3_league,C:\Users\Ramiro\Desktop\Truco-AI\game\agents\RL-Agents\q_tables\exp2_vs_rational_321123.pkl,N/A,J0,30,16,16,30,10,6,4
979,q_learning,sb3_league,C:\Users\Ramiro\Desktop\Truco-AI\game\agents\RL-Agents\q_tables\exp2_vs_rational_321123.pkl,N/A,J0,30,0,0,30,0,0,0
980,q_learning,sb3_league,C:\Users\Ramiro\Desktop\Truco-AI\game\agents\RL-Agents\q_tables\exp2_vs_rational_321123.pkl,N/A,J1,24,30,30,24,12,5,7
981,q_learning,sb3_league,C:\Users\Ramiro\Desktop\Truco-AI\game\agents\RL-Agents\q_tables\exp2_vs_rational_321123.pkl,N/A,J0,30,7,7,30,4,4,0
982,q_learning,sb3_league,C:\Users\Ramiro\Desktop\Truco-AI\game\agents\RL-Agents\q_tables\exp2_vs_rational_321123.pkl,N/A,J0,30,1,1,30,2,1,1
983,q_learning,sb3_league,C:\Users\Ramiro\Desktop\Truco-AI\game\agents\RL-Agents\q_tables\exp2_vs_rational_321123.pkl,N/A,J1,0,30,30,0,0,0,0
984,q_learning,sb3_league,C:\Users\Ramiro\Desktop\Truco-AI\game\agents\RL-Agents\q_tables\exp2_vs_rational_321123.pkl,N/A,J0,30,1,1,30,2,2,0
985,q_learning,sb3_league,C:\Users\Ramiro\Desktop\Truco-AI\game\agents\RL-Agents\q_tables\exp2_vs_rational_321123.pkl,N/A,J0,30,27,27,30,11,5,6
986,q_learning,sb3_league,C:\Users\Ramiro\Desktop\Truco-AI\game\agents\RL-Agents\q_tables\exp2_vs_rational_321123.pkl,N/A,J0,30,10,10,30,4,2,2
987,q_learning,sb3_league,C:\Users\Ramiro\Desktop\Truco-AI\game\agents\RL-Agents\q_tables\exp2_vs_rational_321123.pkl,N/A,J0,30,0,0,30,0,0,0
988,q_learning,sb3_league,C:\Users\Ramiro\Desktop\Truco-AI\game\agents\RL-Agents\q_tables\exp2_vs_rational_321123.pkl,N/A,J0,30,7,7,30,4,2,2
989,q_learning,sb3_league,C:\Users\Ramiro\Desktop\Truco-AI\game\agents\RL-Agents\q_tables\exp2_vs_rational_321123.pkl,N/A,J1,9,30,30,9,5,3,2
990,q_learning,sb3_league,C:\Users\Ramiro\Desktop\Truco-AI\game\agents\RL-Agents\q_tables\exp2_vs_rational_321123.pkl,N/A,J1,0,30,30,0,0,0,0
991,q_learning,sb3_league,C:\Users\Ramiro\Desktop\Truco-AI\game\agents\RL-Agents\q_tables\exp2_vs_rational_321123.pkl,N/A,J0,30,3,3,30,1,0,1
992,q_learning,sb3_league,C:\Users\Ramiro\Desktop\Truco-AI\game\agents\RL-Agents\q_tables\exp2_vs_rational_321123.pkl,N/A,J1,7,30,30,7,4,3,1
993,q_learning,sb3_league,C:\Users\Ramiro\Desktop\Truco-AI\game\agents\RL-Agents\q_tables\exp2_vs_rational_321123.pkl,N/A,J0,30,5,5,30,4,2,2
994,q_learning,sb3_league,C:\Users\Ramiro\Desktop\Truco-AI\game\agents\RL-Agents\q_tables\exp2_vs_rational_321123.pkl,N/A,J1,0,30,30,0,0,0,0
995,q_learning,sb3_league,C:\Users\Ramiro\Desktop\Truco-AI\game\agents\RL-Agents\q_tables\exp2_vs_rational_321123.pkl,N/A,J0,30,13,13,30,6,2,4
996,q_learning,sb3_league,C:\Users\Ramiro\Desktop\Truco-AI\game\agents\RL-Agents\q_tables\exp2_vs_rational_321123.pkl,N/A,J1,20,30,30,20,9,6,3
997,q_learning,sb3_league,C:\Users\Ramiro\Desktop\Truco-AI\game\agents\RL-Agents\q_tables\exp2_vs_rational_321123.pkl,N/A,J1,0,30,30,0,0,0,0
998,q_learning,sb3_league,C:\Users\Ramiro\Desktop\Truco-AI\game\agents\RL-Agents\q_tables\exp2_vs_rational_321123.pkl,N/A,J1,0,30,30,0,0,0,0
999,q_learning,sb3_league,C:\Users\Ramiro\Desktop\Truco-AI\game\agents\RL-Agents\q_tables\exp2_vs_rational_321123.pkl,N/A,J0,30,0,0,30,0,0,0
1000,q_learning,sb3_league,C:\Users\Ramiro\Desktop\Truco-AI\game\agents\RL-Agents\q_tables\exp2_vs_rational_321123.pkl,N/A,J1,0,30,30,0,0,0,0
