game,agent_0,agent_1,q_table_j0,q_table_j1,winner,points_j0,points_j1,points_lost_j0,points_lost_j1,hands_played,hands_won_j0,hands_won_j1
1,q_learning,rational,C:\Users\Ramiro\Desktop\Truco-AI\game\agents\RL-Agents\q_tables\exp2_vs_rational_321123.pkl,N/A,J0,30,18,18,30,30,16,14
2,q_learning,rational,C:\Users\Ramiro\Desktop\Truco-AI\game\agents\RL-Agents\q_tables\exp2_vs_rational_321123.pkl,N/A,J1,28,30,30,28,26,13,13
3,q_learning,rational,C:\Users\Ramiro\Desktop\Truco-AI\game\agents\RL-Agents\q_tables\exp2_vs_rational_321123.pkl,N/A,J0,30,17,17,30,22,13,9
4,q_learning,rational,C:\Users\Ramiro\Desktop\Truco-AI\game\agents\RL-Agents\q_tables\exp2_vs_rational_321123.pkl,N/A,J1,19,30,30,19,19,12,7
5,q_learning,rational,C:\Users\Ramiro\Desktop\Truco-AI\game\agents\RL-Agents\q_tables\exp2_vs_rational_321123.pkl,N/A,J0,30,26,26,30,27,14,13
6,q_learning,rational,C:\Users\Ramiro\Desktop\Truco-AI\game\agents\RL-Agents\q_tables\exp2_vs_rational_321123.pkl,N/A,J0,30,11,11,30,15,6,9
7,q_learning,rational,C:\Users\Ramiro\Desktop\Truco-AI\game\agents\RL-Agents\q_tables\exp2_vs_rational_321123.pkl,N/A,J0,30,9,9,30,21,17,4
8,q_learning,rational,C:\Users\Ramiro\Desktop\Truco-AI\game\agents\RL-Agents\q_tables\exp2_vs_rational_321123.pkl,N/A,J0,30,28,28,30,27,14,13
9,q_learning,rational,C:\Users\Ramiro\Desktop\Truco-AI\game\agents\RL-Agents\q_tables\exp2_vs_rational_321123.pkl,N/A,J0,30,24,24,30,24,12,12
10,q_learning,rational,C:\Users\Ramiro\Desktop\Truco-AI\game\agents\RL-Agents\q_tables\exp2_vs_rational_321123.pkl,N/A,J0,30,24,24,30,29,14,15
11,q_learning,rational,C:\Users\Ramiro\Desktop\Truco-AI\game\agents\RL-Agents\q_tables\exp2_vs_rational_321123.pkl,N/A,J0,30,19,19,30,26,11,15
12,q_learning,rational,C:\Users\Ramiro\Desktop\Truco-AI\game\agents\RL-Agents\q_tables\exp2_vs_rational_321123.pkl,N/A,J1,25,30,30,25,32,14,18
13,q_learning,rational,C:\Users\Ramiro\Desktop\Truco-AI\game\agents\RL-Agents\q_tables\exp2_vs_rational_321123.pkl,N/A,J0,30,22,22,30,26,14,12
14,q_learning,rational,C:\Users\Ramiro\Desktop\Truco-AI\game\agents\RL-Agents\q_tables\exp2_vs_rational_321123.pkl,N/A,J0,30,14,14,30,19,12,7
15,q_learning,rational,C:\Users\Ramiro\Desktop\Truco-AI\game\agents\RL-Agents\q_tables\exp2_vs_rational_321123.pkl,N/A,J0,30,24,24,30,29,16,13
16,q_learning,rational,C:\Users\Ramiro\Desktop\Truco-AI\game\agents\RL-Agents\q_tables\exp2_vs_rational_321123.pkl,N/A,J0,30,23,23,30,24,14,10
17,q_learning,rational,C:\Users\Ramiro\Desktop\Truco-AI\game\agents\RL-Agents\q_tables\exp2_vs_rational_321123.pkl,N/A,J0,30,29,29,30,33,15,18
18,q_learning,rational,C:\Users\Ramiro\Desktop\Truco-AI\game\agents\RL-Agents\q_tables\exp2_vs_rational_321123.pkl,N/A,J0,30,21,21,30,25,15,10
19,q_learning,rational,C:\Users\Ramiro\Desktop\Truco-AI\game\agents\RL-Agents\q_tables\exp2_vs_rational_321123.pkl,N/A,J1,14,30,30,14,22,6,16
20,q_learning,rational,C:\Users\Ramiro\Desktop\Truco-AI\game\agents\RL-Agents\q_tables\exp2_vs_rational_321123.pkl,N/A,J1,15,30,30,15,20,7,13
21,q_learning,rational,C:\Users\Ramiro\Desktop\Truco-AI\game\agents\RL-Agents\q_tables\exp2_vs_rational_321123.pkl,N/A,J0,30,13,13,30,23,13,10
22,q_learning,rational,C:\Users\Ramiro\Desktop\Truco-AI\game\agents\RL-Agents\q_tables\exp2_vs_rational_321123.pkl,N/A,J0,30,24,24,30,25,14,11
23,q_learning,rational,C:\Users\Ramiro\Desktop\Truco-AI\game\agents\RL-Agents\q_tables\exp2_vs_rational_321123.pkl,N/A,J0,30,25,25,30,26,13,13
24,q_learning,rational,C:\Users\Ramiro\Desktop\Truco-AI\game\agents\RL-Agents\q_tables\exp2_vs_rational_321123.pkl,N/A,J0,30,15,15,30,24,11,13
25,q_learning,rational,C:\Users\Ramiro\Desktop\Truco-AI\game\agents\RL-Agents\q_tables\exp2_vs_rational_321123.pkl,N/A,J0,30,13,13,30,20,11,9
26,q_learning,rational,C:\Users\Ramiro\Desktop\Truco-AI\game\agents\RL-Agents\q_tables\exp2_vs_rational_321123.pkl,N/A,J0,30,25,25,30,27,12,15
27,q_learning,rational,C:\Users\Ramiro\Desktop\Truco-AI\game\agents\RL-Agents\q_tables\exp2_vs_rational_321123.pkl,N/A,J0,30,17,17,30,25,16,9
28,q_learning,rational,C:\Users\Ramiro\Desktop\Truco-AI\game\agents\RL-Agents\q_tables\exp2_vs_rational_321123.pkl,N/A,J1,15,30,30,15,20,7,13
29,q_learning,rational,C:\Users\Ramiro\Desktop\Truco-AI\game\agents\RL-Agents\q_tables\exp2_vs_rational_321123.pkl,N/A,J0,30,27,27,30,26,11,15
30,q_learning,rational,C:\Users\Ramiro\Desktop\Truco-AI\game\agents\RL-Agents\q_tables\exp2_vs_rational_321123.pkl,N/A,J0,30,26,26,30,26,12,14
31,q_learning,rational,C:\Users\Ramiro\Desktop\Truco-AI\game\agents\RL-Agents\q_tables\exp2_vs_rational_321123.pkl,N/A,J0,30,12,12,30,20,14,6
32,q_learning,rational,C:\Users\Ramiro\Desktop\Truco-AI\game\agents\RL-Agents\q_tables\exp2_vs_rational_321123.pkl,N/A,J0,30,25,25,30,31,17,14
33,q_learning,rational,C:\Users\Ramiro\Desktop\Truco-AI\game\agents\RL-Agents\q_tables\exp2_vs_rational_321123.pkl,N/A,J0,30,21,21,30,28,18,10
34,q_learning,rational,C:\Users\Ramiro\Desktop\Truco-AI\game\agents\RL-Agents\q_tables\exp2_vs_rational_321123.pkl,N/A,J0,30,20,20,30,28,15,13
35,q_learning,rational,C:\Users\Ramiro\Desktop\Truco-AI\game\agents\RL-Agents\q_tables\exp2_vs_rational_321123.pkl,N/A,J0,30,24,24,30,31,16,15
36,q_learning,rational,C:\Users\Ramiro\Desktop\Truco-AI\game\agents\RL-Agents\q_tables\exp2_vs_rational_321123.pkl,N/A,J0,30,23,23,30,28,14,14
37,q_learning,rational,C:\Users\Ramiro\Desktop\Truco-AI\game\agents\RL-Agents\q_tables\exp2_vs_rational_321123.pkl,N/A,J1,28,30,30,28,29,11,18
38,q_learning,rational,C:\Users\Ramiro\Desktop\Truco-AI\game\agents\RL-Agents\q_tables\exp2_vs_rational_321123.pkl,N/A,J0,30,15,15,30,21,11,10
39,q_learning,rational,C:\Users\Ramiro\Desktop\Truco-AI\game\agents\RL-Agents\q_tables\exp2_vs_rational_321123.pkl,N/A,J1,22,30,30,22,23,8,15
40,q_learning,rational,C:\Users\Ramiro\Desktop\Truco-AI\game\agents\RL-Agents\q_tables\exp2_vs_rational_321123.pkl,N/A,J0,30,20,20,30,26,13,13
41,q_learning,rational,C:\Users\Ramiro\Desktop\Truco-AI\game\agents\RL-Agents\q_tables\exp2_vs_rational_321123.pkl,N/A,J0,30,22,22,30,29,17,12
42,q_learning,rational,C:\Users\Ramiro\Desktop\Truco-AI\game\agents\RL-Agents\q_tables\exp2_vs_rational_321123.pkl,N/A,J0,30,22,22,30,26,14,12
43,q_learning,rational,C:\Users\Ramiro\Desktop\Truco-AI\game\agents\RL-Agents\q_tables\exp2_vs_rational_321123.pkl,N/A,J0,30,25,25,30,31,17,14
44,q_learning,rational,C:\Users\Ramiro\Desktop\Truco-AI\game\agents\RL-Agents\q_tables\exp2_vs_rational_321123.pkl,N/A,J0,30,14,14,30,23,13,10
45,q_learning,rational,C:\Users\Ramiro\Desktop\Truco-AI\game\agents\RL-Agents\q_tables\exp2_vs_rational_321123.pkl,N/A,J0,30,23,23,30,31,14,17
46,q_learning,rational,C:\Users\Ramiro\Desktop\Truco-AI\game\agents\RL-Agents\q_tables\exp2_vs_rational_321123.pkl,N/A,J0,30,29,29,30,29,17,12
47,q_learning,rational,C:\Users\Ramiro\Desktop\Truco-AI\game\agents\RL-Agents\q_tables\exp2_vs_rational_321123.pkl,N/A,J0,30,16,16,30,24,13,11
48,q_learning,rational,C:\Users\Ramiro\Desktop\Truco-AI\game\agents\RL-Agents\q_tables\exp2_vs_rational_321123.pkl,N/A,J0,30,26,26,30,31,13,18
49,q_learning,rational,C:\Users\Ramiro\Desktop\Truco-AI\game\agents\RL-Agents\q_tables\exp2_vs_rational_321123.pkl,N/A,J1,29,30,30,29,31,16,15
50,q_learning,rational,C:\Users\Ramiro\Desktop\Truco-AI\game\agents\RL-Agents\q_tables\exp2_vs_rational_321123.pkl,N/A,J0,30,24,24,30,28,12,16
51,q_learning,rational,C:\Users\Ramiro\Desktop\Truco-AI\game\agents\RL-Agents\q_tables\exp2_vs_rational_321123.pkl,N/A,J0,30,24,24,30,28,12,16
52,q_learning,rational,C:\Users\Ramiro\Desktop\Truco-AI\game\agents\RL-Agents\q_tables\exp2_vs_rational_321123.pkl,N/A,J1,24,30,30,24,29,13,16
53,q_learning,rational,C:\Users\Ramiro\Desktop\Truco-AI\game\agents\RL-Agents\q_tables\exp2_vs_rational_321123.pkl,N/A,J0,30,16,16,30,24,13,11
54,q_learning,rational,C:\Users\Ramiro\Desktop\Truco-AI\game\agents\RL-Agents\q_tables\exp2_vs_rational_321123.pkl,N/A,J0,30,14,14,30,24,14,10
55,q_learning,rational,C:\Users\Ramiro\Desktop\Truco-AI\game\agents\RL-Agents\q_tables\exp2_vs_rational_321123.pkl,N/A,J0,30,22,22,30,28,17,11
56,q_learning,rational,C:\Users\Ramiro\Desktop\Truco-AI\game\agents\RL-Agents\q_tables\exp2_vs_rational_321123.pkl,N/A,J0,30,27,27,30,34,17,17
57,q_learning,rational,C:\Users\Ramiro\Desktop\Truco-AI\game\agents\RL-Agents\q_tables\exp2_vs_rational_321123.pkl,N/A,J1,24,30,30,24,26,11,15
58,q_learning,rational,C:\Users\Ramiro\Desktop\Truco-AI\game\agents\RL-Agents\q_tables\exp2_vs_rational_321123.pkl,N/A,J0,30,10,10,30,22,17,5
59,q_learning,rational,C:\Users\Ramiro\Desktop\Truco-AI\game\agents\RL-Agents\q_tables\exp2_vs_rational_321123.pkl,N/A,J1,28,30,30,28,27,12,15
60,q_learning,rational,C:\Users\Ramiro\Desktop\Truco-AI\game\agents\RL-Agents\q_tables\exp2_vs_rational_321123.pkl,N/A,J1,29,30,30,29,34,13,21
61,q_learning,rational,C:\Users\Ramiro\Desktop\Truco-AI\game\agents\RL-Agents\q_tables\exp2_vs_rational_321123.pkl,N/A,J1,20,30,30,20,25,11,14
62,q_learning,rational,C:\Users\Ramiro\Desktop\Truco-AI\game\agents\RL-Agents\q_tables\exp2_vs_rational_321123.pkl,N/A,J1,21,30,30,21,25,11,14
63,q_learning,rational,C:\Users\Ramiro\Desktop\Truco-AI\game\agents\RL-Agents\q_tables\exp2_vs_rational_321123.pkl,N/A,J0,30,26,26,30,28,15,13
64,q_learning,rational,C:\Users\Ramiro\Desktop\Truco-AI\game\agents\RL-Agents\q_tables\exp2_vs_rational_321123.pkl,N/A,J0,30,17,17,30,22,10,12
65,q_learning,rational,C:\Users\Ramiro\Desktop\Truco-AI\game\agents\RL-Agents\q_tables\exp2_vs_rational_321123.pkl,N/A,J0,30,29,29,30,35,16,19
66,q_learning,rational,C:\Users\Ramiro\Desktop\Truco-AI\game\agents\RL-Agents\q_tables\exp2_vs_rational_321123.pkl,N/A,J1,25,30,30,25,28,12,16
67,q_learning,rational,C:\Users\Ramiro\Desktop\Truco-AI\game\agents\RL-Agents\q_tables\exp2_vs_rational_321123.pkl,N/A,J0,30,11,11,30,21,14,7
68,q_learning,rational,C:\Users\Ramiro\Desktop\Truco-AI\game\agents\RL-Agents\q_tables\exp2_vs_rational_321123.pkl,N/A,J0,30,25,25,30,30,16,14
69,q_learning,rational,C:\Users\Ramiro\Desktop\Truco-AI\game\agents\RL-Agents\q_tables\exp2_vs_rational_321123.pkl,N/A,J1,25,30,30,25,27,8,19
70,q_learning,rational,C:\Users\Ramiro\Desktop\Truco-AI\game\agents\RL-Agents\q_tables\exp2_vs_rational_321123.pkl,N/A,J0,30,18,18,30,29,17,12
71,q_learning,rational,C:\Users\Ramiro\Desktop\Truco-AI\game\agents\RL-Agents\q_tables\exp2_vs_rational_321123.pkl,N/A,J0,30,20,20,30,29,17,12
72,q_learning,rational,C:\Users\Ramiro\Desktop\Truco-AI\game\agents\RL-Agents\q_tables\exp2_vs_rational_321123.pkl,N/A,J0,30,14,14,30,24,14,10
73,q_learning,rational,C:\Users\Ramiro\Desktop\Truco-AI\game\agents\RL-Agents\q_tables\exp2_vs_rational_321123.pkl,N/A,J1,24,30,30,24,26,12,14
74,q_learning,rational,C:\Users\Ramiro\Desktop\Truco-AI\game\agents\RL-Agents\q_tables\exp2_vs_rational_321123.pkl,N/A,J0,30,9,9,30,24,17,7
75,q_learning,rational,C:\Users\Ramiro\Desktop\Truco-AI\game\agents\RL-Agents\q_tables\exp2_vs_rational_321123.pkl,N/A,J0,30,21,21,30,24,15,9
76,q_learning,rational,C:\Users\Ramiro\Desktop\Truco-AI\game\agents\RL-Agents\q_tables\exp2_vs_rational_321123.pkl,N/A,J1,21,30,30,21,27,10,17
77,q_learning,rational,C:\Users\Ramiro\Desktop\Truco-AI\game\agents\RL-Agents\q_tables\exp2_vs_rational_321123.pkl,N/A,J0,30,21,21,30,27,13,14
78,q_learning,rational,C:\Users\Ramiro\Desktop\Truco-AI\game\agents\RL-Agents\q_tables\exp2_vs_rational_321123.pkl,N/A,J0,30,26,26,30,35,15,20
79,q_learning,rational,C:\Users\Ramiro\Desktop\Truco-AI\game\agents\RL-Agents\q_tables\exp2_vs_rational_321123.pkl,N/A,J0,30,24,24,30,30,14,16
80,q_learning,rational,C:\Users\Ramiro\Desktop\Truco-AI\game\agents\RL-Agents\q_tables\exp2_vs_rational_321123.pkl,N/A,J0,30,24,24,30,25,13,12
81,q_learning,rational,C:\Users\Ramiro\Desktop\Truco-AI\game\agents\RL-Agents\q_tables\exp2_vs_rational_321123.pkl,N/A,J0,30,25,25,30,31,18,13
82,q_learning,rational,C:\Users\Ramiro\Desktop\Truco-AI\game\agents\RL-Agents\q_tables\exp2_vs_rational_321123.pkl,N/A,J0,30,28,28,30,27,13,14
83,q_learning,rational,C:\Users\Ramiro\Desktop\Truco-AI\game\agents\RL-Agents\q_tables\exp2_vs_rational_321123.pkl,N/A,J1,23,30,30,23,24,10,14
84,q_learning,rational,C:\Users\Ramiro\Desktop\Truco-AI\game\agents\RL-Agents\q_tables\exp2_vs_rational_321123.pkl,N/A,J0,30,20,20,30,25,9,16
85,q_learning,rational,C:\Users\Ramiro\Desktop\Truco-AI\game\agents\RL-Agents\q_tables\exp2_vs_rational_321123.pkl,N/A,J1,25,30,30,25,28,10,18
86,q_learning,rational,C:\Users\Ramiro\Desktop\Truco-AI\game\agents\RL-Agents\q_tables\exp2_vs_rational_321123.pkl,N/A,J0,30,18,18,30,19,12,7
87,q_learning,rational,C:\Users\Ramiro\Desktop\Truco-AI\game\agents\RL-Agents\q_tables\exp2_vs_rational_321123.pkl,N/A,J0,30,25,25,30,31,14,17
88,q_learning,rational,C:\Users\Ramiro\Desktop\Truco-AI\game\agents\RL-Agents\q_tables\exp2_vs_rational_321123.pkl,N/A,J0,30,26,26,30,28,10,18
89,q_learning,rational,C:\Users\Ramiro\Desktop\Truco-AI\game\agents\RL-Agents\q_tables\exp2_vs_rational_321123.pkl,N/A,J0,30,26,26,30,33,14,19
90,q_learning,rational,C:\Users\Ramiro\Desktop\Truco-AI\game\agents\RL-Agents\q_tables\exp2_vs_rational_321123.pkl,N/A,J0,30,19,19,30,27,14,13
91,q_learning,rational,C:\Users\Ramiro\Desktop\Truco-AI\game\agents\RL-Agents\q_tables\exp2_vs_rational_321123.pkl,N/A,J0,30,25,25,30,30,14,16
92,q_learning,rational,C:\Users\Ramiro\Desktop\Truco-AI\game\agents\RL-Agents\q_tables\exp2_vs_rational_321123.pkl,N/A,J0,30,29,29,30,27,14,13
93,q_learning,rational,C:\Users\Ramiro\Desktop\Truco-AI\game\agents\RL-Agents\q_tables\exp2_vs_rational_321123.pkl,N/A,J0,30,18,18,30,23,11,12
94,q_learning,rational,C:\Users\Ramiro\Desktop\Truco-AI\game\agents\RL-Agents\q_tables\exp2_vs_rational_321123.pkl,N/A,J1,27,30,30,27,31,12,19
95,q_learning,rational,C:\Users\Ramiro\Desktop\Truco-AI\game\agents\RL-Agents\q_tables\exp2_vs_rational_321123.pkl,N/A,J0,30,23,23,30,29,10,19
96,q_learning,rational,C:\Users\Ramiro\Desktop\Truco-AI\game\agents\RL-Agents\q_tables\exp2_vs_rational_321123.pkl,N/A,J1,15,30,30,15,27,9,18
97,q_learning,rational,C:\Users\Ramiro\Desktop\Truco-AI\game\agents\RL-Agents\q_tables\exp2_vs_rational_321123.pkl,N/A,J0,30,28,28,30,27,15,12
98,q_learning,rational,C:\Users\Ramiro\Desktop\Truco-AI\game\agents\RL-Agents\q_tables\exp2_vs_rational_321123.pkl,N/A,J0,30,15,15,30,23,13,10
99,q_learning,rational,C:\Users\Ramiro\Desktop\Truco-AI\game\agents\RL-Agents\q_tables\exp2_vs_rational_321123.pkl,N/A,J0,30,19,19,30,27,17,10
100,q_learning,rational,C:\Users\Ramiro\Desktop\Truco-AI\game\agents\RL-Agents\q_tables\exp2_vs_rational_321123.pkl,N/A,J0,30,19,19,30,24,13,11
101,q_learning,rational,C:\Users\Ramiro\Desktop\Truco-AI\game\agents\RL-Agents\q_tables\exp2_vs_rational_321123.pkl,N/A,J0,30,24,24,30,31,13,18
102,q_learning,rational,C:\Users\Ramiro\Desktop\Truco-AI\game\agents\RL-Agents\q_tables\exp2_vs_rational_321123.pkl,N/A,J0,30,25,25,30,27,12,15
103,q_learning,rational,C:\Users\Ramiro\Desktop\Truco-AI\game\agents\RL-Agents\q_tables\exp2_vs_rational_321123.pkl,N/A,J0,30,16,16,30,25,17,8
104,q_learning,rational,C:\Users\Ramiro\Desktop\Truco-AI\game\agents\RL-Agents\q_tables\exp2_vs_rational_321123.pkl,N/A,J1,23,30,30,23,20,10,10
105,q_learning,rational,C:\Users\Ramiro\Desktop\Truco-AI\game\agents\RL-Agents\q_tables\exp2_vs_rational_321123.pkl,N/A,J1,27,30,30,27,28,15,13
106,q_learning,rational,C:\Users\Ramiro\Desktop\Truco-AI\game\agents\RL-Agents\q_tables\exp2_vs_rational_321123.pkl,N/A,J0,30,29,29,30,30,15,15
107,q_learning,rational,C:\Users\Ramiro\Desktop\Truco-AI\game\agents\RL-Agents\q_tables\exp2_vs_rational_321123.pkl,N/A,J0,30,16,16,30,29,17,12
108,q_learning,rational,C:\Users\Ramiro\Desktop\Truco-AI\game\agents\RL-Agents\q_tables\exp2_vs_rational_321123.pkl,N/A,J1,21,30,30,21,22,10,12
109,q_learning,rational,C:\Users\Ramiro\Desktop\Truco-AI\game\agents\RL-Agents\q_tables\exp2_vs_rational_321123.pkl,N/A,J1,29,30,30,29,32,16,16
110,q_learning,rational,C:\Users\Ramiro\Desktop\Truco-AI\game\agents\RL-Agents\q_tables\exp2_vs_rational_321123.pkl,N/A,J1,21,30,30,21,23,13,10
111,q_learning,rational,C:\Users\Ramiro\Desktop\Truco-AI\game\agents\RL-Agents\q_tables\exp2_vs_rational_321123.pkl,N/A,J1,27,30,30,27,26,13,13
112,q_learning,rational,C:\Users\Ramiro\Desktop\Truco-AI\game\agents\RL-Agents\q_tables\exp2_vs_rational_321123.pkl,N/A,J0,30,14,14,30,26,17,9
113,q_learning,rational,C:\Users\Ramiro\Desktop\Truco-AI\game\agents\RL-Agents\q_tables\exp2_vs_rational_321123.pkl,N/A,J0,30,24,24,30,27,11,16
114,q_learning,rational,C:\Users\Ramiro\Desktop\Truco-AI\game\agents\RL-Agents\q_tables\exp2_vs_rational_321123.pkl,N/A,J1,21,30,30,21,26,10,16
115,q_learning,rational,C:\Users\Ramiro\Desktop\Truco-AI\game\agents\RL-Agents\q_tables\exp2_vs_rational_321123.pkl,N/A,J0,30,21,21,30,22,8,14
116,q_learning,rational,C:\Users\Ramiro\Desktop\Truco-AI\game\agents\RL-Agents\q_tables\exp2_vs_rational_321123.pkl,N/A,J0,30,14,14,30,25,15,10
117,q_learning,rational,C:\Users\Ramiro\Desktop\Truco-AI\game\agents\RL-Agents\q_tables\exp2_vs_rational_321123.pkl,N/A,J0,30,22,22,30,29,15,14
118,q_learning,rational,C:\Users\Ramiro\Desktop\Truco-AI\game\agents\RL-Agents\q_tables\exp2_vs_rational_321123.pkl,N/A,J1,18,30,30,18,29,10,19
119,q_learning,rational,C:\Users\Ramiro\Desktop\Truco-AI\game\agents\RL-Agents\q_tables\exp2_vs_rational_321123.pkl,N/A,J0,30,26,26,30,28,11,17
120,q_learning,rational,C:\Users\Ramiro\Desktop\Truco-AI\game\agents\RL-Agents\q_tables\exp2_vs_rational_321123.pkl,N/A,J0,30,17,17,30,25,13,12
121,q_learning,rational,C:\Users\Ramiro\Desktop\Truco-AI\game\agents\RL-Agents\q_tables\exp2_vs_rational_321123.pkl,N/A,J0,30,16,16,30,21,13,8
122,q_learning,rational,C:\Users\Ramiro\Desktop\Truco-AI\game\agents\RL-Agents\q_tables\exp2_vs_rational_321123.pkl,N/A,J1,27,30,30,27,30,12,18
123,q_learning,rational,C:\Users\Ramiro\Desktop\Truco-AI\game\agents\RL-Agents\q_tables\exp2_vs_rational_321123.pkl,N/A,J0,30,23,23,30,25,13,12
124,q_learning,rational,C:\Users\Ramiro\Desktop\Truco-AI\game\agents\RL-Agents\q_tables\exp2_vs_rational_321123.pkl,N/A,J1,20,30,30,20,26,11,15
125,q_learning,rational,C:\Users\Ramiro\Desktop\Truco-AI\game\agents\RL-Agents\q_tables\exp2_vs_rational_321123.pkl,N/A,J0,30,15,15,30,21,15,6
126,q_learning,rational,C:\Users\Ramiro\Desktop\Truco-AI\game\agents\RL-Agents\q_tables\exp2_vs_rational_321123.pkl,N/A,J0,30,21,21,30,29,14,15
127,q_learning,rational,C:\Users\Ramiro\Desktop\Truco-AI\game\agents\RL-Agents\q_tables\exp2_vs_rational_321123.pkl,N/A,J0,30,22,22,30,28,13,15
128,q_learning,rational,C:\Users\Ramiro\Desktop\Truco-AI\game\agents\RL-Agents\q_tables\exp2_vs_rational_321123.pkl,N/A,J0,30,27,27,30,30,15,15
129,q_learning,rational,C:\Users\Ramiro\Desktop\Truco-AI\game\agents\RL-Agents\q_tables\exp2_vs_rational_321123.pkl,N/A,J1,29,30,30,29,26,14,12
130,q_learning,rational,C:\Users\Ramiro\Desktop\Truco-AI\game\agents\RL-Agents\q_tables\exp2_vs_rational_321123.pkl,N/A,J0,30,25,25,30,29,13,16
131,q_learning,rational,C:\Users\Ramiro\Desktop\Truco-AI\game\agents\RL-Agents\q_tables\exp2_vs_rational_321123.pkl,N/A,J0,30,24,24,30,25,11,14
132,q_learning,rational,C:\Users\Ramiro\Desktop\Truco-AI\game\agents\RL-Agents\q_tables\exp2_vs_rational_321123.pkl,N/A,J1,24,30,30,24,32,13,19
133,q_learning,rational,C:\Users\Ramiro\Desktop\Truco-AI\game\agents\RL-Agents\q_tables\exp2_vs_rational_321123.pkl,N/A,J0,30,20,20,30,26,13,13
134,q_learning,rational,C:\Users\Ramiro\Desktop\Truco-AI\game\agents\RL-Agents\q_tables\exp2_vs_rational_321123.pkl,N/A,J1,25,30,30,25,33,12,21
135,q_learning,rational,C:\Users\Ramiro\Desktop\Truco-AI\game\agents\RL-Agents\q_tables\exp2_vs_rational_321123.pkl,N/A,J0,30,16,16,30,25,17,8
136,q_learning,rational,C:\Users\Ramiro\Desktop\Truco-AI\game\agents\RL-Agents\q_tables\exp2_vs_rational_321123.pkl,N/A,J0,30,20,20,30,27,13,14
137,q_learning,rational,C:\Users\Ramiro\Desktop\Truco-AI\game\agents\RL-Agents\q_tables\exp2_vs_rational_321123.pkl,N/A,J1,28,30,30,28,31,12,19
138,q_learning,rational,C:\Users\Ramiro\Desktop\Truco-AI\game\agents\RL-Agents\q_tables\exp2_vs_rational_321123.pkl,N/A,J0,30,13,13,30,24,14,10
139,q_learning,rational,C:\Users\Ramiro\Desktop\Truco-AI\game\agents\RL-Agents\q_tables\exp2_vs_rational_321123.pkl,N/A,J0,30,23,23,30,24,13,11
140,q_learning,rational,C:\Users\Ramiro\Desktop\Truco-AI\game\agents\RL-Agents\q_tables\exp2_vs_rational_321123.pkl,N/A,J0,30,25,25,30,22,10,12
141,q_learning,rational,C:\Users\Ramiro\Desktop\Truco-AI\game\agents\RL-Agents\q_tables\exp2_vs_rational_321123.pkl,N/A,J1,25,30,30,25,29,13,16
142,q_learning,rational,C:\Users\Ramiro\Desktop\Truco-AI\game\agents\RL-Agents\q_tables\exp2_vs_rational_321123.pkl,N/A,J0,30,24,24,30,25,13,12
143,q_learning,rational,C:\Users\Ramiro\Desktop\Truco-AI\game\agents\RL-Agents\q_tables\exp2_vs_rational_321123.pkl,N/A,J1,16,30,30,16,20,7,13
144,q_learning,rational,C:\Users\Ramiro\Desktop\Truco-AI\game\agents\RL-Agents\q_tables\exp2_vs_rational_321123.pkl,N/A,J0,30,16,16,30,23,14,9
145,q_learning,rational,C:\Users\Ramiro\Desktop\Truco-AI\game\agents\RL-Agents\q_tables\exp2_vs_rational_321123.pkl,N/A,J1,23,30,30,23,27,11,16
146,q_learning,rational,C:\Users\Ramiro\Desktop\Truco-AI\game\agents\RL-Agents\q_tables\exp2_vs_rational_321123.pkl,N/A,J0,30,21,21,30,26,14,12
147,q_learning,rational,C:\Users\Ramiro\Desktop\Truco-AI\game\agents\RL-Agents\q_tables\exp2_vs_rational_321123.pkl,N/A,J0,30,14,14,30,24,13,11
148,q_learning,rational,C:\Users\Ramiro\Desktop\Truco-AI\game\agents\RL-Agents\q_tables\exp2_vs_rational_321123.pkl,N/A,J0,30,12,12,30,21,14,7
149,q_learning,rational,C:\Users\Ramiro\Desktop\Truco-AI\game\agents\RL-Agents\q_tables\exp2_vs_rational_321123.pkl,N/A,J0,30,21,21,30,27,15,12
150,q_learning,rational,C:\Users\Ramiro\Desktop\Truco-AI\game\agents\RL-Agents\q_tables\exp2_vs_rational_321123.pkl,N/A,J0,30,21,21,30,27,12,15
151,q_learning,rational,C:\Users\Ramiro\Desktop\Truco-AI\game\agents\RL-Agents\q_tables\exp2_vs_rational_321123.pkl,N/A,J1,25,30,30,25,29,14,15
152,q_learning,rational,C:\Users\Ramiro\Desktop\Truco-AI\game\agents\RL-Agents\q_tables\exp2_vs_rational_321123.pkl,N/A,J1,24,30,30,24,27,12,15
153,q_learning,rational,C:\Users\Ramiro\Desktop\Truco-AI\game\agents\RL-Agents\q_tables\exp2_vs_rational_321123.pkl,N/A,J1,25,30,30,25,27,8,19
154,q_learning,rational,C:\Users\Ramiro\Desktop\Truco-AI\game\agents\RL-Agents\q_tables\exp2_vs_rational_321123.pkl,N/A,J0,30,17,17,30,23,15,8
155,q_learning,rational,C:\Users\Ramiro\Desktop\Truco-AI\game\agents\RL-Agents\q_tables\exp2_vs_rational_321123.pkl,N/A,J0,30,21,21,30,22,14,8
156,q_learning,rational,C:\Users\Ramiro\Desktop\Truco-AI\game\agents\RL-Agents\q_tables\exp2_vs_rational_321123.pkl,N/A,J0,30,12,12,30,20,14,6
157,q_learning,rational,C:\Users\Ramiro\Desktop\Truco-AI\game\agents\RL-Agents\q_tables\exp2_vs_rational_321123.pkl,N/A,J0,30,22,22,30,24,12,12
158,q_learning,rational,C:\Users\Ramiro\Desktop\Truco-AI\game\agents\RL-Agents\q_tables\exp2_vs_rational_321123.pkl,N/A,J0,30,27,27,30,27,10,17
159,q_learning,rational,C:\Users\Ramiro\Desktop\Truco-AI\game\agents\RL-Agents\q_tables\exp2_vs_rational_321123.pkl,N/A,J0,30,28,28,30,32,15,17
160,q_learning,rational,C:\Users\Ramiro\Desktop\Truco-AI\game\agents\RL-Agents\q_tables\exp2_vs_rational_321123.pkl,N/A,J0,30,25,25,30,30,17,13
161,q_learning,rational,C:\Users\Ramiro\Desktop\Truco-AI\game\agents\RL-Agents\q_tables\exp2_vs_rational_321123.pkl,N/A,J0,30,16,16,30,26,14,12
162,q_learning,rational,C:\Users\Ramiro\Desktop\Truco-AI\game\agents\RL-Agents\q_tables\exp2_vs_rational_321123.pkl,N/A,J0,30,29,29,30,28,14,14
163,q_learning,rational,C:\Users\Ramiro\Desktop\Truco-AI\game\agents\RL-Agents\q_tables\exp2_vs_rational_321123.pkl,N/A,J1,14,30,30,14,24,8,16
164,q_learning,rational,C:\Users\Ramiro\Desktop\Truco-AI\game\agents\RL-Agents\q_tables\exp2_vs_rational_321123.pkl,N/A,J0,30,25,25,30,26,15,11
165,q_learning,rational,C:\Users\Ramiro\Desktop\Truco-AI\game\agents\RL-Agents\q_tables\exp2_vs_rational_321123.pkl,N/A,J1,25,30,30,25,28,11,17
166,q_learning,rational,C:\Users\Ramiro\Desktop\Truco-AI\game\agents\RL-Agents\q_tables\exp2_vs_rational_321123.pkl,N/A,J0,30,25,25,30,28,16,12
167,q_learning,rational,C:\Users\Ramiro\Desktop\Truco-AI\game\agents\RL-Agents\q_tables\exp2_vs_rational_321123.pkl,N/A,J0,30,24,24,30,30,15,15
168,q_learning,rational,C:\Users\Ramiro\Desktop\Truco-AI\game\agents\RL-Agents\q_tables\exp2_vs_rational_321123.pkl,N/A,J0,30,21,21,30,25,11,14
169,q_learning,rational,C:\Users\Ramiro\Desktop\Truco-AI\game\agents\RL-Agents\q_tables\exp2_vs_rational_321123.pkl,N/A,J0,30,11,11,30,20,12,8
170,q_learning,rational,C:\Users\Ramiro\Desktop\Truco-AI\game\agents\RL-Agents\q_tables\exp2_vs_rational_321123.pkl,N/A,J0,30,13,13,30,25,16,9
171,q_learning,rational,C:\Users\Ramiro\Desktop\Truco-AI\game\agents\RL-Agents\q_tables\exp2_vs_rational_321123.pkl,N/A,J0,30,26,26,30,30,14,16
172,q_learning,rational,C:\Users\Ramiro\Desktop\Truco-AI\game\agents\RL-Agents\q_tables\exp2_vs_rational_321123.pkl,N/A,J0,30,16,16,30,25,14,11
173,q_learning,rational,C:\Users\Ramiro\Desktop\Truco-AI\game\agents\RL-Agents\q_tables\exp2_vs_rational_321123.pkl,N/A,J0,30,28,28,30,27,14,13
174,q_learning,rational,C:\Users\Ramiro\Desktop\Truco-AI\game\agents\RL-Agents\q_tables\exp2_vs_rational_321123.pkl,N/A,J0,30,22,22,30,28,14,14
175,q_learning,rational,C:\Users\Ramiro\Desktop\Truco-AI\game\agents\RL-Agents\q_tables\exp2_vs_rational_321123.pkl,N/A,J1,29,30,30,29,32,16,16
176,q_learning,rational,C:\Users\Ramiro\Desktop\Truco-AI\game\agents\RL-Agents\q_tables\exp2_vs_rational_321123.pkl,N/A,J1,20,30,30,20,27,13,14
177,q_learning,rational,C:\Users\Ramiro\Desktop\Truco-AI\game\agents\RL-Agents\q_tables\exp2_vs_rational_321123.pkl,N/A,J1,25,30,30,25,31,13,18
178,q_learning,rational,C:\Users\Ramiro\Desktop\Truco-AI\game\agents\RL-Agents\q_tables\exp2_vs_rational_321123.pkl,N/A,J0,30,18,18,30,23,15,8
179,q_learning,rational,C:\Users\Ramiro\Desktop\Truco-AI\game\agents\RL-Agents\q_tables\exp2_vs_rational_321123.pkl,N/A,J0,30,5,5,30,19,14,5
180,q_learning,rational,C:\Users\Ramiro\Desktop\Truco-AI\game\agents\RL-Agents\q_tables\exp2_vs_rational_321123.pkl,N/A,J0,30,14,14,30,23,12,11
181,q_learning,rational,C:\Users\Ramiro\Desktop\Truco-AI\game\agents\RL-Agents\q_tables\exp2_vs_rational_321123.pkl,N/A,J0,30,21,21,30,28,13,15
182,q_learning,rational,C:\Users\Ramiro\Desktop\Truco-AI\game\agents\RL-Agents\q_tables\exp2_vs_rational_321123.pkl,N/A,J1,18,30,30,18,21,9,12
183,q_learning,rational,C:\Users\Ramiro\Desktop\Truco-AI\game\agents\RL-Agents\q_tables\exp2_vs_rational_321123.pkl,N/A,J0,30,24,24,30,25,14,11
184,q_learning,rational,C:\Users\Ramiro\Desktop\Truco-AI\game\agents\RL-Agents\q_tables\exp2_vs_rational_321123.pkl,N/A,J0,30,16,16,30,27,15,12
185,q_learning,rational,C:\Users\Ramiro\Desktop\Truco-AI\game\agents\RL-Agents\q_tables\exp2_vs_rational_321123.pkl,N/A,J0,30,24,24,30,27,11,16
186,q_learning,rational,C:\Users\Ramiro\Desktop\Truco-AI\game\agents\RL-Agents\q_tables\exp2_vs_rational_321123.pkl,N/A,J0,30,25,25,30,29,11,18
187,q_learning,rational,C:\Users\Ramiro\Desktop\Truco-AI\game\agents\RL-Agents\q_tables\exp2_vs_rational_321123.pkl,N/A,J0,30,22,22,30,27,16,11
188,q_learning,rational,C:\Users\Ramiro\Desktop\Truco-AI\game\agents\RL-Agents\q_tables\exp2_vs_rational_321123.pkl,N/A,J0,30,14,14,30,24,17,7
189,q_learning,rational,C:\Users\Ramiro\Desktop\Truco-AI\game\agents\RL-Agents\q_tables\exp2_vs_rational_321123.pkl,N/A,J0,30,28,28,30,23,13,10
190,q_learning,rational,C:\Users\Ramiro\Desktop\Truco-AI\game\agents\RL-Agents\q_tables\exp2_vs_rational_321123.pkl,N/A,J0,30,12,12,30,14,8,6
191,q_learning,rational,C:\Users\Ramiro\Desktop\Truco-AI\game\agents\RL-Agents\q_tables\exp2_vs_rational_321123.pkl,N/A,J0,30,18,18,30,21,14,7
192,q_learning,rational,C:\Users\Ramiro\Desktop\Truco-AI\game\agents\RL-Agents\q_tables\exp2_vs_rational_321123.pkl,N/A,J0,30,21,21,30,27,15,12
193,q_learning,rational,C:\Users\Ramiro\Desktop\Truco-AI\game\agents\RL-Agents\q_tables\exp2_vs_rational_321123.pkl,N/A,J1,25,30,30,25,27,11,16
194,q_learning,rational,C:\Users\Ramiro\Desktop\Truco-AI\game\agents\RL-Agents\q_tables\exp2_vs_rational_321123.pkl,N/A,J0,30,16,16,30,24,11,13
195,q_learning,rational,C:\Users\Ramiro\Desktop\Truco-AI\game\agents\RL-Agents\q_tables\exp2_vs_rational_321123.pkl,N/A,J0,30,29,29,30,27,15,12
196,q_learning,rational,C:\Users\Ramiro\Desktop\Truco-AI\game\agents\RL-Agents\q_tables\exp2_vs_rational_321123.pkl,N/A,J1,15,30,30,15,25,10,15
197,q_learning,rational,C:\Users\Ramiro\Desktop\Truco-AI\game\agents\RL-Agents\q_tables\exp2_vs_rational_321123.pkl,N/A,J0,30,13,13,30,23,16,7
198,q_learning,rational,C:\Users\Ramiro\Desktop\Truco-AI\game\agents\RL-Agents\q_tables\exp2_vs_rational_321123.pkl,N/A,J0,30,24,24,30,28,14,14
199,q_learning,rational,C:\Users\Ramiro\Desktop\Truco-AI\game\agents\RL-Agents\q_tables\exp2_vs_rational_321123.pkl,N/A,J0,30,22,22,30,29,13,16
200,q_learning,rational,C:\Users\Ramiro\Desktop\Truco-AI\game\agents\RL-Agents\q_tables\exp2_vs_rational_321123.pkl,N/A,J0,30,20,20,30,27,16,11
201,q_learning,rational,C:\Users\Ramiro\Desktop\Truco-AI\game\agents\RL-Agents\q_tables\exp2_vs_rational_321123.pkl,N/A,J0,30,19,19,30,26,14,12
202,q_learning,rational,C:\Users\Ramiro\Desktop\Truco-AI\game\agents\RL-Agents\q_tables\exp2_vs_rational_321123.pkl,N/A,J1,13,30,30,13,21,4,17
203,q_learning,rational,C:\Users\Ramiro\Desktop\Truco-AI\game\agents\RL-Agents\q_tables\exp2_vs_rational_321123.pkl,N/A,J1,24,30,30,24,31,14,17
204,q_learning,rational,C:\Users\Ramiro\Desktop\Truco-AI\game\agents\RL-Agents\q_tables\exp2_vs_rational_321123.pkl,N/A,J1,25,30,30,25,26,10,16
205,q_learning,rational,C:\Users\Ramiro\Desktop\Truco-AI\game\agents\RL-Agents\q_tables\exp2_vs_rational_321123.pkl,N/A,J0,30,18,18,30,27,15,12
206,q_learning,rational,C:\Users\Ramiro\Desktop\Truco-AI\game\agents\RL-Agents\q_tables\exp2_vs_rational_321123.pkl,N/A,J0,30,20,20,30,22,10,12
207,q_learning,rational,C:\Users\Ramiro\Desktop\Truco-AI\game\agents\RL-Agents\q_tables\exp2_vs_rational_321123.pkl,N/A,J0,30,27,27,30,30,13,17
208,q_learning,rational,C:\Users\Ramiro\Desktop\Truco-AI\game\agents\RL-Agents\q_tables\exp2_vs_rational_321123.pkl,N/A,J1,26,30,30,26,29,14,15
209,q_learning,rational,C:\Users\Ramiro\Desktop\Truco-AI\game\agents\RL-Agents\q_tables\exp2_vs_rational_321123.pkl,N/A,J0,30,16,16,30,23,13,10
210,q_learning,rational,C:\Users\Ramiro\Desktop\Truco-AI\game\agents\RL-Agents\q_tables\exp2_vs_rational_321123.pkl,N/A,J0,30,29,29,30,31,14,17
211,q_learning,rational,C:\Users\Ramiro\Desktop\Truco-AI\game\agents\RL-Agents\q_tables\exp2_vs_rational_321123.pkl,N/A,J1,21,30,30,21,22,10,12
212,q_learning,rational,C:\Users\Ramiro\Desktop\Truco-AI\game\agents\RL-Agents\q_tables\exp2_vs_rational_321123.pkl,N/A,J1,25,30,30,25,31,14,17
213,q_learning,rational,C:\Users\Ramiro\Desktop\Truco-AI\game\agents\RL-Agents\q_tables\exp2_vs_rational_321123.pkl,N/A,J0,30,26,26,30,31,18,13
214,q_learning,rational,C:\Users\Ramiro\Desktop\Truco-AI\game\agents\RL-Agents\q_tables\exp2_vs_rational_321123.pkl,N/A,J1,21,30,30,21,27,10,17
215,q_learning,rational,C:\Users\Ramiro\Desktop\Truco-AI\game\agents\RL-Agents\q_tables\exp2_vs_rational_321123.pkl,N/A,J1,24,30,30,24,26,11,15
216,q_learning,rational,C:\Users\Ramiro\Desktop\Truco-AI\game\agents\RL-Agents\q_tables\exp2_vs_rational_321123.pkl,N/A,J0,30,14,14,30,22,13,9
217,q_learning,rational,C:\Users\Ramiro\Desktop\Truco-AI\game\agents\RL-Agents\q_tables\exp2_vs_rational_321123.pkl,N/A,J0,30,22,22,30,28,15,13
218,q_learning,rational,C:\Users\Ramiro\Desktop\Truco-AI\game\agents\RL-Agents\q_tables\exp2_vs_rational_321123.pkl,N/A,J1,23,30,30,23,29,14,15
219,q_learning,rational,C:\Users\Ramiro\Desktop\Truco-AI\game\agents\RL-Agents\q_tables\exp2_vs_rational_321123.pkl,N/A,J1,26,30,30,26,26,10,16
220,q_learning,rational,C:\Users\Ramiro\Desktop\Truco-AI\game\agents\RL-Agents\q_tables\exp2_vs_rational_321123.pkl,N/A,J0,30,24,24,30,24,12,12
221,q_learning,rational,C:\Users\Ramiro\Desktop\Truco-AI\game\agents\RL-Agents\q_tables\exp2_vs_rational_321123.pkl,N/A,J1,21,30,30,21,27,9,18
222,q_learning,rational,C:\Users\Ramiro\Desktop\Truco-AI\game\agents\RL-Agents\q_tables\exp2_vs_rational_321123.pkl,N/A,J0,30,20,20,30,24,12,12
223,q_learning,rational,C:\Users\Ramiro\Desktop\Truco-AI\game\agents\RL-Agents\q_tables\exp2_vs_rational_321123.pkl,N/A,J0,30,17,17,30,24,13,11
224,q_learning,rational,C:\Users\Ramiro\Desktop\Truco-AI\game\agents\RL-Agents\q_tables\exp2_vs_rational_321123.pkl,N/A,J0,30,17,17,30,27,17,10
225,q_learning,rational,C:\Users\Ramiro\Desktop\Truco-AI\game\agents\RL-Agents\q_tables\exp2_vs_rational_321123.pkl,N/A,J0,30,14,14,30,18,11,7
226,q_learning,rational,C:\Users\Ramiro\Desktop\Truco-AI\game\agents\RL-Agents\q_tables\exp2_vs_rational_321123.pkl,N/A,J1,28,30,30,28,32,17,15
227,q_learning,rational,C:\Users\Ramiro\Desktop\Truco-AI\game\agents\RL-Agents\q_tables\exp2_vs_rational_321123.pkl,N/A,J0,30,25,25,30,26,12,14
228,q_learning,rational,C:\Users\Ramiro\Desktop\Truco-AI\game\agents\RL-Agents\q_tables\exp2_vs_rational_321123.pkl,N/A,J0,30,17,17,30,25,16,9
229,q_learning,rational,C:\Users\Ramiro\Desktop\Truco-AI\game\agents\RL-Agents\q_tables\exp2_vs_rational_321123.pkl,N/A,J1,28,30,30,28,29,12,17
230,q_learning,rational,C:\Users\Ramiro\Desktop\Truco-AI\game\agents\RL-Agents\q_tables\exp2_vs_rational_321123.pkl,N/A,J1,27,30,30,27,27,12,15
231,q_learning,rational,C:\Users\Ramiro\Desktop\Truco-AI\game\agents\RL-Agents\q_tables\exp2_vs_rational_321123.pkl,N/A,J1,27,30,30,27,32,15,17
232,q_learning,rational,C:\Users\Ramiro\Desktop\Truco-AI\game\agents\RL-Agents\q_tables\exp2_vs_rational_321123.pkl,N/A,J0,30,14,14,30,25,15,10
233,q_learning,rational,C:\Users\Ramiro\Desktop\Truco-AI\game\agents\RL-Agents\q_tables\exp2_vs_rational_321123.pkl,N/A,J0,30,24,24,30,30,16,14
234,q_learning,rational,C:\Users\Ramiro\Desktop\Truco-AI\game\agents\RL-Agents\q_tables\exp2_vs_rational_321123.pkl,N/A,J0,30,25,25,30,29,15,14
235,q_learning,rational,C:\Users\Ramiro\Desktop\Truco-AI\game\agents\RL-Agents\q_tables\exp2_vs_rational_321123.pkl,N/A,J0,30,23,23,30,26,14,12
236,q_learning,rational,C:\Users\Ramiro\Desktop\Truco-AI\game\agents\RL-Agents\q_tables\exp2_vs_rational_321123.pkl,N/A,J1,26,30,30,26,30,12,18
237,q_learning,rational,C:\Users\Ramiro\Desktop\Truco-AI\game\agents\RL-Agents\q_tables\exp2_vs_rational_321123.pkl,N/A,J1,27,30,30,27,28,14,14
238,q_learning,rational,C:\Users\Ramiro\Desktop\Truco-AI\game\agents\RL-Agents\q_tables\exp2_vs_rational_321123.pkl,N/A,J0,30,12,12,30,24,14,10
239,q_learning,rational,C:\Users\Ramiro\Desktop\Truco-AI\game\agents\RL-Agents\q_tables\exp2_vs_rational_321123.pkl,N/A,J0,30,14,14,30,28,16,12
240,q_learning,rational,C:\Users\Ramiro\Desktop\Truco-AI\game\agents\RL-Agents\q_tables\exp2_vs_rational_321123.pkl,N/A,J0,30,25,25,30,26,17,9
241,q_learning,rational,C:\Users\Ramiro\Desktop\Truco-AI\game\agents\RL-Agents\q_tables\exp2_vs_rational_321123.pkl,N/A,J0,30,26,26,30,30,16,14
242,q_learning,rational,C:\Users\Ramiro\Desktop\Truco-AI\game\agents\RL-Agents\q_tables\exp2_vs_rational_321123.pkl,N/A,J0,30,14,14,30,25,12,13
243,q_learning,rational,C:\Users\Ramiro\Desktop\Truco-AI\game\agents\RL-Agents\q_tables\exp2_vs_rational_321123.pkl,N/A,J1,25,30,30,25,28,12,16
244,q_learning,rational,C:\Users\Ramiro\Desktop\Truco-AI\game\agents\RL-Agents\q_tables\exp2_vs_rational_321123.pkl,N/A,J0,30,23,23,30,28,16,12
245,q_learning,rational,C:\Users\Ramiro\Desktop\Truco-AI\game\agents\RL-Agents\q_tables\exp2_vs_rational_321123.pkl,N/A,J1,22,30,30,22,23,11,12
246,q_learning,rational,C:\Users\Ramiro\Desktop\Truco-AI\game\agents\RL-Agents\q_tables\exp2_vs_rational_321123.pkl,N/A,J0,30,29,29,30,33,13,20
247,q_learning,rational,C:\Users\Ramiro\Desktop\Truco-AI\game\agents\RL-Agents\q_tables\exp2_vs_rational_321123.pkl,N/A,J1,27,30,30,27,28,11,17
248,q_learning,rational,C:\Users\Ramiro\Desktop\Truco-AI\game\agents\RL-Agents\q_tables\exp2_vs_rational_321123.pkl,N/A,J0,30,26,26,30,32,16,16
249,q_learning,rational,C:\Users\Ramiro\Desktop\Truco-AI\game\agents\RL-Agents\q_tables\exp2_vs_rational_321123.pkl,N/A,J0,30,20,20,30,26,15,11
250,q_learning,rational,C:\Users\Ramiro\Desktop\Truco-AI\game\agents\RL-Agents\q_tables\exp2_vs_rational_321123.pkl,N/A,J0,30,16,16,30,23,13,10
251,q_learning,rational,C:\Users\Ramiro\Desktop\Truco-AI\game\agents\RL-Agents\q_tables\exp2_vs_rational_321123.pkl,N/A,J1,16,30,30,16,23,3,20
252,q_learning,rational,C:\Users\Ramiro\Desktop\Truco-AI\game\agents\RL-Agents\q_tables\exp2_vs_rational_321123.pkl,N/A,J0,30,10,10,30,21,16,5
253,q_learning,rational,C:\Users\Ramiro\Desktop\Truco-AI\game\agents\RL-Agents\q_tables\exp2_vs_rational_321123.pkl,N/A,J1,25,30,30,25,27,12,15
254,q_learning,rational,C:\Users\Ramiro\Desktop\Truco-AI\game\agents\RL-Agents\q_tables\exp2_vs_rational_321123.pkl,N/A,J0,30,22,22,30,25,14,11
255,q_learning,rational,C:\Users\Ramiro\Desktop\Truco-AI\game\agents\RL-Agents\q_tables\exp2_vs_rational_321123.pkl,N/A,J0,30,18,18,30,28,14,14
256,q_learning,rational,C:\Users\Ramiro\Desktop\Truco-AI\game\agents\RL-Agents\q_tables\exp2_vs_rational_321123.pkl,N/A,J0,30,18,18,30,26,13,13
257,q_learning,rational,C:\Users\Ramiro\Desktop\Truco-AI\game\agents\RL-Agents\q_tables\exp2_vs_rational_321123.pkl,N/A,J0,30,21,21,30,28,12,16
258,q_learning,rational,C:\Users\Ramiro\Desktop\Truco-AI\game\agents\RL-Agents\q_tables\exp2_vs_rational_321123.pkl,N/A,J1,27,30,30,27,28,14,14
259,q_learning,rational,C:\Users\Ramiro\Desktop\Truco-AI\game\agents\RL-Agents\q_tables\exp2_vs_rational_321123.pkl,N/A,J0,30,18,18,30,27,16,11
260,q_learning,rational,C:\Users\Ramiro\Desktop\Truco-AI\game\agents\RL-Agents\q_tables\exp2_vs_rational_321123.pkl,N/A,J0,30,21,21,30,25,12,13
261,q_learning,rational,C:\Users\Ramiro\Desktop\Truco-AI\game\agents\RL-Agents\q_tables\exp2_vs_rational_321123.pkl,N/A,J0,30,25,25,30,27,16,11
262,q_learning,rational,C:\Users\Ramiro\Desktop\Truco-AI\game\agents\RL-Agents\q_tables\exp2_vs_rational_321123.pkl,N/A,J0,30,12,12,30,22,12,10
263,q_learning,rational,C:\Users\Ramiro\Desktop\Truco-AI\game\agents\RL-Agents\q_tables\exp2_vs_rational_321123.pkl,N/A,J1,15,30,30,15,21,8,13
264,q_learning,rational,C:\Users\Ramiro\Desktop\Truco-AI\game\agents\RL-Agents\q_tables\exp2_vs_rational_321123.pkl,N/A,J0,30,26,26,30,28,13,15
265,q_learning,rational,C:\Users\Ramiro\Desktop\Truco-AI\game\agents\RL-Agents\q_tables\exp2_vs_rational_321123.pkl,N/A,J1,22,30,30,22,27,14,13
266,q_learning,rational,C:\Users\Ramiro\Desktop\Truco-AI\game\agents\RL-Agents\q_tables\exp2_vs_rational_321123.pkl,N/A,J1,23,30,30,23,23,11,12
267,q_learning,rational,C:\Users\Ramiro\Desktop\Truco-AI\game\agents\RL-Agents\q_tables\exp2_vs_rational_321123.pkl,N/A,J0,30,26,26,30,31,15,16
268,q_learning,rational,C:\Users\Ramiro\Desktop\Truco-AI\game\agents\RL-Agents\q_tables\exp2_vs_rational_321123.pkl,N/A,J0,30,16,16,30,25,13,12
269,q_learning,rational,C:\Users\Ramiro\Desktop\Truco-AI\game\agents\RL-Agents\q_tables\exp2_vs_rational_321123.pkl,N/A,J0,30,21,21,30,27,14,13
270,q_learning,rational,C:\Users\Ramiro\Desktop\Truco-AI\game\agents\RL-Agents\q_tables\exp2_vs_rational_321123.pkl,N/A,J0,30,19,19,30,29,15,14
271,q_learning,rational,C:\Users\Ramiro\Desktop\Truco-AI\game\agents\RL-Agents\q_tables\exp2_vs_rational_321123.pkl,N/A,J0,30,24,24,30,27,14,13
272,q_learning,rational,C:\Users\Ramiro\Desktop\Truco-AI\game\agents\RL-Agents\q_tables\exp2_vs_rational_321123.pkl,N/A,J0,30,23,23,30,30,13,17
273,q_learning,rational,C:\Users\Ramiro\Desktop\Truco-AI\game\agents\RL-Agents\q_tables\exp2_vs_rational_321123.pkl,N/A,J0,30,22,22,30,25,14,11
274,q_learning,rational,C:\Users\Ramiro\Desktop\Truco-AI\game\agents\RL-Agents\q_tables\exp2_vs_rational_321123.pkl,N/A,J0,30,26,26,30,29,15,14
275,q_learning,rational,C:\Users\Ramiro\Desktop\Truco-AI\game\agents\RL-Agents\q_tables\exp2_vs_rational_321123.pkl,N/A,J0,30,20,20,30,25,13,12
276,q_learning,rational,C:\Users\Ramiro\Desktop\Truco-AI\game\agents\RL-Agents\q_tables\exp2_vs_rational_321123.pkl,N/A,J1,29,30,30,29,30,14,16
277,q_learning,rational,C:\Users\Ramiro\Desktop\Truco-AI\game\agents\RL-Agents\q_tables\exp2_vs_rational_321123.pkl,N/A,J0,30,20,20,30,23,12,11
278,q_learning,rational,C:\Users\Ramiro\Desktop\Truco-AI\game\agents\RL-Agents\q_tables\exp2_vs_rational_321123.pkl,N/A,J1,21,30,30,21,25,15,10
279,q_learning,rational,C:\Users\Ramiro\Desktop\Truco-AI\game\agents\RL-Agents\q_tables\exp2_vs_rational_321123.pkl,N/A,J0,30,24,24,30,26,17,9
280,q_learning,rational,C:\Users\Ramiro\Desktop\Truco-AI\game\agents\RL-Agents\q_tables\exp2_vs_rational_321123.pkl,N/A,J0,30,22,22,30,26,15,11
281,q_learning,rational,C:\Users\Ramiro\Desktop\Truco-AI\game\agents\RL-Agents\q_tables\exp2_vs_rational_321123.pkl,N/A,J0,30,21,21,30,27,14,13
282,q_learning,rational,C:\Users\Ramiro\Desktop\Truco-AI\game\agents\RL-Agents\q_tables\exp2_vs_rational_321123.pkl,N/A,J1,29,30,30,29,32,17,15
283,q_learning,rational,C:\Users\Ramiro\Desktop\Truco-AI\game\agents\RL-Agents\q_tables\exp2_vs_rational_321123.pkl,N/A,J0,30,24,24,30,32,14,18
284,q_learning,rational,C:\Users\Ramiro\Desktop\Truco-AI\game\agents\RL-Agents\q_tables\exp2_vs_rational_321123.pkl,N/A,J0,30,28,28,30,28,15,13
285,q_learning,rational,C:\Users\Ramiro\Desktop\Truco-AI\game\agents\RL-Agents\q_tables\exp2_vs_rational_321123.pkl,N/A,J1,21,30,30,21,24,12,12
286,q_learning,rational,C:\Users\Ramiro\Desktop\Truco-AI\game\agents\RL-Agents\q_tables\exp2_vs_rational_321123.pkl,N/A,J0,30,19,19,30,26,14,12
287,q_learning,rational,C:\Users\Ramiro\Desktop\Truco-AI\game\agents\RL-Agents\q_tables\exp2_vs_rational_321123.pkl,N/A,J1,26,30,30,26,27,14,13
288,q_learning,rational,C:\Users\Ramiro\Desktop\Truco-AI\game\agents\RL-Agents\q_tables\exp2_vs_rational_321123.pkl,N/A,J0,30,26,26,30,30,12,18
289,q_learning,rational,C:\Users\Ramiro\Desktop\Truco-AI\game\agents\RL-Agents\q_tables\exp2_vs_rational_321123.pkl,N/A,J1,25,30,30,25,27,12,15
290,q_learning,rational,C:\Users\Ramiro\Desktop\Truco-AI\game\agents\RL-Agents\q_tables\exp2_vs_rational_321123.pkl,N/A,J1,12,30,30,12,23,7,16
291,q_learning,rational,C:\Users\Ramiro\Desktop\Truco-AI\game\agents\RL-Agents\q_tables\exp2_vs_rational_321123.pkl,N/A,J0,30,17,17,30,24,15,9
292,q_learning,rational,C:\Users\Ramiro\Desktop\Truco-AI\game\agents\RL-Agents\q_tables\exp2_vs_rational_321123.pkl,N/A,J0,30,22,22,30,24,12,12
293,q_learning,rational,C:\Users\Ramiro\Desktop\Truco-AI\game\agents\RL-Agents\q_tables\exp2_vs_rational_321123.pkl,N/A,J0,30,28,28,30,28,14,14
294,q_learning,rational,C:\Users\Ramiro\Desktop\Truco-AI\game\agents\RL-Agents\q_tables\exp2_vs_rational_321123.pkl,N/A,J0,30,23,23,30,30,15,15
295,q_learning,rational,C:\Users\Ramiro\Desktop\Truco-AI\game\agents\RL-Agents\q_tables\exp2_vs_rational_321123.pkl,N/A,J1,27,30,30,27,32,15,17
296,q_learning,rational,C:\Users\Ramiro\Desktop\Truco-AI\game\agents\RL-Agents\q_tables\exp2_vs_rational_321123.pkl,N/A,J0,30,27,27,30,30,18,12
297,q_learning,rational,C:\Users\Ramiro\Desktop\Truco-AI\game\agents\RL-Agents\q_tables\exp2_vs_rational_321123.pkl,N/A,J0,30,21,21,30,26,13,13
298,q_learning,rational,C:\Users\Ramiro\Desktop\Truco-AI\game\agents\RL-Agents\q_tables\exp2_vs_rational_321123.pkl,N/A,J0,30,19,19,30,25,14,11
299,q_learning,rational,C:\Users\Ramiro\Desktop\Truco-AI\game\agents\RL-Agents\q_tables\exp2_vs_rational_321123.pkl,N/A,J0,30,18,18,30,24,16,8
300,q_learning,rational,C:\Users\Ramiro\Desktop\Truco-AI\game\agents\RL-Agents\q_tables\exp2_vs_rational_321123.pkl,N/A,J0,30,20,20,30,22,11,11
301,q_learning,rational,C:\Users\Ramiro\Desktop\Truco-AI\game\agents\RL-Agents\q_tables\exp2_vs_rational_321123.pkl,N/A,J0,30,28,28,30,30,14,16
302,q_learning,rational,C:\Users\Ramiro\Desktop\Truco-AI\game\agents\RL-Agents\q_tables\exp2_vs_rational_321123.pkl,N/A,J0,30,15,15,30,24,15,9
303,q_learning,rational,C:\Users\Ramiro\Desktop\Truco-AI\game\agents\RL-Agents\q_tables\exp2_vs_rational_321123.pkl,N/A,J0,30,24,24,30,26,13,13
304,q_learning,rational,C:\Users\Ramiro\Desktop\Truco-AI\game\agents\RL-Agents\q_tables\exp2_vs_rational_321123.pkl,N/A,J0,30,9,9,30,18,12,6
305,q_learning,rational,C:\Users\Ramiro\Desktop\Truco-AI\game\agents\RL-Agents\q_tables\exp2_vs_rational_321123.pkl,N/A,J1,23,30,30,23,28,10,18
306,q_learning,rational,C:\Users\Ramiro\Desktop\Truco-AI\game\agents\RL-Agents\q_tables\exp2_vs_rational_321123.pkl,N/A,J0,30,20,20,30,24,9,15
307,q_learning,rational,C:\Users\Ramiro\Desktop\Truco-AI\game\agents\RL-Agents\q_tables\exp2_vs_rational_321123.pkl,N/A,J0,30,19,19,30,22,11,11
308,q_learning,rational,C:\Users\Ramiro\Desktop\Truco-AI\game\agents\RL-Agents\q_tables\exp2_vs_rational_321123.pkl,N/A,J0,30,17,17,30,29,16,13
309,q_learning,rational,C:\Users\Ramiro\Desktop\Truco-AI\game\agents\RL-Agents\q_tables\exp2_vs_rational_321123.pkl,N/A,J0,30,22,22,30,26,9,17
310,q_learning,rational,C:\Users\Ramiro\Desktop\Truco-AI\game\agents\RL-Agents\q_tables\exp2_vs_rational_321123.pkl,N/A,J1,25,30,30,25,29,16,13
311,q_learning,rational,C:\Users\Ramiro\Desktop\Truco-AI\game\agents\RL-Agents\q_tables\exp2_vs_rational_321123.pkl,N/A,J0,30,29,29,30,30,16,14
312,q_learning,rational,C:\Users\Ramiro\Desktop\Truco-AI\game\agents\RL-Agents\q_tables\exp2_vs_rational_321123.pkl,N/A,J0,30,22,22,30,32,15,17
313,q_learning,rational,C:\Users\Ramiro\Desktop\Truco-AI\game\agents\RL-Agents\q_tables\exp2_vs_rational_321123.pkl,N/A,J0,30,17,17,30,24,12,12
314,q_learning,rational,C:\Users\Ramiro\Desktop\Truco-AI\game\agents\RL-Agents\q_tables\exp2_vs_rational_321123.pkl,N/A,J0,30,24,24,30,25,14,11
315,q_learning,rational,C:\Users\Ramiro\Desktop\Truco-AI\game\agents\RL-Agents\q_tables\exp2_vs_rational_321123.pkl,N/A,J0,30,6,6,30,4,1,3
316,q_learning,rational,C:\Users\Ramiro\Desktop\Truco-AI\game\agents\RL-Agents\q_tables\exp2_vs_rational_321123.pkl,N/A,J0,30,22,22,30,25,14,11
317,q_learning,rational,C:\Users\Ramiro\Desktop\Truco-AI\game\agents\RL-Agents\q_tables\exp2_vs_rational_321123.pkl,N/A,J0,30,21,21,30,26,14,12
318,q_learning,rational,C:\Users\Ramiro\Desktop\Truco-AI\game\agents\RL-Agents\q_tables\exp2_vs_rational_321123.pkl,N/A,J0,30,26,26,30,31,16,15
319,q_learning,rational,C:\Users\Ramiro\Desktop\Truco-AI\game\agents\RL-Agents\q_tables\exp2_vs_rational_321123.pkl,N/A,J0,30,22,22,30,27,14,13
320,q_learning,rational,C:\Users\Ramiro\Desktop\Truco-AI\game\agents\RL-Agents\q_tables\exp2_vs_rational_321123.pkl,N/A,J0,30,21,21,30,27,13,14
321,q_learning,rational,C:\Users\Ramiro\Desktop\Truco-AI\game\agents\RL-Agents\q_tables\exp2_vs_rational_321123.pkl,N/A,J0,30,19,19,30,27,15,12
322,q_learning,rational,C:\Users\Ramiro\Desktop\Truco-AI\game\agents\RL-Agents\q_tables\exp2_vs_rational_321123.pkl,N/A,J0,30,15,15,30,25,16,9
323,q_learning,rational,C:\Users\Ramiro\Desktop\Truco-AI\game\agents\RL-Agents\q_tables\exp2_vs_rational_321123.pkl,N/A,J0,30,26,26,30,30,16,14
324,q_learning,rational,C:\Users\Ramiro\Desktop\Truco-AI\game\agents\RL-Agents\q_tables\exp2_vs_rational_321123.pkl,N/A,J0,30,22,22,30,28,14,14
325,q_learning,rational,C:\Users\Ramiro\Desktop\Truco-AI\game\agents\RL-Agents\q_tables\exp2_vs_rational_321123.pkl,N/A,J1,18,30,30,18,24,10,14
326,q_learning,rational,C:\Users\Ramiro\Desktop\Truco-AI\game\agents\RL-Agents\q_tables\exp2_vs_rational_321123.pkl,N/A,J0,30,23,23,30,29,16,13
327,q_learning,rational,C:\Users\Ramiro\Desktop\Truco-AI\game\agents\RL-Agents\q_tables\exp2_vs_rational_321123.pkl,N/A,J0,30,24,24,30,27,15,12
328,q_learning,rational,C:\Users\Ramiro\Desktop\Truco-AI\game\agents\RL-Agents\q_tables\exp2_vs_rational_321123.pkl,N/A,J1,21,30,30,21,23,9,14
329,q_learning,rational,C:\Users\Ramiro\Desktop\Truco-AI\game\agents\RL-Agents\q_tables\exp2_vs_rational_321123.pkl,N/A,J0,30,29,29,30,29,17,12
330,q_learning,rational,C:\Users\Ramiro\Desktop\Truco-AI\game\agents\RL-Agents\q_tables\exp2_vs_rational_321123.pkl,N/A,J0,30,26,26,30,33,14,19
331,q_learning,rational,C:\Users\Ramiro\Desktop\Truco-AI\game\agents\RL-Agents\q_tables\exp2_vs_rational_321123.pkl,N/A,J0,30,20,20,30,30,14,16
332,q_learning,rational,C:\Users\Ramiro\Desktop\Truco-AI\game\agents\RL-Agents\q_tables\exp2_vs_rational_321123.pkl,N/A,J1,16,30,30,16,21,8,13
333,q_learning,rational,C:\Users\Ramiro\Desktop\Truco-AI\game\agents\RL-Agents\q_tables\exp2_vs_rational_321123.pkl,N/A,J0,30,17,17,30,21,12,9
334,q_learning,rational,C:\Users\Ramiro\Desktop\Truco-AI\game\agents\RL-Agents\q_tables\exp2_vs_rational_321123.pkl,N/A,J0,30,24,24,30,31,13,18
335,q_learning,rational,C:\Users\Ramiro\Desktop\Truco-AI\game\agents\RL-Agents\q_tables\exp2_vs_rational_321123.pkl,N/A,J0,30,8,8,30,20,13,7
336,q_learning,rational,C:\Users\Ramiro\Desktop\Truco-AI\game\agents\RL-Agents\q_tables\exp2_vs_rational_321123.pkl,N/A,J0,30,23,23,30,30,16,14
337,q_learning,rational,C:\Users\Ramiro\Desktop\Truco-AI\game\agents\RL-Agents\q_tables\exp2_vs_rational_321123.pkl,N/A,J0,30,27,27,30,25,12,13
338,q_learning,rational,C:\Users\Ramiro\Desktop\Truco-AI\game\agents\RL-Agents\q_tables\exp2_vs_rational_321123.pkl,N/A,J1,29,30,30,29,27,14,13
339,q_learning,rational,C:\Users\Ramiro\Desktop\Truco-AI\game\agents\RL-Agents\q_tables\exp2_vs_rational_321123.pkl,N/A,J0,30,25,25,30,30,12,18
340,q_learning,rational,C:\Users\Ramiro\Desktop\Truco-AI\game\agents\RL-Agents\q_tables\exp2_vs_rational_321123.pkl,N/A,J0,30,18,18,30,24,12,12
341,q_learning,rational,C:\Users\Ramiro\Desktop\Truco-AI\game\agents\RL-Agents\q_tables\exp2_vs_rational_321123.pkl,N/A,J0,30,17,17,30,23,11,12
342,q_learning,rational,C:\Users\Ramiro\Desktop\Truco-AI\game\agents\RL-Agents\q_tables\exp2_vs_rational_321123.pkl,N/A,J1,18,30,30,18,22,10,12
343,q_learning,rational,C:\Users\Ramiro\Desktop\Truco-AI\game\agents\RL-Agents\q_tables\exp2_vs_rational_321123.pkl,N/A,J0,30,21,21,30,26,14,12
344,q_learning,rational,C:\Users\Ramiro\Desktop\Truco-AI\game\agents\RL-Agents\q_tables\exp2_vs_rational_321123.pkl,N/A,J0,30,24,24,30,28,14,14
345,q_learning,rational,C:\Users\Ramiro\Desktop\Truco-AI\game\agents\RL-Agents\q_tables\exp2_vs_rational_321123.pkl,N/A,J0,30,18,18,30,22,13,9
346,q_learning,rational,C:\Users\Ramiro\Desktop\Truco-AI\game\agents\RL-Agents\q_tables\exp2_vs_rational_321123.pkl,N/A,J1,24,30,30,24,28,14,14
347,q_learning,rational,C:\Users\Ramiro\Desktop\Truco-AI\game\agents\RL-Agents\q_tables\exp2_vs_rational_321123.pkl,N/A,J1,24,30,30,24,24,10,14
348,q_learning,rational,C:\Users\Ramiro\Desktop\Truco-AI\game\agents\RL-Agents\q_tables\exp2_vs_rational_321123.pkl,N/A,J0,30,25,25,30,30,14,16
349,q_learning,rational,C:\Users\Ramiro\Desktop\Truco-AI\game\agents\RL-Agents\q_tables\exp2_vs_rational_321123.pkl,N/A,J0,30,20,20,30,27,16,11
350,q_learning,rational,C:\Users\Ramiro\Desktop\Truco-AI\game\agents\RL-Agents\q_tables\exp2_vs_rational_321123.pkl,N/A,J0,30,29,29,30,28,17,11
351,q_learning,rational,C:\Users\Ramiro\Desktop\Truco-AI\game\agents\RL-Agents\q_tables\exp2_vs_rational_321123.pkl,N/A,J1,27,30,30,27,23,11,12
352,q_learning,rational,C:\Users\Ramiro\Desktop\Truco-AI\game\agents\RL-Agents\q_tables\exp2_vs_rational_321123.pkl,N/A,J0,30,16,16,30,20,12,8
353,q_learning,rational,C:\Users\Ramiro\Desktop\Truco-AI\game\agents\RL-Agents\q_tables\exp2_vs_rational_321123.pkl,N/A,J0,30,17,17,30,24,13,11
354,q_learning,rational,C:\Users\Ramiro\Desktop\Truco-AI\game\agents\RL-Agents\q_tables\exp2_vs_rational_321123.pkl,N/A,J1,25,30,30,25,28,10,18
355,q_learning,rational,C:\Users\Ramiro\Desktop\Truco-AI\game\agents\RL-Agents\q_tables\exp2_vs_rational_321123.pkl,N/A,J0,30,28,28,30,30,14,16
356,q_learning,rational,C:\Users\Ramiro\Desktop\Truco-AI\game\agents\RL-Agents\q_tables\exp2_vs_rational_321123.pkl,N/A,J0,30,19,19,30,27,11,16
357,q_learning,rational,C:\Users\Ramiro\Desktop\Truco-AI\game\agents\RL-Agents\q_tables\exp2_vs_rational_321123.pkl,N/A,J0,30,23,23,30,24,12,12
358,q_learning,rational,C:\Users\Ramiro\Desktop\Truco-AI\game\agents\RL-Agents\q_tables\exp2_vs_rational_321123.pkl,N/A,J0,30,20,20,30,25,14,11
359,q_learning,rational,C:\Users\Ramiro\Desktop\Truco-AI\game\agents\RL-Agents\q_tables\exp2_vs_rational_321123.pkl,N/A,J0,30,19,19,30,27,14,13
360,q_learning,rational,C:\Users\Ramiro\Desktop\Truco-AI\game\agents\RL-Agents\q_tables\exp2_vs_rational_321123.pkl,N/A,J0,30,19,19,30,24,15,9
361,q_learning,rational,C:\Users\Ramiro\Desktop\Truco-AI\game\agents\RL-Agents\q_tables\exp2_vs_rational_321123.pkl,N/A,J0,30,24,24,30,23,14,9
362,q_learning,rational,C:\Users\Ramiro\Desktop\Truco-AI\game\agents\RL-Agents\q_tables\exp2_vs_rational_321123.pkl,N/A,J1,22,30,30,22,23,9,14
363,q_learning,rational,C:\Users\Ramiro\Desktop\Truco-AI\game\agents\RL-Agents\q_tables\exp2_vs_rational_321123.pkl,N/A,J0,30,25,25,30,27,11,16
364,q_learning,rational,C:\Users\Ramiro\Desktop\Truco-AI\game\agents\RL-Agents\q_tables\exp2_vs_rational_321123.pkl,N/A,J1,27,30,30,27,24,12,12
365,q_learning,rational,C:\Users\Ramiro\Desktop\Truco-AI\game\agents\RL-Agents\q_tables\exp2_vs_rational_321123.pkl,N/A,J0,30,14,14,30,22,15,7
366,q_learning,rational,C:\Users\Ramiro\Desktop\Truco-AI\game\agents\RL-Agents\q_tables\exp2_vs_rational_321123.pkl,N/A,J0,30,24,24,30,31,14,17
367,q_learning,rational,C:\Users\Ramiro\Desktop\Truco-AI\game\agents\RL-Agents\q_tables\exp2_vs_rational_321123.pkl,N/A,J0,30,24,24,30,29,8,21
368,q_learning,rational,C:\Users\Ramiro\Desktop\Truco-AI\game\agents\RL-Agents\q_tables\exp2_vs_rational_321123.pkl,N/A,J0,30,20,20,30,26,12,14
369,q_learning,rational,C:\Users\Ramiro\Desktop\Truco-AI\game\agents\RL-Agents\q_tables\exp2_vs_rational_321123.pkl,N/A,J1,23,30,30,23,27,13,14
370,q_learning,rational,C:\Users\Ramiro\Desktop\Truco-AI\game\agents\RL-Agents\q_tables\exp2_vs_rational_321123.pkl,N/A,J0,30,17,17,30,26,12,14
371,q_learning,rational,C:\Users\Ramiro\Desktop\Truco-AI\game\agents\RL-Agents\q_tables\exp2_vs_rational_321123.pkl,N/A,J1,23,30,30,23,28,10,18
372,q_learning,rational,C:\Users\Ramiro\Desktop\Truco-AI\game\agents\RL-Agents\q_tables\exp2_vs_rational_321123.pkl,N/A,J1,22,30,30,22,25,11,14
373,q_learning,rational,C:\Users\Ramiro\Desktop\Truco-AI\game\agents\RL-Agents\q_tables\exp2_vs_rational_321123.pkl,N/A,J0,30,22,22,30,28,11,17
374,q_learning,rational,C:\Users\Ramiro\Desktop\Truco-AI\game\agents\RL-Agents\q_tables\exp2_vs_rational_321123.pkl,N/A,J1,19,30,30,19,26,9,17
375,q_learning,rational,C:\Users\Ramiro\Desktop\Truco-AI\game\agents\RL-Agents\q_tables\exp2_vs_rational_321123.pkl,N/A,J0,30,23,23,30,25,13,12
376,q_learning,rational,C:\Users\Ramiro\Desktop\Truco-AI\game\agents\RL-Agents\q_tables\exp2_vs_rational_321123.pkl,N/A,J1,21,30,30,21,23,9,14
377,q_learning,rational,C:\Users\Ramiro\Desktop\Truco-AI\game\agents\RL-Agents\q_tables\exp2_vs_rational_321123.pkl,N/A,J0,30,14,14,30,24,15,9
378,q_learning,rational,C:\Users\Ramiro\Desktop\Truco-AI\game\agents\RL-Agents\q_tables\exp2_vs_rational_321123.pkl,N/A,J1,21,30,30,21,26,13,13
379,q_learning,rational,C:\Users\Ramiro\Desktop\Truco-AI\game\agents\RL-Agents\q_tables\exp2_vs_rational_321123.pkl,N/A,J0,30,13,13,30,20,14,6
380,q_learning,rational,C:\Users\Ramiro\Desktop\Truco-AI\game\agents\RL-Agents\q_tables\exp2_vs_rational_321123.pkl,N/A,J0,30,16,16,30,26,13,13
381,q_learning,rational,C:\Users\Ramiro\Desktop\Truco-AI\game\agents\RL-Agents\q_tables\exp2_vs_rational_321123.pkl,N/A,J1,25,30,30,25,26,12,14
382,q_learning,rational,C:\Users\Ramiro\Desktop\Truco-AI\game\agents\RL-Agents\q_tables\exp2_vs_rational_321123.pkl,N/A,J0,30,28,28,30,29,15,14
383,q_learning,rational,C:\Users\Ramiro\Desktop\Truco-AI\game\agents\RL-Agents\q_tables\exp2_vs_rational_321123.pkl,N/A,J0,30,28,28,30,30,12,18
384,q_learning,rational,C:\Users\Ramiro\Desktop\Truco-AI\game\agents\RL-Agents\q_tables\exp2_vs_rational_321123.pkl,N/A,J0,30,23,23,30,30,15,15
385,q_learning,rational,C:\Users\Ramiro\Desktop\Truco-AI\game\agents\RL-Agents\q_tables\exp2_vs_rational_321123.pkl,N/A,J0,30,16,16,30,21,11,10
386,q_learning,rational,C:\Users\Ramiro\Desktop\Truco-AI\game\agents\RL-Agents\q_tables\exp2_vs_rational_321123.pkl,N/A,J1,21,30,30,21,23,10,13
387,q_learning,rational,C:\Users\Ramiro\Desktop\Truco-AI\game\agents\RL-Agents\q_tables\exp2_vs_rational_321123.pkl,N/A,J0,30,12,12,30,24,16,8
388,q_learning,rational,C:\Users\Ramiro\Desktop\Truco-AI\game\agents\RL-Agents\q_tables\exp2_vs_rational_321123.pkl,N/A,J1,29,30,30,29,32,16,16
389,q_learning,rational,C:\Users\Ramiro\Desktop\Truco-AI\game\agents\RL-Agents\q_tables\exp2_vs_rational_321123.pkl,N/A,J1,22,30,30,22,27,13,14
390,q_learning,rational,C:\Users\Ramiro\Desktop\Truco-AI\game\agents\RL-Agents\q_tables\exp2_vs_rational_321123.pkl,N/A,J0,30,24,24,30,33,18,15
391,q_learning,rational,C:\Users\Ramiro\Desktop\Truco-AI\game\agents\RL-Agents\q_tables\exp2_vs_rational_321123.pkl,N/A,J0,30,24,24,30,25,10,15
392,q_learning,rational,C:\Users\Ramiro\Desktop\Truco-AI\game\agents\RL-Agents\q_tables\exp2_vs_rational_321123.pkl,N/A,J0,30,26,26,30,31,12,19
393,q_learning,rational,C:\Users\Ramiro\Desktop\Truco-AI\game\agents\RL-Agents\q_tables\exp2_vs_rational_321123.pkl,N/A,J0,30,28,28,30,29,13,16
394,q_learning,rational,C:\Users\Ramiro\Desktop\Truco-AI\game\agents\RL-Agents\q_tables\exp2_vs_rational_321123.pkl,N/A,J0,30,15,15,30,25,13,12
395,q_learning,rational,C:\Users\Ramiro\Desktop\Truco-AI\game\agents\RL-Agents\q_tables\exp2_vs_rational_321123.pkl,N/A,J1,28,30,30,28,29,13,16
396,q_learning,rational,C:\Users\Ramiro\Desktop\Truco-AI\game\agents\RL-Agents\q_tables\exp2_vs_rational_321123.pkl,N/A,J1,25,30,30,25,26,11,15
397,q_learning,rational,C:\Users\Ramiro\Desktop\Truco-AI\game\agents\RL-Agents\q_tables\exp2_vs_rational_321123.pkl,N/A,J0,30,20,20,30,28,14,14
398,q_learning,rational,C:\Users\Ramiro\Desktop\Truco-AI\game\agents\RL-Agents\q_tables\exp2_vs_rational_321123.pkl,N/A,J1,24,30,30,24,27,9,18
399,q_learning,rational,C:\Users\Ramiro\Desktop\Truco-AI\game\agents\RL-Agents\q_tables\exp2_vs_rational_321123.pkl,N/A,J1,29,30,30,29,27,12,15
400,q_learning,rational,C:\Users\Ramiro\Desktop\Truco-AI\game\agents\RL-Agents\q_tables\exp2_vs_rational_321123.pkl,N/A,J1,25,30,30,25,31,11,20
401,q_learning,rational,C:\Users\Ramiro\Desktop\Truco-AI\game\agents\RL-Agents\q_tables\exp2_vs_rational_321123.pkl,N/A,J0,30,25,25,30,28,13,15
402,q_learning,rational,C:\Users\Ramiro\Desktop\Truco-AI\game\agents\RL-Agents\q_tables\exp2_vs_rational_321123.pkl,N/A,J0,30,16,16,30,22,12,10
403,q_learning,rational,C:\Users\Ramiro\Desktop\Truco-AI\game\agents\RL-Agents\q_tables\exp2_vs_rational_321123.pkl,N/A,J0,30,29,29,30,30,14,16
404,q_learning,rational,C:\Users\Ramiro\Desktop\Truco-AI\game\agents\RL-Agents\q_tables\exp2_vs_rational_321123.pkl,N/A,J0,30,20,20,30,28,16,12
405,q_learning,rational,C:\Users\Ramiro\Desktop\Truco-AI\game\agents\RL-Agents\q_tables\exp2_vs_rational_321123.pkl,N/A,J0,30,26,26,30,23,11,12
406,q_learning,rational,C:\Users\Ramiro\Desktop\Truco-AI\game\agents\RL-Agents\q_tables\exp2_vs_rational_321123.pkl,N/A,J0,30,25,25,30,28,15,13
407,q_learning,rational,C:\Users\Ramiro\Desktop\Truco-AI\game\agents\RL-Agents\q_tables\exp2_vs_rational_321123.pkl,N/A,J1,16,30,30,16,21,7,14
408,q_learning,rational,C:\Users\Ramiro\Desktop\Truco-AI\game\agents\RL-Agents\q_tables\exp2_vs_rational_321123.pkl,N/A,J0,30,26,26,30,28,14,14
409,q_learning,rational,C:\Users\Ramiro\Desktop\Truco-AI\game\agents\RL-Agents\q_tables\exp2_vs_rational_321123.pkl,N/A,J0,30,18,18,30,21,13,8
410,q_learning,rational,C:\Users\Ramiro\Desktop\Truco-AI\game\agents\RL-Agents\q_tables\exp2_vs_rational_321123.pkl,N/A,J1,19,30,30,19,20,8,12
411,q_learning,rational,C:\Users\Ramiro\Desktop\Truco-AI\game\agents\RL-Agents\q_tables\exp2_vs_rational_321123.pkl,N/A,J0,30,29,29,30,32,14,18
412,q_learning,rational,C:\Users\Ramiro\Desktop\Truco-AI\game\agents\RL-Agents\q_tables\exp2_vs_rational_321123.pkl,N/A,J0,30,18,18,30,24,14,10
413,q_learning,rational,C:\Users\Ramiro\Desktop\Truco-AI\game\agents\RL-Agents\q_tables\exp2_vs_rational_321123.pkl,N/A,J1,23,30,30,23,24,12,12
414,q_learning,rational,C:\Users\Ramiro\Desktop\Truco-AI\game\agents\RL-Agents\q_tables\exp2_vs_rational_321123.pkl,N/A,J0,30,23,23,30,28,13,15
415,q_learning,rational,C:\Users\Ramiro\Desktop\Truco-AI\game\agents\RL-Agents\q_tables\exp2_vs_rational_321123.pkl,N/A,J1,20,30,30,20,24,8,16
416,q_learning,rational,C:\Users\Ramiro\Desktop\Truco-AI\game\agents\RL-Agents\q_tables\exp2_vs_rational_321123.pkl,N/A,J0,30,19,19,30,23,13,10
417,q_learning,rational,C:\Users\Ramiro\Desktop\Truco-AI\game\agents\RL-Agents\q_tables\exp2_vs_rational_321123.pkl,N/A,J0,30,20,20,30,25,14,11
418,q_learning,rational,C:\Users\Ramiro\Desktop\Truco-AI\game\agents\RL-Agents\q_tables\exp2_vs_rational_321123.pkl,N/A,J0,30,19,19,30,23,14,9
419,q_learning,rational,C:\Users\Ramiro\Desktop\Truco-AI\game\agents\RL-Agents\q_tables\exp2_vs_rational_321123.pkl,N/A,J0,30,28,28,30,31,14,17
420,q_learning,rational,C:\Users\Ramiro\Desktop\Truco-AI\game\agents\RL-Agents\q_tables\exp2_vs_rational_321123.pkl,N/A,J1,20,30,30,20,25,9,16
421,q_learning,rational,C:\Users\Ramiro\Desktop\Truco-AI\game\agents\RL-Agents\q_tables\exp2_vs_rational_321123.pkl,N/A,J0,30,19,19,30,25,15,10
422,q_learning,rational,C:\Users\Ramiro\Desktop\Truco-AI\game\agents\RL-Agents\q_tables\exp2_vs_rational_321123.pkl,N/A,J0,30,26,26,30,34,17,17
423,q_learning,rational,C:\Users\Ramiro\Desktop\Truco-AI\game\agents\RL-Agents\q_tables\exp2_vs_rational_321123.pkl,N/A,J0,30,19,19,30,23,13,10
424,q_learning,rational,C:\Users\Ramiro\Desktop\Truco-AI\game\agents\RL-Agents\q_tables\exp2_vs_rational_321123.pkl,N/A,J1,26,30,30,26,28,12,16
425,q_learning,rational,C:\Users\Ramiro\Desktop\Truco-AI\game\agents\RL-Agents\q_tables\exp2_vs_rational_321123.pkl,N/A,J0,30,24,24,30,26,13,13
426,q_learning,rational,C:\Users\Ramiro\Desktop\Truco-AI\game\agents\RL-Agents\q_tables\exp2_vs_rational_321123.pkl,N/A,J0,30,16,16,30,26,17,9
427,q_learning,rational,C:\Users\Ramiro\Desktop\Truco-AI\game\agents\RL-Agents\q_tables\exp2_vs_rational_321123.pkl,N/A,J0,30,12,12,30,20,10,10
428,q_learning,rational,C:\Users\Ramiro\Desktop\Truco-AI\game\agents\RL-Agents\q_tables\exp2_vs_rational_321123.pkl,N/A,J0,30,20,20,30,23,14,9
429,q_learning,rational,C:\Users\Ramiro\Desktop\Truco-AI\game\agents\RL-Agents\q_tables\exp2_vs_rational_321123.pkl,N/A,J0,30,13,13,30,22,14,8
430,q_learning,rational,C:\Users\Ramiro\Desktop\Truco-AI\game\agents\RL-Agents\q_tables\exp2_vs_rational_321123.pkl,N/A,J0,30,29,29,30,27,13,14
431,q_learning,rational,C:\Users\Ramiro\Desktop\Truco-AI\game\agents\RL-Agents\q_tables\exp2_vs_rational_321123.pkl,N/A,J1,27,30,30,27,30,16,14
432,q_learning,rational,C:\Users\Ramiro\Desktop\Truco-AI\game\agents\RL-Agents\q_tables\exp2_vs_rational_321123.pkl,N/A,J1,24,30,30,24,31,13,18
433,q_learning,rational,C:\Users\Ramiro\Desktop\Truco-AI\game\agents\RL-Agents\q_tables\exp2_vs_rational_321123.pkl,N/A,J0,30,7,7,30,12,8,4
434,q_learning,rational,C:\Users\Ramiro\Desktop\Truco-AI\game\agents\RL-Agents\q_tables\exp2_vs_rational_321123.pkl,N/A,J0,30,22,22,30,27,15,12
435,q_learning,rational,C:\Users\Ramiro\Desktop\Truco-AI\game\agents\RL-Agents\q_tables\exp2_vs_rational_321123.pkl,N/A,J1,22,30,30,22,22,9,13
436,q_learning,rational,C:\Users\Ramiro\Desktop\Truco-AI\game\agents\RL-Agents\q_tables\exp2_vs_rational_321123.pkl,N/A,J1,22,30,30,22,26,8,18
437,q_learning,rational,C:\Users\Ramiro\Desktop\Truco-AI\game\agents\RL-Agents\q_tables\exp2_vs_rational_321123.pkl,N/A,J1,19,30,30,19,24,10,14
438,q_learning,rational,C:\Users\Ramiro\Desktop\Truco-AI\game\agents\RL-Agents\q_tables\exp2_vs_rational_321123.pkl,N/A,J1,26,30,30,26,30,14,16
439,q_learning,rational,C:\Users\Ramiro\Desktop\Truco-AI\game\agents\RL-Agents\q_tables\exp2_vs_rational_321123.pkl,N/A,J1,25,30,30,25,28,12,16
440,q_learning,rational,C:\Users\Ramiro\Desktop\Truco-AI\game\agents\RL-Agents\q_tables\exp2_vs_rational_321123.pkl,N/A,J0,30,20,20,30,30,15,15
441,q_learning,rational,C:\Users\Ramiro\Desktop\Truco-AI\game\agents\RL-Agents\q_tables\exp2_vs_rational_321123.pkl,N/A,J0,30,19,19,30,26,14,12
442,q_learning,rational,C:\Users\Ramiro\Desktop\Truco-AI\game\agents\RL-Agents\q_tables\exp2_vs_rational_321123.pkl,N/A,J0,30,18,18,30,23,10,13
443,q_learning,rational,C:\Users\Ramiro\Desktop\Truco-AI\game\agents\RL-Agents\q_tables\exp2_vs_rational_321123.pkl,N/A,J0,30,21,21,30,31,15,16
444,q_learning,rational,C:\Users\Ramiro\Desktop\Truco-AI\game\agents\RL-Agents\q_tables\exp2_vs_rational_321123.pkl,N/A,J0,30,26,26,30,29,16,13
445,q_learning,rational,C:\Users\Ramiro\Desktop\Truco-AI\game\agents\RL-Agents\q_tables\exp2_vs_rational_321123.pkl,N/A,J1,24,30,30,24,27,11,16
446,q_learning,rational,C:\Users\Ramiro\Desktop\Truco-AI\game\agents\RL-Agents\q_tables\exp2_vs_rational_321123.pkl,N/A,J1,29,30,30,29,28,12,16
447,q_learning,rational,C:\Users\Ramiro\Desktop\Truco-AI\game\agents\RL-Agents\q_tables\exp2_vs_rational_321123.pkl,N/A,J1,24,30,30,24,24,6,18
448,q_learning,rational,C:\Users\Ramiro\Desktop\Truco-AI\game\agents\RL-Agents\q_tables\exp2_vs_rational_321123.pkl,N/A,J0,30,16,16,30,27,15,12
449,q_learning,rational,C:\Users\Ramiro\Desktop\Truco-AI\game\agents\RL-Agents\q_tables\exp2_vs_rational_321123.pkl,N/A,J0,30,22,22,30,29,16,13
450,q_learning,rational,C:\Users\Ramiro\Desktop\Truco-AI\game\agents\RL-Agents\q_tables\exp2_vs_rational_321123.pkl,N/A,J0,30,27,27,30,29,14,15
451,q_learning,rational,C:\Users\Ramiro\Desktop\Truco-AI\game\agents\RL-Agents\q_tables\exp2_vs_rational_321123.pkl,N/A,J0,30,28,28,30,30,14,16
452,q_learning,rational,C:\Users\Ramiro\Desktop\Truco-AI\game\agents\RL-Agents\q_tables\exp2_vs_rational_321123.pkl,N/A,J1,27,30,30,27,30,13,17
453,q_learning,rational,C:\Users\Ramiro\Desktop\Truco-AI\game\agents\RL-Agents\q_tables\exp2_vs_rational_321123.pkl,N/A,J1,20,30,30,20,23,6,17
454,q_learning,rational,C:\Users\Ramiro\Desktop\Truco-AI\game\agents\RL-Agents\q_tables\exp2_vs_rational_321123.pkl,N/A,J0,30,9,9,30,20,15,5
455,q_learning,rational,C:\Users\Ramiro\Desktop\Truco-AI\game\agents\RL-Agents\q_tables\exp2_vs_rational_321123.pkl,N/A,J0,30,17,17,30,25,14,11
456,q_learning,rational,C:\Users\Ramiro\Desktop\Truco-AI\game\agents\RL-Agents\q_tables\exp2_vs_rational_321123.pkl,N/A,J0,30,23,23,30,33,14,19
457,q_learning,rational,C:\Users\Ramiro\Desktop\Truco-AI\game\agents\RL-Agents\q_tables\exp2_vs_rational_321123.pkl,N/A,J0,30,15,15,30,26,16,10
458,q_learning,rational,C:\Users\Ramiro\Desktop\Truco-AI\game\agents\RL-Agents\q_tables\exp2_vs_rational_321123.pkl,N/A,J0,30,15,15,30,21,13,8
459,q_learning,rational,C:\Users\Ramiro\Desktop\Truco-AI\game\agents\RL-Agents\q_tables\exp2_vs_rational_321123.pkl,N/A,J0,30,24,24,30,28,13,15
460,q_learning,rational,C:\Users\Ramiro\Desktop\Truco-AI\game\agents\RL-Agents\q_tables\exp2_vs_rational_321123.pkl,N/A,J0,30,26,26,30,31,15,16
461,q_learning,rational,C:\Users\Ramiro\Desktop\Truco-AI\game\agents\RL-Agents\q_tables\exp2_vs_rational_321123.pkl,N/A,J0,30,15,15,30,24,13,11
462,q_learning,rational,C:\Users\Ramiro\Desktop\Truco-AI\game\agents\RL-Agents\q_tables\exp2_vs_rational_321123.pkl,N/A,J0,30,29,29,30,26,13,13
463,q_learning,rational,C:\Users\Ramiro\Desktop\Truco-AI\game\agents\RL-Agents\q_tables\exp2_vs_rational_321123.pkl,N/A,J0,30,29,29,30,27,13,14
464,q_learning,rational,C:\Users\Ramiro\Desktop\Truco-AI\game\agents\RL-Agents\q_tables\exp2_vs_rational_321123.pkl,N/A,J0,30,26,26,30,27,10,17
465,q_learning,rational,C:\Users\Ramiro\Desktop\Truco-AI\game\agents\RL-Agents\q_tables\exp2_vs_rational_321123.pkl,N/A,J0,30,21,21,30,27,13,14
466,q_learning,rational,C:\Users\Ramiro\Desktop\Truco-AI\game\agents\RL-Agents\q_tables\exp2_vs_rational_321123.pkl,N/A,J1,18,30,30,18,23,6,17
467,q_learning,rational,C:\Users\Ramiro\Desktop\Truco-AI\game\agents\RL-Agents\q_tables\exp2_vs_rational_321123.pkl,N/A,J0,30,24,24,30,29,19,10
468,q_learning,rational,C:\Users\Ramiro\Desktop\Truco-AI\game\agents\RL-Agents\q_tables\exp2_vs_rational_321123.pkl,N/A,J0,30,18,18,30,25,16,9
469,q_learning,rational,C:\Users\Ramiro\Desktop\Truco-AI\game\agents\RL-Agents\q_tables\exp2_vs_rational_321123.pkl,N/A,J0,30,20,20,30,27,13,14
470,q_learning,rational,C:\Users\Ramiro\Desktop\Truco-AI\game\agents\RL-Agents\q_tables\exp2_vs_rational_321123.pkl,N/A,J0,30,19,19,30,32,15,17
471,q_learning,rational,C:\Users\Ramiro\Desktop\Truco-AI\game\agents\RL-Agents\q_tables\exp2_vs_rational_321123.pkl,N/A,J1,22,30,30,22,29,8,21
472,q_learning,rational,C:\Users\Ramiro\Desktop\Truco-AI\game\agents\RL-Agents\q_tables\exp2_vs_rational_321123.pkl,N/A,J0,30,23,23,30,26,15,11
473,q_learning,rational,C:\Users\Ramiro\Desktop\Truco-AI\game\agents\RL-Agents\q_tables\exp2_vs_rational_321123.pkl,N/A,J0,30,29,29,30,32,17,15
474,q_learning,rational,C:\Users\Ramiro\Desktop\Truco-AI\game\agents\RL-Agents\q_tables\exp2_vs_rational_321123.pkl,N/A,J0,30,26,26,30,32,18,14
475,q_learning,rational,C:\Users\Ramiro\Desktop\Truco-AI\game\agents\RL-Agents\q_tables\exp2_vs_rational_321123.pkl,N/A,J0,30,20,20,30,24,15,9
476,q_learning,rational,C:\Users\Ramiro\Desktop\Truco-AI\game\agents\RL-Agents\q_tables\exp2_vs_rational_321123.pkl,N/A,J0,30,20,20,30,27,13,14
477,q_learning,rational,C:\Users\Ramiro\Desktop\Truco-AI\game\agents\RL-Agents\q_tables\exp2_vs_rational_321123.pkl,N/A,J0,30,22,22,30,29,13,16
478,q_learning,rational,C:\Users\Ramiro\Desktop\Truco-AI\game\agents\RL-Agents\q_tables\exp2_vs_rational_321123.pkl,N/A,J0,30,19,19,30,24,13,11
479,q_learning,rational,C:\Users\Ramiro\Desktop\Truco-AI\game\agents\RL-Agents\q_tables\exp2_vs_rational_321123.pkl,N/A,J0,30,21,21,30,26,13,13
480,q_learning,rational,C:\Users\Ramiro\Desktop\Truco-AI\game\agents\RL-Agents\q_tables\exp2_vs_rational_321123.pkl,N/A,J1,16,30,30,16,21,7,14
481,q_learning,rational,C:\Users\Ramiro\Desktop\Truco-AI\game\agents\RL-Agents\q_tables\exp2_vs_rational_321123.pkl,N/A,J1,28,30,30,28,32,14,18
482,q_learning,rational,C:\Users\Ramiro\Desktop\Truco-AI\game\agents\RL-Agents\q_tables\exp2_vs_rational_321123.pkl,N/A,J0,30,18,18,30,21,11,10
483,q_learning,rational,C:\Users\Ramiro\Desktop\Truco-AI\game\agents\RL-Agents\q_tables\exp2_vs_rational_321123.pkl,N/A,J0,30,15,15,30,26,17,9
484,q_learning,rational,C:\Users\Ramiro\Desktop\Truco-AI\game\agents\RL-Agents\q_tables\exp2_vs_rational_321123.pkl,N/A,J0,30,21,21,30,21,11,10
485,q_learning,rational,C:\Users\Ramiro\Desktop\Truco-AI\game\agents\RL-Agents\q_tables\exp2_vs_rational_321123.pkl,N/A,J0,30,19,19,30,29,17,12
486,q_learning,rational,C:\Users\Ramiro\Desktop\Truco-AI\game\agents\RL-Agents\q_tables\exp2_vs_rational_321123.pkl,N/A,J0,30,29,29,30,31,15,16
487,q_learning,rational,C:\Users\Ramiro\Desktop\Truco-AI\game\agents\RL-Agents\q_tables\exp2_vs_rational_321123.pkl,N/A,J0,30,9,9,30,18,11,7
488,q_learning,rational,C:\Users\Ramiro\Desktop\Truco-AI\game\agents\RL-Agents\q_tables\exp2_vs_rational_321123.pkl,N/A,J0,30,18,18,30,24,15,9
489,q_learning,rational,C:\Users\Ramiro\Desktop\Truco-AI\game\agents\RL-Agents\q_tables\exp2_vs_rational_321123.pkl,N/A,J0,30,19,19,30,27,13,14
490,q_learning,rational,C:\Users\Ramiro\Desktop\Truco-AI\game\agents\RL-Agents\q_tables\exp2_vs_rational_321123.pkl,N/A,J0,30,18,18,30,25,16,9
491,q_learning,rational,C:\Users\Ramiro\Desktop\Truco-AI\game\agents\RL-Agents\q_tables\exp2_vs_rational_321123.pkl,N/A,J0,30,14,14,30,22,14,8
492,q_learning,rational,C:\Users\Ramiro\Desktop\Truco-AI\game\agents\RL-Agents\q_tables\exp2_vs_rational_321123.pkl,N/A,J0,30,18,18,30,23,12,11
493,q_learning,rational,C:\Users\Ramiro\Desktop\Truco-AI\game\agents\RL-Agents\q_tables\exp2_vs_rational_321123.pkl,N/A,J1,27,30,30,27,27,14,13
494,q_learning,rational,C:\Users\Ramiro\Desktop\Truco-AI\game\agents\RL-Agents\q_tables\exp2_vs_rational_321123.pkl,N/A,J0,30,25,25,30,30,13,17
495,q_learning,rational,C:\Users\Ramiro\Desktop\Truco-AI\game\agents\RL-Agents\q_tables\exp2_vs_rational_321123.pkl,N/A,J0,30,23,23,30,30,15,15
496,q_learning,rational,C:\Users\Ramiro\Desktop\Truco-AI\game\agents\RL-Agents\q_tables\exp2_vs_rational_321123.pkl,N/A,J1,27,30,30,27,29,14,15
497,q_learning,rational,C:\Users\Ramiro\Desktop\Truco-AI\game\agents\RL-Agents\q_tables\exp2_vs_rational_321123.pkl,N/A,J0,30,26,26,30,31,13,18
498,q_learning,rational,C:\Users\Ramiro\Desktop\Truco-AI\game\agents\RL-Agents\q_tables\exp2_vs_rational_321123.pkl,N/A,J1,27,30,30,27,30,13,17
499,q_learning,rational,C:\Users\Ramiro\Desktop\Truco-AI\game\agents\RL-Agents\q_tables\exp2_vs_rational_321123.pkl,N/A,J0,30,21,21,30,26,14,12
500,q_learning,rational,C:\Users\Ramiro\Desktop\Truco-AI\game\agents\RL-Agents\q_tables\exp2_vs_rational_321123.pkl,N/A,J1,16,30,30,16,25,9,16
501,q_learning,rational,C:\Users\Ramiro\Desktop\Truco-AI\game\agents\RL-Agents\q_tables\exp2_vs_rational_321123.pkl,N/A,J0,30,15,15,30,21,12,9
502,q_learning,rational,C:\Users\Ramiro\Desktop\Truco-AI\game\agents\RL-Agents\q_tables\exp2_vs_rational_321123.pkl,N/A,J0,30,17,17,30,28,14,14
503,q_learning,rational,C:\Users\Ramiro\Desktop\Truco-AI\game\agents\RL-Agents\q_tables\exp2_vs_rational_321123.pkl,N/A,J1,26,30,30,26,27,12,15
504,q_learning,rational,C:\Users\Ramiro\Desktop\Truco-AI\game\agents\RL-Agents\q_tables\exp2_vs_rational_321123.pkl,N/A,J0,30,20,20,30,27,14,13
505,q_learning,rational,C:\Users\Ramiro\Desktop\Truco-AI\game\agents\RL-Agents\q_tables\exp2_vs_rational_321123.pkl,N/A,J0,30,23,23,30,24,13,11
506,q_learning,rational,C:\Users\Ramiro\Desktop\Truco-AI\game\agents\RL-Agents\q_tables\exp2_vs_rational_321123.pkl,N/A,J0,30,24,24,30,24,11,13
507,q_learning,rational,C:\Users\Ramiro\Desktop\Truco-AI\game\agents\RL-Agents\q_tables\exp2_vs_rational_321123.pkl,N/A,J0,30,27,27,30,29,15,14
508,q_learning,rational,C:\Users\Ramiro\Desktop\Truco-AI\game\agents\RL-Agents\q_tables\exp2_vs_rational_321123.pkl,N/A,J1,27,30,30,27,26,14,12
509,q_learning,rational,C:\Users\Ramiro\Desktop\Truco-AI\game\agents\RL-Agents\q_tables\exp2_vs_rational_321123.pkl,N/A,J0,30,20,20,30,28,16,12
510,q_learning,rational,C:\Users\Ramiro\Desktop\Truco-AI\game\agents\RL-Agents\q_tables\exp2_vs_rational_321123.pkl,N/A,J0,30,24,24,30,25,13,12
511,q_learning,rational,C:\Users\Ramiro\Desktop\Truco-AI\game\agents\RL-Agents\q_tables\exp2_vs_rational_321123.pkl,N/A,J0,30,11,11,30,22,13,9
512,q_learning,rational,C:\Users\Ramiro\Desktop\Truco-AI\game\agents\RL-Agents\q_tables\exp2_vs_rational_321123.pkl,N/A,J0,30,22,22,30,29,12,17
513,q_learning,rational,C:\Users\Ramiro\Desktop\Truco-AI\game\agents\RL-Agents\q_tables\exp2_vs_rational_321123.pkl,N/A,J1,29,30,30,29,32,13,19
514,q_learning,rational,C:\Users\Ramiro\Desktop\Truco-AI\game\agents\RL-Agents\q_tables\exp2_vs_rational_321123.pkl,N/A,J1,23,30,30,23,28,10,18
515,q_learning,rational,C:\Users\Ramiro\Desktop\Truco-AI\game\agents\RL-Agents\q_tables\exp2_vs_rational_321123.pkl,N/A,J0,30,17,17,30,23,13,10
516,q_learning,rational,C:\Users\Ramiro\Desktop\Truco-AI\game\agents\RL-Agents\q_tables\exp2_vs_rational_321123.pkl,N/A,J0,30,23,23,30,25,11,14
517,q_learning,rational,C:\Users\Ramiro\Desktop\Truco-AI\game\agents\RL-Agents\q_tables\exp2_vs_rational_321123.pkl,N/A,J0,30,26,26,30,33,16,17
518,q_learning,rational,C:\Users\Ramiro\Desktop\Truco-AI\game\agents\RL-Agents\q_tables\exp2_vs_rational_321123.pkl,N/A,J0,30,11,11,30,19,11,8
519,q_learning,rational,C:\Users\Ramiro\Desktop\Truco-AI\game\agents\RL-Agents\q_tables\exp2_vs_rational_321123.pkl,N/A,J0,30,18,18,30,28,17,11
520,q_learning,rational,C:\Users\Ramiro\Desktop\Truco-AI\game\agents\RL-Agents\q_tables\exp2_vs_rational_321123.pkl,N/A,J1,14,30,30,14,21,9,12
521,q_learning,rational,C:\Users\Ramiro\Desktop\Truco-AI\game\agents\RL-Agents\q_tables\exp2_vs_rational_321123.pkl,N/A,J0,30,26,26,30,22,8,14
522,q_learning,rational,C:\Users\Ramiro\Desktop\Truco-AI\game\agents\RL-Agents\q_tables\exp2_vs_rational_321123.pkl,N/A,J1,24,30,30,24,29,15,14
523,q_learning,rational,C:\Users\Ramiro\Desktop\Truco-AI\game\agents\RL-Agents\q_tables\exp2_vs_rational_321123.pkl,N/A,J1,26,30,30,26,31,11,20
524,q_learning,rational,C:\Users\Ramiro\Desktop\Truco-AI\game\agents\RL-Agents\q_tables\exp2_vs_rational_321123.pkl,N/A,J0,30,20,20,30,29,15,14
525,q_learning,rational,C:\Users\Ramiro\Desktop\Truco-AI\game\agents\RL-Agents\q_tables\exp2_vs_rational_321123.pkl,N/A,J0,30,14,14,30,23,14,9
526,q_learning,rational,C:\Users\Ramiro\Desktop\Truco-AI\game\agents\RL-Agents\q_tables\exp2_vs_rational_321123.pkl,N/A,J0,30,26,26,30,31,16,15
527,q_learning,rational,C:\Users\Ramiro\Desktop\Truco-AI\game\agents\RL-Agents\q_tables\exp2_vs_rational_321123.pkl,N/A,J0,30,24,24,30,28,14,14
528,q_learning,rational,C:\Users\Ramiro\Desktop\Truco-AI\game\agents\RL-Agents\q_tables\exp2_vs_rational_321123.pkl,N/A,J0,30,28,28,30,30,13,17
529,q_learning,rational,C:\Users\Ramiro\Desktop\Truco-AI\game\agents\RL-Agents\q_tables\exp2_vs_rational_321123.pkl,N/A,J0,30,20,20,30,29,15,14
530,q_learning,rational,C:\Users\Ramiro\Desktop\Truco-AI\game\agents\RL-Agents\q_tables\exp2_vs_rational_321123.pkl,N/A,J0,30,26,26,30,26,13,13
531,q_learning,rational,C:\Users\Ramiro\Desktop\Truco-AI\game\agents\RL-Agents\q_tables\exp2_vs_rational_321123.pkl,N/A,J0,30,14,14,30,27,17,10
532,q_learning,rational,C:\Users\Ramiro\Desktop\Truco-AI\game\agents\RL-Agents\q_tables\exp2_vs_rational_321123.pkl,N/A,J1,27,30,30,27,26,11,15
533,q_learning,rational,C:\Users\Ramiro\Desktop\Truco-AI\game\agents\RL-Agents\q_tables\exp2_vs_rational_321123.pkl,N/A,J0,30,24,24,30,26,14,12
534,q_learning,rational,C:\Users\Ramiro\Desktop\Truco-AI\game\agents\RL-Agents\q_tables\exp2_vs_rational_321123.pkl,N/A,J1,25,30,30,25,26,13,13
535,q_learning,rational,C:\Users\Ramiro\Desktop\Truco-AI\game\agents\RL-Agents\q_tables\exp2_vs_rational_321123.pkl,N/A,J0,30,22,22,30,29,13,16
536,q_learning,rational,C:\Users\Ramiro\Desktop\Truco-AI\game\agents\RL-Agents\q_tables\exp2_vs_rational_321123.pkl,N/A,J0,30,24,24,30,27,14,13
537,q_learning,rational,C:\Users\Ramiro\Desktop\Truco-AI\game\agents\RL-Agents\q_tables\exp2_vs_rational_321123.pkl,N/A,J0,30,8,8,30,17,13,4
538,q_learning,rational,C:\Users\Ramiro\Desktop\Truco-AI\game\agents\RL-Agents\q_tables\exp2_vs_rational_321123.pkl,N/A,J0,30,25,25,30,27,14,13
539,q_learning,rational,C:\Users\Ramiro\Desktop\Truco-AI\game\agents\RL-Agents\q_tables\exp2_vs_rational_321123.pkl,N/A,J1,21,30,30,21,23,10,13
540,q_learning,rational,C:\Users\Ramiro\Desktop\Truco-AI\game\agents\RL-Agents\q_tables\exp2_vs_rational_321123.pkl,N/A,J0,30,13,13,30,21,15,6
541,q_learning,rational,C:\Users\Ramiro\Desktop\Truco-AI\game\agents\RL-Agents\q_tables\exp2_vs_rational_321123.pkl,N/A,J0,30,16,16,30,26,15,11
542,q_learning,rational,C:\Users\Ramiro\Desktop\Truco-AI\game\agents\RL-Agents\q_tables\exp2_vs_rational_321123.pkl,N/A,J0,30,22,22,30,28,14,14
543,q_learning,rational,C:\Users\Ramiro\Desktop\Truco-AI\game\agents\RL-Agents\q_tables\exp2_vs_rational_321123.pkl,N/A,J1,26,30,30,26,30,14,16
544,q_learning,rational,C:\Users\Ramiro\Desktop\Truco-AI\game\agents\RL-Agents\q_tables\exp2_vs_rational_321123.pkl,N/A,J0,30,23,23,30,27,10,17
545,q_learning,rational,C:\Users\Ramiro\Desktop\Truco-AI\game\agents\RL-Agents\q_tables\exp2_vs_rational_321123.pkl,N/A,J0,30,25,25,30,27,12,15
546,q_learning,rational,C:\Users\Ramiro\Desktop\Truco-AI\game\agents\RL-Agents\q_tables\exp2_vs_rational_321123.pkl,N/A,J1,29,30,30,29,29,15,14
547,q_learning,rational,C:\Users\Ramiro\Desktop\Truco-AI\game\agents\RL-Agents\q_tables\exp2_vs_rational_321123.pkl,N/A,J1,29,30,30,29,34,13,21
548,q_learning,rational,C:\Users\Ramiro\Desktop\Truco-AI\game\agents\RL-Agents\q_tables\exp2_vs_rational_321123.pkl,N/A,J0,30,21,21,30,30,14,16
549,q_learning,rational,C:\Users\Ramiro\Desktop\Truco-AI\game\agents\RL-Agents\q_tables\exp2_vs_rational_321123.pkl,N/A,J0,30,17,17,30,27,16,11
550,q_learning,rational,C:\Users\Ramiro\Desktop\Truco-AI\game\agents\RL-Agents\q_tables\exp2_vs_rational_321123.pkl,N/A,J0,30,22,22,30,29,13,16
551,q_learning,rational,C:\Users\Ramiro\Desktop\Truco-AI\game\agents\RL-Agents\q_tables\exp2_vs_rational_321123.pkl,N/A,J0,30,17,17,30,24,15,9
552,q_learning,rational,C:\Users\Ramiro\Desktop\Truco-AI\game\agents\RL-Agents\q_tables\exp2_vs_rational_321123.pkl,N/A,J0,30,15,15,30,23,14,9
553,q_learning,rational,C:\Users\Ramiro\Desktop\Truco-AI\game\agents\RL-Agents\q_tables\exp2_vs_rational_321123.pkl,N/A,J0,30,18,18,30,24,14,10
554,q_learning,rational,C:\Users\Ramiro\Desktop\Truco-AI\game\agents\RL-Agents\q_tables\exp2_vs_rational_321123.pkl,N/A,J1,23,30,30,23,26,12,14
555,q_learning,rational,C:\Users\Ramiro\Desktop\Truco-AI\game\agents\RL-Agents\q_tables\exp2_vs_rational_321123.pkl,N/A,J0,30,21,21,30,27,11,16
556,q_learning,rational,C:\Users\Ramiro\Desktop\Truco-AI\game\agents\RL-Agents\q_tables\exp2_vs_rational_321123.pkl,N/A,J1,28,30,30,28,25,12,13
557,q_learning,rational,C:\Users\Ramiro\Desktop\Truco-AI\game\agents\RL-Agents\q_tables\exp2_vs_rational_321123.pkl,N/A,J1,26,30,30,26,27,12,15
558,q_learning,rational,C:\Users\Ramiro\Desktop\Truco-AI\game\agents\RL-Agents\q_tables\exp2_vs_rational_321123.pkl,N/A,J0,30,28,28,30,26,14,12
559,q_learning,rational,C:\Users\Ramiro\Desktop\Truco-AI\game\agents\RL-Agents\q_tables\exp2_vs_rational_321123.pkl,N/A,J0,30,27,27,30,29,14,15
560,q_learning,rational,C:\Users\Ramiro\Desktop\Truco-AI\game\agents\RL-Agents\q_tables\exp2_vs_rational_321123.pkl,N/A,J0,30,18,18,30,25,15,10
561,q_learning,rational,C:\Users\Ramiro\Desktop\Truco-AI\game\agents\RL-Agents\q_tables\exp2_vs_rational_321123.pkl,N/A,J0,30,23,23,30,24,13,11
562,q_learning,rational,C:\Users\Ramiro\Desktop\Truco-AI\game\agents\RL-Agents\q_tables\exp2_vs_rational_321123.pkl,N/A,J0,30,10,10,30,19,13,6
563,q_learning,rational,C:\Users\Ramiro\Desktop\Truco-AI\game\agents\RL-Agents\q_tables\exp2_vs_rational_321123.pkl,N/A,J0,30,18,18,30,25,13,12
564,q_learning,rational,C:\Users\Ramiro\Desktop\Truco-AI\game\agents\RL-Agents\q_tables\exp2_vs_rational_321123.pkl,N/A,J0,30,16,16,30,22,13,9
565,q_learning,rational,C:\Users\Ramiro\Desktop\Truco-AI\game\agents\RL-Agents\q_tables\exp2_vs_rational_321123.pkl,N/A,J0,30,27,27,30,27,12,15
566,q_learning,rational,C:\Users\Ramiro\Desktop\Truco-AI\game\agents\RL-Agents\q_tables\exp2_vs_rational_321123.pkl,N/A,J0,30,25,25,30,28,13,15
567,q_learning,rational,C:\Users\Ramiro\Desktop\Truco-AI\game\agents\RL-Agents\q_tables\exp2_vs_rational_321123.pkl,N/A,J0,30,23,23,30,24,12,12
568,q_learning,rational,C:\Users\Ramiro\Desktop\Truco-AI\game\agents\RL-Agents\q_tables\exp2_vs_rational_321123.pkl,N/A,J0,30,25,25,30,30,12,18
569,q_learning,rational,C:\Users\Ramiro\Desktop\Truco-AI\game\agents\RL-Agents\q_tables\exp2_vs_rational_321123.pkl,N/A,J0,30,14,14,30,21,12,9
570,q_learning,rational,C:\Users\Ramiro\Desktop\Truco-AI\game\agents\RL-Agents\q_tables\exp2_vs_rational_321123.pkl,N/A,J0,30,22,22,30,30,11,19
571,q_learning,rational,C:\Users\Ramiro\Desktop\Truco-AI\game\agents\RL-Agents\q_tables\exp2_vs_rational_321123.pkl,N/A,J0,30,18,18,30,25,14,11
572,q_learning,rational,C:\Users\Ramiro\Desktop\Truco-AI\game\agents\RL-Agents\q_tables\exp2_vs_rational_321123.pkl,N/A,J0,30,26,26,30,30,15,15
573,q_learning,rational,C:\Users\Ramiro\Desktop\Truco-AI\game\agents\RL-Agents\q_tables\exp2_vs_rational_321123.pkl,N/A,J0,30,23,23,30,25,12,13
574,q_learning,rational,C:\Users\Ramiro\Desktop\Truco-AI\game\agents\RL-Agents\q_tables\exp2_vs_rational_321123.pkl,N/A,J0,30,19,19,30,31,17,14
575,q_learning,rational,C:\Users\Ramiro\Desktop\Truco-AI\game\agents\RL-Agents\q_tables\exp2_vs_rational_321123.pkl,N/A,J0,30,8,8,30,19,14,5
576,q_learning,rational,C:\Users\Ramiro\Desktop\Truco-AI\game\agents\RL-Agents\q_tables\exp2_vs_rational_321123.pkl,N/A,J0,30,20,20,30,26,14,12
577,q_learning,rational,C:\Users\Ramiro\Desktop\Truco-AI\game\agents\RL-Agents\q_tables\exp2_vs_rational_321123.pkl,N/A,J0,30,29,29,30,31,15,16
578,q_learning,rational,C:\Users\Ramiro\Desktop\Truco-AI\game\agents\RL-Agents\q_tables\exp2_vs_rational_321123.pkl,N/A,J1,28,30,30,28,30,14,16
579,q_learning,rational,C:\Users\Ramiro\Desktop\Truco-AI\game\agents\RL-Agents\q_tables\exp2_vs_rational_321123.pkl,N/A,J0,30,18,18,30,24,13,11
580,q_learning,rational,C:\Users\Ramiro\Desktop\Truco-AI\game\agents\RL-Agents\q_tables\exp2_vs_rational_321123.pkl,N/A,J0,30,23,23,30,28,13,15
581,q_learning,rational,C:\Users\Ramiro\Desktop\Truco-AI\game\agents\RL-Agents\q_tables\exp2_vs_rational_321123.pkl,N/A,J0,30,29,29,30,28,9,19
582,q_learning,rational,C:\Users\Ramiro\Desktop\Truco-AI\game\agents\RL-Agents\q_tables\exp2_vs_rational_321123.pkl,N/A,J1,24,30,30,24,26,12,14
583,q_learning,rational,C:\Users\Ramiro\Desktop\Truco-AI\game\agents\RL-Agents\q_tables\exp2_vs_rational_321123.pkl,N/A,J1,12,30,30,12,20,5,15
584,q_learning,rational,C:\Users\Ramiro\Desktop\Truco-AI\game\agents\RL-Agents\q_tables\exp2_vs_rational_321123.pkl,N/A,J0,30,18,18,30,25,12,13
585,q_learning,rational,C:\Users\Ramiro\Desktop\Truco-AI\game\agents\RL-Agents\q_tables\exp2_vs_rational_321123.pkl,N/A,J1,24,30,30,24,26,10,16
586,q_learning,rational,C:\Users\Ramiro\Desktop\Truco-AI\game\agents\RL-Agents\q_tables\exp2_vs_rational_321123.pkl,N/A,J0,30,17,17,30,26,13,13
587,q_learning,rational,C:\Users\Ramiro\Desktop\Truco-AI\game\agents\RL-Agents\q_tables\exp2_vs_rational_321123.pkl,N/A,J0,30,23,23,30,29,19,10
588,q_learning,rational,C:\Users\Ramiro\Desktop\Truco-AI\game\agents\RL-Agents\q_tables\exp2_vs_rational_321123.pkl,N/A,J0,30,20,20,30,27,12,15
589,q_learning,rational,C:\Users\Ramiro\Desktop\Truco-AI\game\agents\RL-Agents\q_tables\exp2_vs_rational_321123.pkl,N/A,J0,30,26,26,30,27,12,15
590,q_learning,rational,C:\Users\Ramiro\Desktop\Truco-AI\game\agents\RL-Agents\q_tables\exp2_vs_rational_321123.pkl,N/A,J0,30,29,29,30,31,16,15
591,q_learning,rational,C:\Users\Ramiro\Desktop\Truco-AI\game\agents\RL-Agents\q_tables\exp2_vs_rational_321123.pkl,N/A,J0,30,6,6,30,8,3,5
592,q_learning,rational,C:\Users\Ramiro\Desktop\Truco-AI\game\agents\RL-Agents\q_tables\exp2_vs_rational_321123.pkl,N/A,J0,30,14,14,30,21,13,8
593,q_learning,rational,C:\Users\Ramiro\Desktop\Truco-AI\game\agents\RL-Agents\q_tables\exp2_vs_rational_321123.pkl,N/A,J0,30,20,20,30,25,14,11
594,q_learning,rational,C:\Users\Ramiro\Desktop\Truco-AI\game\agents\RL-Agents\q_tables\exp2_vs_rational_321123.pkl,N/A,J0,30,26,26,30,26,17,9
595,q_learning,rational,C:\Users\Ramiro\Desktop\Truco-AI\game\agents\RL-Agents\q_tables\exp2_vs_rational_321123.pkl,N/A,J1,26,30,30,26,29,12,17
596,q_learning,rational,C:\Users\Ramiro\Desktop\Truco-AI\game\agents\RL-Agents\q_tables\exp2_vs_rational_321123.pkl,N/A,J0,30,23,23,30,31,12,19
597,q_learning,rational,C:\Users\Ramiro\Desktop\Truco-AI\game\agents\RL-Agents\q_tables\exp2_vs_rational_321123.pkl,N/A,J1,26,30,30,26,30,10,20
598,q_learning,rational,C:\Users\Ramiro\Desktop\Truco-AI\game\agents\RL-Agents\q_tables\exp2_vs_rational_321123.pkl,N/A,J0,30,20,20,30,26,12,14
599,q_learning,rational,C:\Users\Ramiro\Desktop\Truco-AI\game\agents\RL-Agents\q_tables\exp2_vs_rational_321123.pkl,N/A,J0,30,22,22,30,31,14,17
600,q_learning,rational,C:\Users\Ramiro\Desktop\Truco-AI\game\agents\RL-Agents\q_tables\exp2_vs_rational_321123.pkl,N/A,J1,28,30,30,28,35,12,23
601,q_learning,rational,C:\Users\Ramiro\Desktop\Truco-AI\game\agents\RL-Agents\q_tables\exp2_vs_rational_321123.pkl,N/A,J1,25,30,30,25,24,12,12
602,q_learning,rational,C:\Users\Ramiro\Desktop\Truco-AI\game\agents\RL-Agents\q_tables\exp2_vs_rational_321123.pkl,N/A,J0,30,10,10,30,15,9,6
603,q_learning,rational,C:\Users\Ramiro\Desktop\Truco-AI\game\agents\RL-Agents\q_tables\exp2_vs_rational_321123.pkl,N/A,J0,30,29,29,30,28,14,14
604,q_learning,rational,C:\Users\Ramiro\Desktop\Truco-AI\game\agents\RL-Agents\q_tables\exp2_vs_rational_321123.pkl,N/A,J0,30,20,20,30,25,13,12
605,q_learning,rational,C:\Users\Ramiro\Desktop\Truco-AI\game\agents\RL-Agents\q_tables\exp2_vs_rational_321123.pkl,N/A,J0,30,17,17,30,26,13,13
606,q_learning,rational,C:\Users\Ramiro\Desktop\Truco-AI\game\agents\RL-Agents\q_tables\exp2_vs_rational_321123.pkl,N/A,J1,24,30,30,24,21,11,10
607,q_learning,rational,C:\Users\Ramiro\Desktop\Truco-AI\game\agents\RL-Agents\q_tables\exp2_vs_rational_321123.pkl,N/A,J0,30,23,23,30,25,12,13
608,q_learning,rational,C:\Users\Ramiro\Desktop\Truco-AI\game\agents\RL-Agents\q_tables\exp2_vs_rational_321123.pkl,N/A,J0,30,24,24,30,34,17,17
609,q_learning,rational,C:\Users\Ramiro\Desktop\Truco-AI\game\agents\RL-Agents\q_tables\exp2_vs_rational_321123.pkl,N/A,J0,30,19,19,30,25,14,11
610,q_learning,rational,C:\Users\Ramiro\Desktop\Truco-AI\game\agents\RL-Agents\q_tables\exp2_vs_rational_321123.pkl,N/A,J1,23,30,30,23,29,14,15
611,q_learning,rational,C:\Users\Ramiro\Desktop\Truco-AI\game\agents\RL-Agents\q_tables\exp2_vs_rational_321123.pkl,N/A,J0,30,11,11,30,22,15,7
612,q_learning,rational,C:\Users\Ramiro\Desktop\Truco-AI\game\agents\RL-Agents\q_tables\exp2_vs_rational_321123.pkl,N/A,J0,30,22,22,30,26,13,13
613,q_learning,rational,C:\Users\Ramiro\Desktop\Truco-AI\game\agents\RL-Agents\q_tables\exp2_vs_rational_321123.pkl,N/A,J0,30,24,24,30,35,16,19
614,q_learning,rational,C:\Users\Ramiro\Desktop\Truco-AI\game\agents\RL-Agents\q_tables\exp2_vs_rational_321123.pkl,N/A,J0,30,14,14,30,21,14,7
615,q_learning,rational,C:\Users\Ramiro\Desktop\Truco-AI\game\agents\RL-Agents\q_tables\exp2_vs_rational_321123.pkl,N/A,J1,18,30,30,18,29,13,16
616,q_learning,rational,C:\Users\Ramiro\Desktop\Truco-AI\game\agents\RL-Agents\q_tables\exp2_vs_rational_321123.pkl,N/A,J1,8,30,30,8,16,3,13
617,q_learning,rational,C:\Users\Ramiro\Desktop\Truco-AI\game\agents\RL-Agents\q_tables\exp2_vs_rational_321123.pkl,N/A,J0,30,28,28,30,29,12,17
618,q_learning,rational,C:\Users\Ramiro\Desktop\Truco-AI\game\agents\RL-Agents\q_tables\exp2_vs_rational_321123.pkl,N/A,J1,17,30,30,17,22,8,14
619,q_learning,rational,C:\Users\Ramiro\Desktop\Truco-AI\game\agents\RL-Agents\q_tables\exp2_vs_rational_321123.pkl,N/A,J0,30,15,15,30,24,13,11
620,q_learning,rational,C:\Users\Ramiro\Desktop\Truco-AI\game\agents\RL-Agents\q_tables\exp2_vs_rational_321123.pkl,N/A,J0,30,26,26,30,29,13,16
621,q_learning,rational,C:\Users\Ramiro\Desktop\Truco-AI\game\agents\RL-Agents\q_tables\exp2_vs_rational_321123.pkl,N/A,J0,30,23,23,30,26,17,9
622,q_learning,rational,C:\Users\Ramiro\Desktop\Truco-AI\game\agents\RL-Agents\q_tables\exp2_vs_rational_321123.pkl,N/A,J0,30,20,20,30,30,13,17
623,q_learning,rational,C:\Users\Ramiro\Desktop\Truco-AI\game\agents\RL-Agents\q_tables\exp2_vs_rational_321123.pkl,N/A,J0,30,26,26,30,31,15,16
624,q_learning,rational,C:\Users\Ramiro\Desktop\Truco-AI\game\agents\RL-Agents\q_tables\exp2_vs_rational_321123.pkl,N/A,J0,30,25,25,30,30,15,15
625,q_learning,rational,C:\Users\Ramiro\Desktop\Truco-AI\game\agents\RL-Agents\q_tables\exp2_vs_rational_321123.pkl,N/A,J0,30,25,25,30,30,17,13
626,q_learning,rational,C:\Users\Ramiro\Desktop\Truco-AI\game\agents\RL-Agents\q_tables\exp2_vs_rational_321123.pkl,N/A,J0,30,21,21,30,26,14,12
627,q_learning,rational,C:\Users\Ramiro\Desktop\Truco-AI\game\agents\RL-Agents\q_tables\exp2_vs_rational_321123.pkl,N/A,J1,26,30,30,26,33,13,20
628,q_learning,rational,C:\Users\Ramiro\Desktop\Truco-AI\game\agents\RL-Agents\q_tables\exp2_vs_rational_321123.pkl,N/A,J0,30,25,25,30,31,18,13
629,q_learning,rational,C:\Users\Ramiro\Desktop\Truco-AI\game\agents\RL-Agents\q_tables\exp2_vs_rational_321123.pkl,N/A,J0,30,17,17,30,25,15,10
630,q_learning,rational,C:\Users\Ramiro\Desktop\Truco-AI\game\agents\RL-Agents\q_tables\exp2_vs_rational_321123.pkl,N/A,J0,30,23,23,30,28,15,13
631,q_learning,rational,C:\Users\Ramiro\Desktop\Truco-AI\game\agents\RL-Agents\q_tables\exp2_vs_rational_321123.pkl,N/A,J1,23,30,30,23,26,13,13
632,q_learning,rational,C:\Users\Ramiro\Desktop\Truco-AI\game\agents\RL-Agents\q_tables\exp2_vs_rational_321123.pkl,N/A,J1,17,30,30,17,23,10,13
633,q_learning,rational,C:\Users\Ramiro\Desktop\Truco-AI\game\agents\RL-Agents\q_tables\exp2_vs_rational_321123.pkl,N/A,J0,30,24,24,30,28,17,11
634,q_learning,rational,C:\Users\Ramiro\Desktop\Truco-AI\game\agents\RL-Agents\q_tables\exp2_vs_rational_321123.pkl,N/A,J0,30,22,22,30,26,9,17
635,q_learning,rational,C:\Users\Ramiro\Desktop\Truco-AI\game\agents\RL-Agents\q_tables\exp2_vs_rational_321123.pkl,N/A,J1,27,30,30,27,30,13,17
636,q_learning,rational,C:\Users\Ramiro\Desktop\Truco-AI\game\agents\RL-Agents\q_tables\exp2_vs_rational_321123.pkl,N/A,J0,30,21,21,30,28,14,14
637,q_learning,rational,C:\Users\Ramiro\Desktop\Truco-AI\game\agents\RL-Agents\q_tables\exp2_vs_rational_321123.pkl,N/A,J1,24,30,30,24,25,12,13
638,q_learning,rational,C:\Users\Ramiro\Desktop\Truco-AI\game\agents\RL-Agents\q_tables\exp2_vs_rational_321123.pkl,N/A,J0,30,23,23,30,28,11,17
639,q_learning,rational,C:\Users\Ramiro\Desktop\Truco-AI\game\agents\RL-Agents\q_tables\exp2_vs_rational_321123.pkl,N/A,J0,30,29,29,30,31,14,17
640,q_learning,rational,C:\Users\Ramiro\Desktop\Truco-AI\game\agents\RL-Agents\q_tables\exp2_vs_rational_321123.pkl,N/A,J0,30,21,21,30,27,13,14
641,q_learning,rational,C:\Users\Ramiro\Desktop\Truco-AI\game\agents\RL-Agents\q_tables\exp2_vs_rational_321123.pkl,N/A,J0,30,22,22,30,26,15,11
642,q_learning,rational,C:\Users\Ramiro\Desktop\Truco-AI\game\agents\RL-Agents\q_tables\exp2_vs_rational_321123.pkl,N/A,J0,30,25,25,30,28,14,14
643,q_learning,rational,C:\Users\Ramiro\Desktop\Truco-AI\game\agents\RL-Agents\q_tables\exp2_vs_rational_321123.pkl,N/A,J1,25,30,30,25,28,13,15
644,q_learning,rational,C:\Users\Ramiro\Desktop\Truco-AI\game\agents\RL-Agents\q_tables\exp2_vs_rational_321123.pkl,N/A,J0,30,16,16,30,26,12,14
645,q_learning,rational,C:\Users\Ramiro\Desktop\Truco-AI\game\agents\RL-Agents\q_tables\exp2_vs_rational_321123.pkl,N/A,J1,29,30,30,29,26,15,11
646,q_learning,rational,C:\Users\Ramiro\Desktop\Truco-AI\game\agents\RL-Agents\q_tables\exp2_vs_rational_321123.pkl,N/A,J0,30,21,21,30,26,15,11
647,q_learning,rational,C:\Users\Ramiro\Desktop\Truco-AI\game\agents\RL-Agents\q_tables\exp2_vs_rational_321123.pkl,N/A,J0,30,24,24,30,27,12,15
648,q_learning,rational,C:\Users\Ramiro\Desktop\Truco-AI\game\agents\RL-Agents\q_tables\exp2_vs_rational_321123.pkl,N/A,J1,29,30,30,29,31,14,17
649,q_learning,rational,C:\Users\Ramiro\Desktop\Truco-AI\game\agents\RL-Agents\q_tables\exp2_vs_rational_321123.pkl,N/A,J1,20,30,30,20,22,9,13
650,q_learning,rational,C:\Users\Ramiro\Desktop\Truco-AI\game\agents\RL-Agents\q_tables\exp2_vs_rational_321123.pkl,N/A,J0,30,18,18,30,25,13,12
651,q_learning,rational,C:\Users\Ramiro\Desktop\Truco-AI\game\agents\RL-Agents\q_tables\exp2_vs_rational_321123.pkl,N/A,J0,30,21,21,30,26,10,16
652,q_learning,rational,C:\Users\Ramiro\Desktop\Truco-AI\game\agents\RL-Agents\q_tables\exp2_vs_rational_321123.pkl,N/A,J0,30,26,26,30,22,12,10
653,q_learning,rational,C:\Users\Ramiro\Desktop\Truco-AI\game\agents\RL-Agents\q_tables\exp2_vs_rational_321123.pkl,N/A,J0,30,21,21,30,22,11,11
654,q_learning,rational,C:\Users\Ramiro\Desktop\Truco-AI\game\agents\RL-Agents\q_tables\exp2_vs_rational_321123.pkl,N/A,J1,20,30,30,20,21,10,11
655,q_learning,rational,C:\Users\Ramiro\Desktop\Truco-AI\game\agents\RL-Agents\q_tables\exp2_vs_rational_321123.pkl,N/A,J0,30,20,20,30,29,15,14
656,q_learning,rational,C:\Users\Ramiro\Desktop\Truco-AI\game\agents\RL-Agents\q_tables\exp2_vs_rational_321123.pkl,N/A,J0,30,24,24,30,29,12,17
657,q_learning,rational,C:\Users\Ramiro\Desktop\Truco-AI\game\agents\RL-Agents\q_tables\exp2_vs_rational_321123.pkl,N/A,J1,21,30,30,21,27,11,16
658,q_learning,rational,C:\Users\Ramiro\Desktop\Truco-AI\game\agents\RL-Agents\q_tables\exp2_vs_rational_321123.pkl,N/A,J1,17,30,30,17,18,9,9
659,q_learning,rational,C:\Users\Ramiro\Desktop\Truco-AI\game\agents\RL-Agents\q_tables\exp2_vs_rational_321123.pkl,N/A,J0,30,14,14,30,24,14,10
660,q_learning,rational,C:\Users\Ramiro\Desktop\Truco-AI\game\agents\RL-Agents\q_tables\exp2_vs_rational_321123.pkl,N/A,J0,30,20,20,30,26,14,12
661,q_learning,rational,C:\Users\Ramiro\Desktop\Truco-AI\game\agents\RL-Agents\q_tables\exp2_vs_rational_321123.pkl,N/A,J0,30,28,28,30,25,12,13
662,q_learning,rational,C:\Users\Ramiro\Desktop\Truco-AI\game\agents\RL-Agents\q_tables\exp2_vs_rational_321123.pkl,N/A,J1,20,30,30,20,24,9,15
663,q_learning,rational,C:\Users\Ramiro\Desktop\Truco-AI\game\agents\RL-Agents\q_tables\exp2_vs_rational_321123.pkl,N/A,J0,30,16,16,30,22,14,8
664,q_learning,rational,C:\Users\Ramiro\Desktop\Truco-AI\game\agents\RL-Agents\q_tables\exp2_vs_rational_321123.pkl,N/A,J0,30,29,29,30,27,11,16
665,q_learning,rational,C:\Users\Ramiro\Desktop\Truco-AI\game\agents\RL-Agents\q_tables\exp2_vs_rational_321123.pkl,N/A,J0,30,21,21,30,27,13,14
666,q_learning,rational,C:\Users\Ramiro\Desktop\Truco-AI\game\agents\RL-Agents\q_tables\exp2_vs_rational_321123.pkl,N/A,J0,30,11,11,30,24,14,10
667,q_learning,rational,C:\Users\Ramiro\Desktop\Truco-AI\game\agents\RL-Agents\q_tables\exp2_vs_rational_321123.pkl,N/A,J0,30,24,24,30,28,13,15
668,q_learning,rational,C:\Users\Ramiro\Desktop\Truco-AI\game\agents\RL-Agents\q_tables\exp2_vs_rational_321123.pkl,N/A,J0,30,19,19,30,28,14,14
669,q_learning,rational,C:\Users\Ramiro\Desktop\Truco-AI\game\agents\RL-Agents\q_tables\exp2_vs_rational_321123.pkl,N/A,J0,30,25,25,30,35,14,21
670,q_learning,rational,C:\Users\Ramiro\Desktop\Truco-AI\game\agents\RL-Agents\q_tables\exp2_vs_rational_321123.pkl,N/A,J0,30,26,26,30,31,13,18
671,q_learning,rational,C:\Users\Ramiro\Desktop\Truco-AI\game\agents\RL-Agents\q_tables\exp2_vs_rational_321123.pkl,N/A,J1,27,30,30,27,29,10,19
672,q_learning,rational,C:\Users\Ramiro\Desktop\Truco-AI\game\agents\RL-Agents\q_tables\exp2_vs_rational_321123.pkl,N/A,J0,30,18,18,30,24,14,10
673,q_learning,rational,C:\Users\Ramiro\Desktop\Truco-AI\game\agents\RL-Agents\q_tables\exp2_vs_rational_321123.pkl,N/A,J0,30,23,23,30,26,9,17
674,q_learning,rational,C:\Users\Ramiro\Desktop\Truco-AI\game\agents\RL-Agents\q_tables\exp2_vs_rational_321123.pkl,N/A,J0,30,17,17,30,22,14,8
675,q_learning,rational,C:\Users\Ramiro\Desktop\Truco-AI\game\agents\RL-Agents\q_tables\exp2_vs_rational_321123.pkl,N/A,J0,30,17,17,30,20,14,6
676,q_learning,rational,C:\Users\Ramiro\Desktop\Truco-AI\game\agents\RL-Agents\q_tables\exp2_vs_rational_321123.pkl,N/A,J1,13,30,30,13,19,8,11
677,q_learning,rational,C:\Users\Ramiro\Desktop\Truco-AI\game\agents\RL-Agents\q_tables\exp2_vs_rational_321123.pkl,N/A,J1,22,30,30,22,25,12,13
678,q_learning,rational,C:\Users\Ramiro\Desktop\Truco-AI\game\agents\RL-Agents\q_tables\exp2_vs_rational_321123.pkl,N/A,J0,30,21,21,30,31,19,12
679,q_learning,rational,C:\Users\Ramiro\Desktop\Truco-AI\game\agents\RL-Agents\q_tables\exp2_vs_rational_321123.pkl,N/A,J0,30,13,13,30,20,12,8
680,q_learning,rational,C:\Users\Ramiro\Desktop\Truco-AI\game\agents\RL-Agents\q_tables\exp2_vs_rational_321123.pkl,N/A,J0,30,26,26,30,38,15,23
681,q_learning,rational,C:\Users\Ramiro\Desktop\Truco-AI\game\agents\RL-Agents\q_tables\exp2_vs_rational_321123.pkl,N/A,J1,29,30,30,29,30,14,16
682,q_learning,rational,C:\Users\Ramiro\Desktop\Truco-AI\game\agents\RL-Agents\q_tables\exp2_vs_rational_321123.pkl,N/A,J0,30,28,28,30,33,16,17
683,q_learning,rational,C:\Users\Ramiro\Desktop\Truco-AI\game\agents\RL-Agents\q_tables\exp2_vs_rational_321123.pkl,N/A,J0,30,20,20,30,30,17,13
684,q_learning,rational,C:\Users\Ramiro\Desktop\Truco-AI\game\agents\RL-Agents\q_tables\exp2_vs_rational_321123.pkl,N/A,J0,30,26,26,30,31,17,14
685,q_learning,rational,C:\Users\Ramiro\Desktop\Truco-AI\game\agents\RL-Agents\q_tables\exp2_vs_rational_321123.pkl,N/A,J1,29,30,30,29,26,11,15
686,q_learning,rational,C:\Users\Ramiro\Desktop\Truco-AI\game\agents\RL-Agents\q_tables\exp2_vs_rational_321123.pkl,N/A,J0,30,25,25,30,27,14,13
687,q_learning,rational,C:\Users\Ramiro\Desktop\Truco-AI\game\agents\RL-Agents\q_tables\exp2_vs_rational_321123.pkl,N/A,J1,21,30,30,21,29,9,20
688,q_learning,rational,C:\Users\Ramiro\Desktop\Truco-AI\game\agents\RL-Agents\q_tables\exp2_vs_rational_321123.pkl,N/A,J1,13,30,30,13,21,6,15
689,q_learning,rational,C:\Users\Ramiro\Desktop\Truco-AI\game\agents\RL-Agents\q_tables\exp2_vs_rational_321123.pkl,N/A,J0,30,19,19,30,25,12,13
690,q_learning,rational,C:\Users\Ramiro\Desktop\Truco-AI\game\agents\RL-Agents\q_tables\exp2_vs_rational_321123.pkl,N/A,J1,20,30,30,20,24,11,13
691,q_learning,rational,C:\Users\Ramiro\Desktop\Truco-AI\game\agents\RL-Agents\q_tables\exp2_vs_rational_321123.pkl,N/A,J0,30,22,22,30,29,15,14
692,q_learning,rational,C:\Users\Ramiro\Desktop\Truco-AI\game\agents\RL-Agents\q_tables\exp2_vs_rational_321123.pkl,N/A,J0,30,23,23,30,30,14,16
693,q_learning,rational,C:\Users\Ramiro\Desktop\Truco-AI\game\agents\RL-Agents\q_tables\exp2_vs_rational_321123.pkl,N/A,J0,30,19,19,30,27,15,12
694,q_learning,rational,C:\Users\Ramiro\Desktop\Truco-AI\game\agents\RL-Agents\q_tables\exp2_vs_rational_321123.pkl,N/A,J1,25,30,30,25,26,10,16
695,q_learning,rational,C:\Users\Ramiro\Desktop\Truco-AI\game\agents\RL-Agents\q_tables\exp2_vs_rational_321123.pkl,N/A,J0,30,26,26,30,25,12,13
696,q_learning,rational,C:\Users\Ramiro\Desktop\Truco-AI\game\agents\RL-Agents\q_tables\exp2_vs_rational_321123.pkl,N/A,J0,30,17,17,30,20,13,7
697,q_learning,rational,C:\Users\Ramiro\Desktop\Truco-AI\game\agents\RL-Agents\q_tables\exp2_vs_rational_321123.pkl,N/A,J0,30,28,28,30,28,13,15
698,q_learning,rational,C:\Users\Ramiro\Desktop\Truco-AI\game\agents\RL-Agents\q_tables\exp2_vs_rational_321123.pkl,N/A,J0,30,26,26,30,31,15,16
699,q_learning,rational,C:\Users\Ramiro\Desktop\Truco-AI\game\agents\RL-Agents\q_tables\exp2_vs_rational_321123.pkl,N/A,J0,30,26,26,30,29,15,14
700,q_learning,rational,C:\Users\Ramiro\Desktop\Truco-AI\game\agents\RL-Agents\q_tables\exp2_vs_rational_321123.pkl,N/A,J1,24,30,30,24,30,15,15
701,q_learning,rational,C:\Users\Ramiro\Desktop\Truco-AI\game\agents\RL-Agents\q_tables\exp2_vs_rational_321123.pkl,N/A,J0,30,9,9,30,19,12,7
702,q_learning,rational,C:\Users\Ramiro\Desktop\Truco-AI\game\agents\RL-Agents\q_tables\exp2_vs_rational_321123.pkl,N/A,J0,30,27,27,30,30,12,18
703,q_learning,rational,C:\Users\Ramiro\Desktop\Truco-AI\game\agents\RL-Agents\q_tables\exp2_vs_rational_321123.pkl,N/A,J0,30,19,19,30,28,15,13
704,q_learning,rational,C:\Users\Ramiro\Desktop\Truco-AI\game\agents\RL-Agents\q_tables\exp2_vs_rational_321123.pkl,N/A,J0,30,26,26,30,28,13,15
705,q_learning,rational,C:\Users\Ramiro\Desktop\Truco-AI\game\agents\RL-Agents\q_tables\exp2_vs_rational_321123.pkl,N/A,J0,30,24,24,30,27,13,14
706,q_learning,rational,C:\Users\Ramiro\Desktop\Truco-AI\game\agents\RL-Agents\q_tables\exp2_vs_rational_321123.pkl,N/A,J0,30,23,23,30,27,12,15
707,q_learning,rational,C:\Users\Ramiro\Desktop\Truco-AI\game\agents\RL-Agents\q_tables\exp2_vs_rational_321123.pkl,N/A,J0,30,19,19,30,28,16,12
708,q_learning,rational,C:\Users\Ramiro\Desktop\Truco-AI\game\agents\RL-Agents\q_tables\exp2_vs_rational_321123.pkl,N/A,J0,30,18,18,30,25,12,13
709,q_learning,rational,C:\Users\Ramiro\Desktop\Truco-AI\game\agents\RL-Agents\q_tables\exp2_vs_rational_321123.pkl,N/A,J0,30,25,25,30,30,13,17
710,q_learning,rational,C:\Users\Ramiro\Desktop\Truco-AI\game\agents\RL-Agents\q_tables\exp2_vs_rational_321123.pkl,N/A,J1,27,30,30,27,32,15,17
711,q_learning,rational,C:\Users\Ramiro\Desktop\Truco-AI\game\agents\RL-Agents\q_tables\exp2_vs_rational_321123.pkl,N/A,J0,30,22,22,30,26,14,12
712,q_learning,rational,C:\Users\Ramiro\Desktop\Truco-AI\game\agents\RL-Agents\q_tables\exp2_vs_rational_321123.pkl,N/A,J0,30,18,18,30,24,14,10
713,q_learning,rational,C:\Users\Ramiro\Desktop\Truco-AI\game\agents\RL-Agents\q_tables\exp2_vs_rational_321123.pkl,N/A,J0,30,29,29,30,28,14,14
714,q_learning,rational,C:\Users\Ramiro\Desktop\Truco-AI\game\agents\RL-Agents\q_tables\exp2_vs_rational_321123.pkl,N/A,J0,30,13,13,30,19,12,7
715,q_learning,rational,C:\Users\Ramiro\Desktop\Truco-AI\game\agents\RL-Agents\q_tables\exp2_vs_rational_321123.pkl,N/A,J0,30,19,19,30,26,13,13
716,q_learning,rational,C:\Users\Ramiro\Desktop\Truco-AI\game\agents\RL-Agents\q_tables\exp2_vs_rational_321123.pkl,N/A,J0,30,18,18,30,28,15,13
717,q_learning,rational,C:\Users\Ramiro\Desktop\Truco-AI\game\agents\RL-Agents\q_tables\exp2_vs_rational_321123.pkl,N/A,J0,30,22,22,30,25,17,8
718,q_learning,rational,C:\Users\Ramiro\Desktop\Truco-AI\game\agents\RL-Agents\q_tables\exp2_vs_rational_321123.pkl,N/A,J0,30,20,20,30,23,13,10
719,q_learning,rational,C:\Users\Ramiro\Desktop\Truco-AI\game\agents\RL-Agents\q_tables\exp2_vs_rational_321123.pkl,N/A,J0,30,26,26,30,30,14,16
720,q_learning,rational,C:\Users\Ramiro\Desktop\Truco-AI\game\agents\RL-Agents\q_tables\exp2_vs_rational_321123.pkl,N/A,J0,30,17,17,30,23,13,10
721,q_learning,rational,C:\Users\Ramiro\Desktop\Truco-AI\game\agents\RL-Agents\q_tables\exp2_vs_rational_321123.pkl,N/A,J0,30,25,25,30,29,12,17
722,q_learning,rational,C:\Users\Ramiro\Desktop\Truco-AI\game\agents\RL-Agents\q_tables\exp2_vs_rational_321123.pkl,N/A,J0,30,12,12,30,22,14,8
723,q_learning,rational,C:\Users\Ramiro\Desktop\Truco-AI\game\agents\RL-Agents\q_tables\exp2_vs_rational_321123.pkl,N/A,J1,19,30,30,19,24,11,13
724,q_learning,rational,C:\Users\Ramiro\Desktop\Truco-AI\game\agents\RL-Agents\q_tables\exp2_vs_rational_321123.pkl,N/A,J0,30,26,26,30,30,16,14
725,q_learning,rational,C:\Users\Ramiro\Desktop\Truco-AI\game\agents\RL-Agents\q_tables\exp2_vs_rational_321123.pkl,N/A,J1,28,30,30,28,25,13,12
726,q_learning,rational,C:\Users\Ramiro\Desktop\Truco-AI\game\agents\RL-Agents\q_tables\exp2_vs_rational_321123.pkl,N/A,J0,30,20,20,30,24,15,9
727,q_learning,rational,C:\Users\Ramiro\Desktop\Truco-AI\game\agents\RL-Agents\q_tables\exp2_vs_rational_321123.pkl,N/A,J1,26,30,30,26,31,12,19
728,q_learning,rational,C:\Users\Ramiro\Desktop\Truco-AI\game\agents\RL-Agents\q_tables\exp2_vs_rational_321123.pkl,N/A,J0,30,21,21,30,23,11,12
729,q_learning,rational,C:\Users\Ramiro\Desktop\Truco-AI\game\agents\RL-Agents\q_tables\exp2_vs_rational_321123.pkl,N/A,J0,30,23,23,30,22,13,9
730,q_learning,rational,C:\Users\Ramiro\Desktop\Truco-AI\game\agents\RL-Agents\q_tables\exp2_vs_rational_321123.pkl,N/A,J0,30,20,20,30,30,15,15
731,q_learning,rational,C:\Users\Ramiro\Desktop\Truco-AI\game\agents\RL-Agents\q_tables\exp2_vs_rational_321123.pkl,N/A,J0,30,23,23,30,27,16,11
732,q_learning,rational,C:\Users\Ramiro\Desktop\Truco-AI\game\agents\RL-Agents\q_tables\exp2_vs_rational_321123.pkl,N/A,J0,30,18,18,30,23,12,11
733,q_learning,rational,C:\Users\Ramiro\Desktop\Truco-AI\game\agents\RL-Agents\q_tables\exp2_vs_rational_321123.pkl,N/A,J0,30,23,23,30,27,14,13
734,q_learning,rational,C:\Users\Ramiro\Desktop\Truco-AI\game\agents\RL-Agents\q_tables\exp2_vs_rational_321123.pkl,N/A,J0,30,28,28,30,29,15,14
735,q_learning,rational,C:\Users\Ramiro\Desktop\Truco-AI\game\agents\RL-Agents\q_tables\exp2_vs_rational_321123.pkl,N/A,J0,30,15,15,30,22,12,10
736,q_learning,rational,C:\Users\Ramiro\Desktop\Truco-AI\game\agents\RL-Agents\q_tables\exp2_vs_rational_321123.pkl,N/A,J1,28,30,30,28,30,13,17
737,q_learning,rational,C:\Users\Ramiro\Desktop\Truco-AI\game\agents\RL-Agents\q_tables\exp2_vs_rational_321123.pkl,N/A,J0,30,20,20,30,26,16,10
738,q_learning,rational,C:\Users\Ramiro\Desktop\Truco-AI\game\agents\RL-Agents\q_tables\exp2_vs_rational_321123.pkl,N/A,J1,17,30,30,17,22,8,14
739,q_learning,rational,C:\Users\Ramiro\Desktop\Truco-AI\game\agents\RL-Agents\q_tables\exp2_vs_rational_321123.pkl,N/A,J1,25,30,30,25,28,9,19
740,q_learning,rational,C:\Users\Ramiro\Desktop\Truco-AI\game\agents\RL-Agents\q_tables\exp2_vs_rational_321123.pkl,N/A,J0,30,14,14,30,24,17,7
741,q_learning,rational,C:\Users\Ramiro\Desktop\Truco-AI\game\agents\RL-Agents\q_tables\exp2_vs_rational_321123.pkl,N/A,J0,30,25,25,30,25,11,14
742,q_learning,rational,C:\Users\Ramiro\Desktop\Truco-AI\game\agents\RL-Agents\q_tables\exp2_vs_rational_321123.pkl,N/A,J0,30,16,16,30,24,13,11
743,q_learning,rational,C:\Users\Ramiro\Desktop\Truco-AI\game\agents\RL-Agents\q_tables\exp2_vs_rational_321123.pkl,N/A,J1,25,30,30,25,22,10,12
744,q_learning,rational,C:\Users\Ramiro\Desktop\Truco-AI\game\agents\RL-Agents\q_tables\exp2_vs_rational_321123.pkl,N/A,J1,24,30,30,24,30,15,15
745,q_learning,rational,C:\Users\Ramiro\Desktop\Truco-AI\game\agents\RL-Agents\q_tables\exp2_vs_rational_321123.pkl,N/A,J0,30,24,24,30,25,15,10
746,q_learning,rational,C:\Users\Ramiro\Desktop\Truco-AI\game\agents\RL-Agents\q_tables\exp2_vs_rational_321123.pkl,N/A,J0,30,21,21,30,29,16,13
747,q_learning,rational,C:\Users\Ramiro\Desktop\Truco-AI\game\agents\RL-Agents\q_tables\exp2_vs_rational_321123.pkl,N/A,J0,30,17,17,30,24,15,9
748,q_learning,rational,C:\Users\Ramiro\Desktop\Truco-AI\game\agents\RL-Agents\q_tables\exp2_vs_rational_321123.pkl,N/A,J0,30,22,22,30,25,13,12
749,q_learning,rational,C:\Users\Ramiro\Desktop\Truco-AI\game\agents\RL-Agents\q_tables\exp2_vs_rational_321123.pkl,N/A,J0,30,15,15,30,23,16,7
750,q_learning,rational,C:\Users\Ramiro\Desktop\Truco-AI\game\agents\RL-Agents\q_tables\exp2_vs_rational_321123.pkl,N/A,J0,30,26,26,30,31,14,17
751,q_learning,rational,C:\Users\Ramiro\Desktop\Truco-AI\game\agents\RL-Agents\q_tables\exp2_vs_rational_321123.pkl,N/A,J0,30,23,23,30,29,16,13
752,q_learning,rational,C:\Users\Ramiro\Desktop\Truco-AI\game\agents\RL-Agents\q_tables\exp2_vs_rational_321123.pkl,N/A,J0,30,28,28,30,25,14,11
753,q_learning,rational,C:\Users\Ramiro\Desktop\Truco-AI\game\agents\RL-Agents\q_tables\exp2_vs_rational_321123.pkl,N/A,J1,17,30,30,17,22,8,14
754,q_learning,rational,C:\Users\Ramiro\Desktop\Truco-AI\game\agents\RL-Agents\q_tables\exp2_vs_rational_321123.pkl,N/A,J1,20,30,30,20,24,8,16
755,q_learning,rational,C:\Users\Ramiro\Desktop\Truco-AI\game\agents\RL-Agents\q_tables\exp2_vs_rational_321123.pkl,N/A,J0,30,29,29,30,27,14,13
756,q_learning,rational,C:\Users\Ramiro\Desktop\Truco-AI\game\agents\RL-Agents\q_tables\exp2_vs_rational_321123.pkl,N/A,J1,27,30,30,27,35,14,21
757,q_learning,rational,C:\Users\Ramiro\Desktop\Truco-AI\game\agents\RL-Agents\q_tables\exp2_vs_rational_321123.pkl,N/A,J0,30,24,24,30,28,17,11
758,q_learning,rational,C:\Users\Ramiro\Desktop\Truco-AI\game\agents\RL-Agents\q_tables\exp2_vs_rational_321123.pkl,N/A,J0,30,24,24,30,25,13,12
759,q_learning,rational,C:\Users\Ramiro\Desktop\Truco-AI\game\agents\RL-Agents\q_tables\exp2_vs_rational_321123.pkl,N/A,J0,30,25,25,30,28,12,16
760,q_learning,rational,C:\Users\Ramiro\Desktop\Truco-AI\game\agents\RL-Agents\q_tables\exp2_vs_rational_321123.pkl,N/A,J0,30,12,12,30,20,10,10
761,q_learning,rational,C:\Users\Ramiro\Desktop\Truco-AI\game\agents\RL-Agents\q_tables\exp2_vs_rational_321123.pkl,N/A,J1,27,30,30,27,31,16,15
762,q_learning,rational,C:\Users\Ramiro\Desktop\Truco-AI\game\agents\RL-Agents\q_tables\exp2_vs_rational_321123.pkl,N/A,J0,30,28,28,30,26,12,14
763,q_learning,rational,C:\Users\Ramiro\Desktop\Truco-AI\game\agents\RL-Agents\q_tables\exp2_vs_rational_321123.pkl,N/A,J1,29,30,30,29,33,16,17
764,q_learning,rational,C:\Users\Ramiro\Desktop\Truco-AI\game\agents\RL-Agents\q_tables\exp2_vs_rational_321123.pkl,N/A,J0,30,20,20,30,29,17,12
765,q_learning,rational,C:\Users\Ramiro\Desktop\Truco-AI\game\agents\RL-Agents\q_tables\exp2_vs_rational_321123.pkl,N/A,J0,30,13,13,30,20,12,8
766,q_learning,rational,C:\Users\Ramiro\Desktop\Truco-AI\game\agents\RL-Agents\q_tables\exp2_vs_rational_321123.pkl,N/A,J1,27,30,30,27,28,11,17
767,q_learning,rational,C:\Users\Ramiro\Desktop\Truco-AI\game\agents\RL-Agents\q_tables\exp2_vs_rational_321123.pkl,N/A,J1,20,30,30,20,23,9,14
768,q_learning,rational,C:\Users\Ramiro\Desktop\Truco-AI\game\agents\RL-Agents\q_tables\exp2_vs_rational_321123.pkl,N/A,J0,30,22,22,30,24,14,10
769,q_learning,rational,C:\Users\Ramiro\Desktop\Truco-AI\game\agents\RL-Agents\q_tables\exp2_vs_rational_321123.pkl,N/A,J1,9,30,30,9,20,3,17
770,q_learning,rational,C:\Users\Ramiro\Desktop\Truco-AI\game\agents\RL-Agents\q_tables\exp2_vs_rational_321123.pkl,N/A,J0,30,17,17,30,24,13,11
771,q_learning,rational,C:\Users\Ramiro\Desktop\Truco-AI\game\agents\RL-Agents\q_tables\exp2_vs_rational_321123.pkl,N/A,J0,30,21,21,30,20,9,11
772,q_learning,rational,C:\Users\Ramiro\Desktop\Truco-AI\game\agents\RL-Agents\q_tables\exp2_vs_rational_321123.pkl,N/A,J1,22,30,30,22,20,6,14
773,q_learning,rational,C:\Users\Ramiro\Desktop\Truco-AI\game\agents\RL-Agents\q_tables\exp2_vs_rational_321123.pkl,N/A,J1,25,30,30,25,28,12,16
774,q_learning,rational,C:\Users\Ramiro\Desktop\Truco-AI\game\agents\RL-Agents\q_tables\exp2_vs_rational_321123.pkl,N/A,J1,24,30,30,24,27,13,14
775,q_learning,rational,C:\Users\Ramiro\Desktop\Truco-AI\game\agents\RL-Agents\q_tables\exp2_vs_rational_321123.pkl,N/A,J0,30,28,28,30,27,14,13
776,q_learning,rational,C:\Users\Ramiro\Desktop\Truco-AI\game\agents\RL-Agents\q_tables\exp2_vs_rational_321123.pkl,N/A,J0,30,26,26,30,30,14,16
777,q_learning,rational,C:\Users\Ramiro\Desktop\Truco-AI\game\agents\RL-Agents\q_tables\exp2_vs_rational_321123.pkl,N/A,J0,30,17,17,30,22,11,11
778,q_learning,rational,C:\Users\Ramiro\Desktop\Truco-AI\game\agents\RL-Agents\q_tables\exp2_vs_rational_321123.pkl,N/A,J0,30,23,23,30,28,11,17
779,q_learning,rational,C:\Users\Ramiro\Desktop\Truco-AI\game\agents\RL-Agents\q_tables\exp2_vs_rational_321123.pkl,N/A,J1,22,30,30,22,25,12,13
780,q_learning,rational,C:\Users\Ramiro\Desktop\Truco-AI\game\agents\RL-Agents\q_tables\exp2_vs_rational_321123.pkl,N/A,J1,24,30,30,24,26,12,14
781,q_learning,rational,C:\Users\Ramiro\Desktop\Truco-AI\game\agents\RL-Agents\q_tables\exp2_vs_rational_321123.pkl,N/A,J0,30,26,26,30,29,15,14
782,q_learning,rational,C:\Users\Ramiro\Desktop\Truco-AI\game\agents\RL-Agents\q_tables\exp2_vs_rational_321123.pkl,N/A,J0,30,20,20,30,22,14,8
783,q_learning,rational,C:\Users\Ramiro\Desktop\Truco-AI\game\agents\RL-Agents\q_tables\exp2_vs_rational_321123.pkl,N/A,J1,24,30,30,24,29,11,18
784,q_learning,rational,C:\Users\Ramiro\Desktop\Truco-AI\game\agents\RL-Agents\q_tables\exp2_vs_rational_321123.pkl,N/A,J0,30,20,20,30,28,12,16
785,q_learning,rational,C:\Users\Ramiro\Desktop\Truco-AI\game\agents\RL-Agents\q_tables\exp2_vs_rational_321123.pkl,N/A,J0,30,26,26,30,29,13,16
786,q_learning,rational,C:\Users\Ramiro\Desktop\Truco-AI\game\agents\RL-Agents\q_tables\exp2_vs_rational_321123.pkl,N/A,J0,30,26,26,30,26,10,16
787,q_learning,rational,C:\Users\Ramiro\Desktop\Truco-AI\game\agents\RL-Agents\q_tables\exp2_vs_rational_321123.pkl,N/A,J0,30,25,25,30,24,12,12
788,q_learning,rational,C:\Users\Ramiro\Desktop\Truco-AI\game\agents\RL-Agents\q_tables\exp2_vs_rational_321123.pkl,N/A,J1,29,30,30,29,29,15,14
789,q_learning,rational,C:\Users\Ramiro\Desktop\Truco-AI\game\agents\RL-Agents\q_tables\exp2_vs_rational_321123.pkl,N/A,J1,19,30,30,19,23,10,13
790,q_learning,rational,C:\Users\Ramiro\Desktop\Truco-AI\game\agents\RL-Agents\q_tables\exp2_vs_rational_321123.pkl,N/A,J0,30,12,12,30,23,15,8
791,q_learning,rational,C:\Users\Ramiro\Desktop\Truco-AI\game\agents\RL-Agents\q_tables\exp2_vs_rational_321123.pkl,N/A,J0,30,21,21,30,27,16,11
792,q_learning,rational,C:\Users\Ramiro\Desktop\Truco-AI\game\agents\RL-Agents\q_tables\exp2_vs_rational_321123.pkl,N/A,J0,30,23,23,30,24,17,7
793,q_learning,rational,C:\Users\Ramiro\Desktop\Truco-AI\game\agents\RL-Agents\q_tables\exp2_vs_rational_321123.pkl,N/A,J0,30,28,28,30,29,14,15
794,q_learning,rational,C:\Users\Ramiro\Desktop\Truco-AI\game\agents\RL-Agents\q_tables\exp2_vs_rational_321123.pkl,N/A,J1,11,30,30,11,20,7,13
795,q_learning,rational,C:\Users\Ramiro\Desktop\Truco-AI\game\agents\RL-Agents\q_tables\exp2_vs_rational_321123.pkl,N/A,J1,26,30,30,26,34,13,21
796,q_learning,rational,C:\Users\Ramiro\Desktop\Truco-AI\game\agents\RL-Agents\q_tables\exp2_vs_rational_321123.pkl,N/A,J0,30,26,26,30,30,10,20
797,q_learning,rational,C:\Users\Ramiro\Desktop\Truco-AI\game\agents\RL-Agents\q_tables\exp2_vs_rational_321123.pkl,N/A,J0,30,24,24,30,27,15,12
798,q_learning,rational,C:\Users\Ramiro\Desktop\Truco-AI\game\agents\RL-Agents\q_tables\exp2_vs_rational_321123.pkl,N/A,J1,18,30,30,18,23,10,13
799,q_learning,rational,C:\Users\Ramiro\Desktop\Truco-AI\game\agents\RL-Agents\q_tables\exp2_vs_rational_321123.pkl,N/A,J1,27,30,30,27,24,13,11
800,q_learning,rational,C:\Users\Ramiro\Desktop\Truco-AI\game\agents\RL-Agents\q_tables\exp2_vs_rational_321123.pkl,N/A,J0,30,25,25,30,29,18,11
801,q_learning,rational,C:\Users\Ramiro\Desktop\Truco-AI\game\agents\RL-Agents\q_tables\exp2_vs_rational_321123.pkl,N/A,J1,24,30,30,24,27,8,19
802,q_learning,rational,C:\Users\Ramiro\Desktop\Truco-AI\game\agents\RL-Agents\q_tables\exp2_vs_rational_321123.pkl,N/A,J1,22,30,30,22,24,8,16
803,q_learning,rational,C:\Users\Ramiro\Desktop\Truco-AI\game\agents\RL-Agents\q_tables\exp2_vs_rational_321123.pkl,N/A,J0,30,16,16,30,25,13,12
804,q_learning,rational,C:\Users\Ramiro\Desktop\Truco-AI\game\agents\RL-Agents\q_tables\exp2_vs_rational_321123.pkl,N/A,J1,27,30,30,27,28,14,14
805,q_learning,rational,C:\Users\Ramiro\Desktop\Truco-AI\game\agents\RL-Agents\q_tables\exp2_vs_rational_321123.pkl,N/A,J0,30,23,23,30,30,16,14
806,q_learning,rational,C:\Users\Ramiro\Desktop\Truco-AI\game\agents\RL-Agents\q_tables\exp2_vs_rational_321123.pkl,N/A,J0,30,28,28,30,34,14,20
807,q_learning,rational,C:\Users\Ramiro\Desktop\Truco-AI\game\agents\RL-Agents\q_tables\exp2_vs_rational_321123.pkl,N/A,J1,12,30,30,12,22,7,15
808,q_learning,rational,C:\Users\Ramiro\Desktop\Truco-AI\game\agents\RL-Agents\q_tables\exp2_vs_rational_321123.pkl,N/A,J0,30,27,27,30,31,15,16
809,q_learning,rational,C:\Users\Ramiro\Desktop\Truco-AI\game\agents\RL-Agents\q_tables\exp2_vs_rational_321123.pkl,N/A,J1,20,30,30,20,30,11,19
810,q_learning,rational,C:\Users\Ramiro\Desktop\Truco-AI\game\agents\RL-Agents\q_tables\exp2_vs_rational_321123.pkl,N/A,J0,30,20,20,30,28,17,11
811,q_learning,rational,C:\Users\Ramiro\Desktop\Truco-AI\game\agents\RL-Agents\q_tables\exp2_vs_rational_321123.pkl,N/A,J0,30,26,26,30,26,10,16
812,q_learning,rational,C:\Users\Ramiro\Desktop\Truco-AI\game\agents\RL-Agents\q_tables\exp2_vs_rational_321123.pkl,N/A,J0,30,26,26,30,34,16,18
813,q_learning,rational,C:\Users\Ramiro\Desktop\Truco-AI\game\agents\RL-Agents\q_tables\exp2_vs_rational_321123.pkl,N/A,J1,24,30,30,24,31,16,15
814,q_learning,rational,C:\Users\Ramiro\Desktop\Truco-AI\game\agents\RL-Agents\q_tables\exp2_vs_rational_321123.pkl,N/A,J0,30,23,23,30,24,13,11
815,q_learning,rational,C:\Users\Ramiro\Desktop\Truco-AI\game\agents\RL-Agents\q_tables\exp2_vs_rational_321123.pkl,N/A,J0,30,23,23,30,27,12,15
816,q_learning,rational,C:\Users\Ramiro\Desktop\Truco-AI\game\agents\RL-Agents\q_tables\exp2_vs_rational_321123.pkl,N/A,J1,22,30,30,22,30,11,19
817,q_learning,rational,C:\Users\Ramiro\Desktop\Truco-AI\game\agents\RL-Agents\q_tables\exp2_vs_rational_321123.pkl,N/A,J0,30,25,25,30,21,13,8
818,q_learning,rational,C:\Users\Ramiro\Desktop\Truco-AI\game\agents\RL-Agents\q_tables\exp2_vs_rational_321123.pkl,N/A,J0,30,20,20,30,25,14,11
819,q_learning,rational,C:\Users\Ramiro\Desktop\Truco-AI\game\agents\RL-Agents\q_tables\exp2_vs_rational_321123.pkl,N/A,J0,30,21,21,30,24,13,11
820,q_learning,rational,C:\Users\Ramiro\Desktop\Truco-AI\game\agents\RL-Agents\q_tables\exp2_vs_rational_321123.pkl,N/A,J0,30,27,27,30,29,13,16
821,q_learning,rational,C:\Users\Ramiro\Desktop\Truco-AI\game\agents\RL-Agents\q_tables\exp2_vs_rational_321123.pkl,N/A,J0,30,17,17,30,23,18,5
822,q_learning,rational,C:\Users\Ramiro\Desktop\Truco-AI\game\agents\RL-Agents\q_tables\exp2_vs_rational_321123.pkl,N/A,J0,30,26,26,30,33,16,17
823,q_learning,rational,C:\Users\Ramiro\Desktop\Truco-AI\game\agents\RL-Agents\q_tables\exp2_vs_rational_321123.pkl,N/A,J0,30,18,18,30,27,16,11
824,q_learning,rational,C:\Users\Ramiro\Desktop\Truco-AI\game\agents\RL-Agents\q_tables\exp2_vs_rational_321123.pkl,N/A,J1,19,30,30,19,23,11,12
825,q_learning,rational,C:\Users\Ramiro\Desktop\Truco-AI\game\agents\RL-Agents\q_tables\exp2_vs_rational_321123.pkl,N/A,J1,25,30,30,25,26,11,15
826,q_learning,rational,C:\Users\Ramiro\Desktop\Truco-AI\game\agents\RL-Agents\q_tables\exp2_vs_rational_321123.pkl,N/A,J0,30,26,26,30,30,14,16
827,q_learning,rational,C:\Users\Ramiro\Desktop\Truco-AI\game\agents\RL-Agents\q_tables\exp2_vs_rational_321123.pkl,N/A,J0,30,17,17,30,25,16,9
828,q_learning,rational,C:\Users\Ramiro\Desktop\Truco-AI\game\agents\RL-Agents\q_tables\exp2_vs_rational_321123.pkl,N/A,J0,30,26,26,30,29,12,17
829,q_learning,rational,C:\Users\Ramiro\Desktop\Truco-AI\game\agents\RL-Agents\q_tables\exp2_vs_rational_321123.pkl,N/A,J1,21,30,30,21,27,10,17
830,q_learning,rational,C:\Users\Ramiro\Desktop\Truco-AI\game\agents\RL-Agents\q_tables\exp2_vs_rational_321123.pkl,N/A,J1,25,30,30,25,28,14,14
831,q_learning,rational,C:\Users\Ramiro\Desktop\Truco-AI\game\agents\RL-Agents\q_tables\exp2_vs_rational_321123.pkl,N/A,J1,26,30,30,26,27,12,15
832,q_learning,rational,C:\Users\Ramiro\Desktop\Truco-AI\game\agents\RL-Agents\q_tables\exp2_vs_rational_321123.pkl,N/A,J0,30,14,14,30,26,16,10
833,q_learning,rational,C:\Users\Ramiro\Desktop\Truco-AI\game\agents\RL-Agents\q_tables\exp2_vs_rational_321123.pkl,N/A,J1,21,30,30,21,23,10,13
834,q_learning,rational,C:\Users\Ramiro\Desktop\Truco-AI\game\agents\RL-Agents\q_tables\exp2_vs_rational_321123.pkl,N/A,J0,30,16,16,30,25,14,11
835,q_learning,rational,C:\Users\Ramiro\Desktop\Truco-AI\game\agents\RL-Agents\q_tables\exp2_vs_rational_321123.pkl,N/A,J1,28,30,30,28,29,13,16
836,q_learning,rational,C:\Users\Ramiro\Desktop\Truco-AI\game\agents\RL-Agents\q_tables\exp2_vs_rational_321123.pkl,N/A,J1,17,30,30,17,24,10,14
837,q_learning,rational,C:\Users\Ramiro\Desktop\Truco-AI\game\agents\RL-Agents\q_tables\exp2_vs_rational_321123.pkl,N/A,J0,30,16,16,30,26,15,11
838,q_learning,rational,C:\Users\Ramiro\Desktop\Truco-AI\game\agents\RL-Agents\q_tables\exp2_vs_rational_321123.pkl,N/A,J0,30,21,21,30,26,16,10
839,q_learning,rational,C:\Users\Ramiro\Desktop\Truco-AI\game\agents\RL-Agents\q_tables\exp2_vs_rational_321123.pkl,N/A,J0,30,26,26,30,32,14,18
840,q_learning,rational,C:\Users\Ramiro\Desktop\Truco-AI\game\agents\RL-Agents\q_tables\exp2_vs_rational_321123.pkl,N/A,J0,30,23,23,30,23,11,12
841,q_learning,rational,C:\Users\Ramiro\Desktop\Truco-AI\game\agents\RL-Agents\q_tables\exp2_vs_rational_321123.pkl,N/A,J0,30,28,28,30,31,16,15
842,q_learning,rational,C:\Users\Ramiro\Desktop\Truco-AI\game\agents\RL-Agents\q_tables\exp2_vs_rational_321123.pkl,N/A,J0,30,25,25,30,25,12,13
843,q_learning,rational,C:\Users\Ramiro\Desktop\Truco-AI\game\agents\RL-Agents\q_tables\exp2_vs_rational_321123.pkl,N/A,J0,30,18,18,30,24,12,12
844,q_learning,rational,C:\Users\Ramiro\Desktop\Truco-AI\game\agents\RL-Agents\q_tables\exp2_vs_rational_321123.pkl,N/A,J1,16,30,30,16,22,9,13
845,q_learning,rational,C:\Users\Ramiro\Desktop\Truco-AI\game\agents\RL-Agents\q_tables\exp2_vs_rational_321123.pkl,N/A,J0,30,29,29,30,26,14,12
846,q_learning,rational,C:\Users\Ramiro\Desktop\Truco-AI\game\agents\RL-Agents\q_tables\exp2_vs_rational_321123.pkl,N/A,J0,30,20,20,30,24,13,11
847,q_learning,rational,C:\Users\Ramiro\Desktop\Truco-AI\game\agents\RL-Agents\q_tables\exp2_vs_rational_321123.pkl,N/A,J0,30,26,26,30,27,14,13
848,q_learning,rational,C:\Users\Ramiro\Desktop\Truco-AI\game\agents\RL-Agents\q_tables\exp2_vs_rational_321123.pkl,N/A,J1,21,30,30,21,29,10,19
849,q_learning,rational,C:\Users\Ramiro\Desktop\Truco-AI\game\agents\RL-Agents\q_tables\exp2_vs_rational_321123.pkl,N/A,J0,30,24,24,30,26,16,10
850,q_learning,rational,C:\Users\Ramiro\Desktop\Truco-AI\game\agents\RL-Agents\q_tables\exp2_vs_rational_321123.pkl,N/A,J0,30,24,24,30,30,16,14
851,q_learning,rational,C:\Users\Ramiro\Desktop\Truco-AI\game\agents\RL-Agents\q_tables\exp2_vs_rational_321123.pkl,N/A,J0,30,29,29,30,31,15,16
852,q_learning,rational,C:\Users\Ramiro\Desktop\Truco-AI\game\agents\RL-Agents\q_tables\exp2_vs_rational_321123.pkl,N/A,J0,30,18,18,30,27,13,14
853,q_learning,rational,C:\Users\Ramiro\Desktop\Truco-AI\game\agents\RL-Agents\q_tables\exp2_vs_rational_321123.pkl,N/A,J1,26,30,30,26,29,14,15
854,q_learning,rational,C:\Users\Ramiro\Desktop\Truco-AI\game\agents\RL-Agents\q_tables\exp2_vs_rational_321123.pkl,N/A,J0,30,29,29,30,33,17,16
855,q_learning,rational,C:\Users\Ramiro\Desktop\Truco-AI\game\agents\RL-Agents\q_tables\exp2_vs_rational_321123.pkl,N/A,J1,27,30,30,27,29,12,17
856,q_learning,rational,C:\Users\Ramiro\Desktop\Truco-AI\game\agents\RL-Agents\q_tables\exp2_vs_rational_321123.pkl,N/A,J1,13,30,30,13,19,5,14
857,q_learning,rational,C:\Users\Ramiro\Desktop\Truco-AI\game\agents\RL-Agents\q_tables\exp2_vs_rational_321123.pkl,N/A,J0,30,26,26,30,28,14,14
858,q_learning,rational,C:\Users\Ramiro\Desktop\Truco-AI\game\agents\RL-Agents\q_tables\exp2_vs_rational_321123.pkl,N/A,J0,30,14,14,30,26,14,12
859,q_learning,rational,C:\Users\Ramiro\Desktop\Truco-AI\game\agents\RL-Agents\q_tables\exp2_vs_rational_321123.pkl,N/A,J0,30,17,17,30,21,14,7
860,q_learning,rational,C:\Users\Ramiro\Desktop\Truco-AI\game\agents\RL-Agents\q_tables\exp2_vs_rational_321123.pkl,N/A,J0,30,26,26,30,30,13,17
861,q_learning,rational,C:\Users\Ramiro\Desktop\Truco-AI\game\agents\RL-Agents\q_tables\exp2_vs_rational_321123.pkl,N/A,J0,30,19,19,30,26,16,10
862,q_learning,rational,C:\Users\Ramiro\Desktop\Truco-AI\game\agents\RL-Agents\q_tables\exp2_vs_rational_321123.pkl,N/A,J0,30,20,20,30,27,13,14
863,q_learning,rational,C:\Users\Ramiro\Desktop\Truco-AI\game\agents\RL-Agents\q_tables\exp2_vs_rational_321123.pkl,N/A,J0,30,20,20,30,28,17,11
864,q_learning,rational,C:\Users\Ramiro\Desktop\Truco-AI\game\agents\RL-Agents\q_tables\exp2_vs_rational_321123.pkl,N/A,J0,30,26,26,30,28,15,13
865,q_learning,rational,C:\Users\Ramiro\Desktop\Truco-AI\game\agents\RL-Agents\q_tables\exp2_vs_rational_321123.pkl,N/A,J0,30,16,16,30,22,14,8
866,q_learning,rational,C:\Users\Ramiro\Desktop\Truco-AI\game\agents\RL-Agents\q_tables\exp2_vs_rational_321123.pkl,N/A,J0,30,9,9,30,20,13,7
867,q_learning,rational,C:\Users\Ramiro\Desktop\Truco-AI\game\agents\RL-Agents\q_tables\exp2_vs_rational_321123.pkl,N/A,J0,30,19,19,30,28,14,14
868,q_learning,rational,C:\Users\Ramiro\Desktop\Truco-AI\game\agents\RL-Agents\q_tables\exp2_vs_rational_321123.pkl,N/A,J0,30,15,15,30,24,18,6
869,q_learning,rational,C:\Users\Ramiro\Desktop\Truco-AI\game\agents\RL-Agents\q_tables\exp2_vs_rational_321123.pkl,N/A,J0,30,22,22,30,28,15,13
870,q_learning,rational,C:\Users\Ramiro\Desktop\Truco-AI\game\agents\RL-Agents\q_tables\exp2_vs_rational_321123.pkl,N/A,J1,22,30,30,22,25,11,14
871,q_learning,rational,C:\Users\Ramiro\Desktop\Truco-AI\game\agents\RL-Agents\q_tables\exp2_vs_rational_321123.pkl,N/A,J1,29,30,30,29,30,18,12
872,q_learning,rational,C:\Users\Ramiro\Desktop\Truco-AI\game\agents\RL-Agents\q_tables\exp2_vs_rational_321123.pkl,N/A,J1,23,30,30,23,25,9,16
873,q_learning,rational,C:\Users\Ramiro\Desktop\Truco-AI\game\agents\RL-Agents\q_tables\exp2_vs_rational_321123.pkl,N/A,J0,30,11,11,30,23,17,6
874,q_learning,rational,C:\Users\Ramiro\Desktop\Truco-AI\game\agents\RL-Agents\q_tables\exp2_vs_rational_321123.pkl,N/A,J0,30,17,17,30,21,11,10
875,q_learning,rational,C:\Users\Ramiro\Desktop\Truco-AI\game\agents\RL-Agents\q_tables\exp2_vs_rational_321123.pkl,N/A,J0,30,20,20,30,26,14,12
876,q_learning,rational,C:\Users\Ramiro\Desktop\Truco-AI\game\agents\RL-Agents\q_tables\exp2_vs_rational_321123.pkl,N/A,J1,27,30,30,27,28,13,15
877,q_learning,rational,C:\Users\Ramiro\Desktop\Truco-AI\game\agents\RL-Agents\q_tables\exp2_vs_rational_321123.pkl,N/A,J0,30,26,26,30,31,14,17
878,q_learning,rational,C:\Users\Ramiro\Desktop\Truco-AI\game\agents\RL-Agents\q_tables\exp2_vs_rational_321123.pkl,N/A,J0,30,28,28,30,28,13,15
879,q_learning,rational,C:\Users\Ramiro\Desktop\Truco-AI\game\agents\RL-Agents\q_tables\exp2_vs_rational_321123.pkl,N/A,J0,30,22,22,30,28,17,11
880,q_learning,rational,C:\Users\Ramiro\Desktop\Truco-AI\game\agents\RL-Agents\q_tables\exp2_vs_rational_321123.pkl,N/A,J1,28,30,30,28,29,14,15
881,q_learning,rational,C:\Users\Ramiro\Desktop\Truco-AI\game\agents\RL-Agents\q_tables\exp2_vs_rational_321123.pkl,N/A,J1,29,30,30,29,28,14,14
882,q_learning,rational,C:\Users\Ramiro\Desktop\Truco-AI\game\agents\RL-Agents\q_tables\exp2_vs_rational_321123.pkl,N/A,J0,30,25,25,30,30,13,17
883,q_learning,rational,C:\Users\Ramiro\Desktop\Truco-AI\game\agents\RL-Agents\q_tables\exp2_vs_rational_321123.pkl,N/A,J0,30,17,17,30,24,12,12
884,q_learning,rational,C:\Users\Ramiro\Desktop\Truco-AI\game\agents\RL-Agents\q_tables\exp2_vs_rational_321123.pkl,N/A,J1,17,30,30,17,24,8,16
885,q_learning,rational,C:\Users\Ramiro\Desktop\Truco-AI\game\agents\RL-Agents\q_tables\exp2_vs_rational_321123.pkl,N/A,J0,30,23,23,30,25,15,10
886,q_learning,rational,C:\Users\Ramiro\Desktop\Truco-AI\game\agents\RL-Agents\q_tables\exp2_vs_rational_321123.pkl,N/A,J0,30,19,19,30,22,13,9
887,q_learning,rational,C:\Users\Ramiro\Desktop\Truco-AI\game\agents\RL-Agents\q_tables\exp2_vs_rational_321123.pkl,N/A,J0,30,16,16,30,27,17,10
888,q_learning,rational,C:\Users\Ramiro\Desktop\Truco-AI\game\agents\RL-Agents\q_tables\exp2_vs_rational_321123.pkl,N/A,J0,30,26,26,30,26,13,13
889,q_learning,rational,C:\Users\Ramiro\Desktop\Truco-AI\game\agents\RL-Agents\q_tables\exp2_vs_rational_321123.pkl,N/A,J0,30,19,19,30,25,12,13
890,q_learning,rational,C:\Users\Ramiro\Desktop\Truco-AI\game\agents\RL-Agents\q_tables\exp2_vs_rational_321123.pkl,N/A,J0,30,23,23,30,24,13,11
891,q_learning,rational,C:\Users\Ramiro\Desktop\Truco-AI\game\agents\RL-Agents\q_tables\exp2_vs_rational_321123.pkl,N/A,J1,14,30,30,14,19,7,12
892,q_learning,rational,C:\Users\Ramiro\Desktop\Truco-AI\game\agents\RL-Agents\q_tables\exp2_vs_rational_321123.pkl,N/A,J0,30,25,25,30,27,17,10
893,q_learning,rational,C:\Users\Ramiro\Desktop\Truco-AI\game\agents\RL-Agents\q_tables\exp2_vs_rational_321123.pkl,N/A,J0,30,21,21,30,31,15,16
894,q_learning,rational,C:\Users\Ramiro\Desktop\Truco-AI\game\agents\RL-Agents\q_tables\exp2_vs_rational_321123.pkl,N/A,J0,30,14,14,30,27,18,9
895,q_learning,rational,C:\Users\Ramiro\Desktop\Truco-AI\game\agents\RL-Agents\q_tables\exp2_vs_rational_321123.pkl,N/A,J0,30,27,27,30,29,10,19
896,q_learning,rational,C:\Users\Ramiro\Desktop\Truco-AI\game\agents\RL-Agents\q_tables\exp2_vs_rational_321123.pkl,N/A,J0,30,28,28,30,32,13,19
897,q_learning,rational,C:\Users\Ramiro\Desktop\Truco-AI\game\agents\RL-Agents\q_tables\exp2_vs_rational_321123.pkl,N/A,J0,30,21,21,30,24,13,11
898,q_learning,rational,C:\Users\Ramiro\Desktop\Truco-AI\game\agents\RL-Agents\q_tables\exp2_vs_rational_321123.pkl,N/A,J0,30,21,21,30,27,15,12
899,q_learning,rational,C:\Users\Ramiro\Desktop\Truco-AI\game\agents\RL-Agents\q_tables\exp2_vs_rational_321123.pkl,N/A,J1,29,30,30,29,31,14,17
900,q_learning,rational,C:\Users\Ramiro\Desktop\Truco-AI\game\agents\RL-Agents\q_tables\exp2_vs_rational_321123.pkl,N/A,J0,30,9,9,30,19,15,4
901,q_learning,rational,C:\Users\Ramiro\Desktop\Truco-AI\game\agents\RL-Agents\q_tables\exp2_vs_rational_321123.pkl,N/A,J0,30,25,25,30,27,12,15
902,q_learning,rational,C:\Users\Ramiro\Desktop\Truco-AI\game\agents\RL-Agents\q_tables\exp2_vs_rational_321123.pkl,N/A,J0,30,24,24,30,28,15,13
903,q_learning,rational,C:\Users\Ramiro\Desktop\Truco-AI\game\agents\RL-Agents\q_tables\exp2_vs_rational_321123.pkl,N/A,J0,30,20,20,30,24,12,12
904,q_learning,rational,C:\Users\Ramiro\Desktop\Truco-AI\game\agents\RL-Agents\q_tables\exp2_vs_rational_321123.pkl,N/A,J0,30,22,22,30,25,11,14
905,q_learning,rational,C:\Users\Ramiro\Desktop\Truco-AI\game\agents\RL-Agents\q_tables\exp2_vs_rational_321123.pkl,N/A,J1,26,30,30,26,31,16,15
906,q_learning,rational,C:\Users\Ramiro\Desktop\Truco-AI\game\agents\RL-Agents\q_tables\exp2_vs_rational_321123.pkl,N/A,J0,30,28,28,30,31,12,19
907,q_learning,rational,C:\Users\Ramiro\Desktop\Truco-AI\game\agents\RL-Agents\q_tables\exp2_vs_rational_321123.pkl,N/A,J0,30,18,18,30,22,13,9
908,q_learning,rational,C:\Users\Ramiro\Desktop\Truco-AI\game\agents\RL-Agents\q_tables\exp2_vs_rational_321123.pkl,N/A,J0,30,24,24,30,29,16,13
909,q_learning,rational,C:\Users\Ramiro\Desktop\Truco-AI\game\agents\RL-Agents\q_tables\exp2_vs_rational_321123.pkl,N/A,J0,30,20,20,30,21,13,8
910,q_learning,rational,C:\Users\Ramiro\Desktop\Truco-AI\game\agents\RL-Agents\q_tables\exp2_vs_rational_321123.pkl,N/A,J1,22,30,30,22,23,8,15
911,q_learning,rational,C:\Users\Ramiro\Desktop\Truco-AI\game\agents\RL-Agents\q_tables\exp2_vs_rational_321123.pkl,N/A,J1,20,30,30,20,26,9,17
912,q_learning,rational,C:\Users\Ramiro\Desktop\Truco-AI\game\agents\RL-Agents\q_tables\exp2_vs_rational_321123.pkl,N/A,J0,30,18,18,30,29,16,13
913,q_learning,rational,C:\Users\Ramiro\Desktop\Truco-AI\game\agents\RL-Agents\q_tables\exp2_vs_rational_321123.pkl,N/A,J1,19,30,30,19,25,12,13
914,q_learning,rational,C:\Users\Ramiro\Desktop\Truco-AI\game\agents\RL-Agents\q_tables\exp2_vs_rational_321123.pkl,N/A,J0,30,17,17,30,27,15,12
915,q_learning,rational,C:\Users\Ramiro\Desktop\Truco-AI\game\agents\RL-Agents\q_tables\exp2_vs_rational_321123.pkl,N/A,J0,30,18,18,30,25,13,12
916,q_learning,rational,C:\Users\Ramiro\Desktop\Truco-AI\game\agents\RL-Agents\q_tables\exp2_vs_rational_321123.pkl,N/A,J0,30,19,19,30,27,18,9
917,q_learning,rational,C:\Users\Ramiro\Desktop\Truco-AI\game\agents\RL-Agents\q_tables\exp2_vs_rational_321123.pkl,N/A,J0,30,24,24,30,29,15,14
918,q_learning,rational,C:\Users\Ramiro\Desktop\Truco-AI\game\agents\RL-Agents\q_tables\exp2_vs_rational_321123.pkl,N/A,J0,30,20,20,30,24,10,14
919,q_learning,rational,C:\Users\Ramiro\Desktop\Truco-AI\game\agents\RL-Agents\q_tables\exp2_vs_rational_321123.pkl,N/A,J0,30,24,24,30,27,15,12
920,q_learning,rational,C:\Users\Ramiro\Desktop\Truco-AI\game\agents\RL-Agents\q_tables\exp2_vs_rational_321123.pkl,N/A,J0,30,19,19,30,24,12,12
921,q_learning,rational,C:\Users\Ramiro\Desktop\Truco-AI\game\agents\RL-Agents\q_tables\exp2_vs_rational_321123.pkl,N/A,J0,30,22,22,30,27,13,14
922,q_learning,rational,C:\Users\Ramiro\Desktop\Truco-AI\game\agents\RL-Agents\q_tables\exp2_vs_rational_321123.pkl,N/A,J0,30,25,25,30,31,13,18
923,q_learning,rational,C:\Users\Ramiro\Desktop\Truco-AI\game\agents\RL-Agents\q_tables\exp2_vs_rational_321123.pkl,N/A,J0,30,17,17,30,27,13,14
924,q_learning,rational,C:\Users\Ramiro\Desktop\Truco-AI\game\agents\RL-Agents\q_tables\exp2_vs_rational_321123.pkl,N/A,J0,30,18,18,30,29,14,15
925,q_learning,rational,C:\Users\Ramiro\Desktop\Truco-AI\game\agents\RL-Agents\q_tables\exp2_vs_rational_321123.pkl,N/A,J0,30,26,26,30,28,15,13
926,q_learning,rational,C:\Users\Ramiro\Desktop\Truco-AI\game\agents\RL-Agents\q_tables\exp2_vs_rational_321123.pkl,N/A,J0,30,13,13,30,19,13,6
927,q_learning,rational,C:\Users\Ramiro\Desktop\Truco-AI\game\agents\RL-Agents\q_tables\exp2_vs_rational_321123.pkl,N/A,J1,27,30,30,27,28,12,16
928,q_learning,rational,C:\Users\Ramiro\Desktop\Truco-AI\game\agents\RL-Agents\q_tables\exp2_vs_rational_321123.pkl,N/A,J0,30,25,25,30,27,11,16
929,q_learning,rational,C:\Users\Ramiro\Desktop\Truco-AI\game\agents\RL-Agents\q_tables\exp2_vs_rational_321123.pkl,N/A,J0,30,21,21,30,28,15,13
930,q_learning,rational,C:\Users\Ramiro\Desktop\Truco-AI\game\agents\RL-Agents\q_tables\exp2_vs_rational_321123.pkl,N/A,J1,22,30,30,22,25,9,16
931,q_learning,rational,C:\Users\Ramiro\Desktop\Truco-AI\game\agents\RL-Agents\q_tables\exp2_vs_rational_321123.pkl,N/A,J0,30,26,26,30,28,8,20
932,q_learning,rational,C:\Users\Ramiro\Desktop\Truco-AI\game\agents\RL-Agents\q_tables\exp2_vs_rational_321123.pkl,N/A,J0,30,26,26,30,33,15,18
933,q_learning,rational,C:\Users\Ramiro\Desktop\Truco-AI\game\agents\RL-Agents\q_tables\exp2_vs_rational_321123.pkl,N/A,J0,30,25,25,30,23,10,13
934,q_learning,rational,C:\Users\Ramiro\Desktop\Truco-AI\game\agents\RL-Agents\q_tables\exp2_vs_rational_321123.pkl,N/A,J1,28,30,30,28,29,13,16
935,q_learning,rational,C:\Users\Ramiro\Desktop\Truco-AI\game\agents\RL-Agents\q_tables\exp2_vs_rational_321123.pkl,N/A,J0,30,25,25,30,29,13,16
936,q_learning,rational,C:\Users\Ramiro\Desktop\Truco-AI\game\agents\RL-Agents\q_tables\exp2_vs_rational_321123.pkl,N/A,J1,18,30,30,18,22,7,15
937,q_learning,rational,C:\Users\Ramiro\Desktop\Truco-AI\game\agents\RL-Agents\q_tables\exp2_vs_rational_321123.pkl,N/A,J1,23,30,30,23,27,13,14
938,q_learning,rational,C:\Users\Ramiro\Desktop\Truco-AI\game\agents\RL-Agents\q_tables\exp2_vs_rational_321123.pkl,N/A,J0,30,10,10,30,21,15,6
939,q_learning,rational,C:\Users\Ramiro\Desktop\Truco-AI\game\agents\RL-Agents\q_tables\exp2_vs_rational_321123.pkl,N/A,J0,30,21,21,30,28,15,13
940,q_learning,rational,C:\Users\Ramiro\Desktop\Truco-AI\game\agents\RL-Agents\q_tables\exp2_vs_rational_321123.pkl,N/A,J1,23,30,30,23,25,11,14
941,q_learning,rational,C:\Users\Ramiro\Desktop\Truco-AI\game\agents\RL-Agents\q_tables\exp2_vs_rational_321123.pkl,N/A,J0,30,28,28,30,28,14,14
942,q_learning,rational,C:\Users\Ramiro\Desktop\Truco-AI\game\agents\RL-Agents\q_tables\exp2_vs_rational_321123.pkl,N/A,J0,30,12,12,30,22,12,10
943,q_learning,rational,C:\Users\Ramiro\Desktop\Truco-AI\game\agents\RL-Agents\q_tables\exp2_vs_rational_321123.pkl,N/A,J1,29,30,30,29,27,13,14
944,q_learning,rational,C:\Users\Ramiro\Desktop\Truco-AI\game\agents\RL-Agents\q_tables\exp2_vs_rational_321123.pkl,N/A,J1,16,30,30,16,25,6,19
945,q_learning,rational,C:\Users\Ramiro\Desktop\Truco-AI\game\agents\RL-Agents\q_tables\exp2_vs_rational_321123.pkl,N/A,J1,20,30,30,20,28,12,16
946,q_learning,rational,C:\Users\Ramiro\Desktop\Truco-AI\game\agents\RL-Agents\q_tables\exp2_vs_rational_321123.pkl,N/A,J0,30,24,24,30,29,12,17
947,q_learning,rational,C:\Users\Ramiro\Desktop\Truco-AI\game\agents\RL-Agents\q_tables\exp2_vs_rational_321123.pkl,N/A,J0,30,17,17,30,25,13,12
948,q_learning,rational,C:\Users\Ramiro\Desktop\Truco-AI\game\agents\RL-Agents\q_tables\exp2_vs_rational_321123.pkl,N/A,J0,30,15,15,30,26,17,9
949,q_learning,rational,C:\Users\Ramiro\Desktop\Truco-AI\game\agents\RL-Agents\q_tables\exp2_vs_rational_321123.pkl,N/A,J0,30,24,24,30,28,15,13
950,q_learning,rational,C:\Users\Ramiro\Desktop\Truco-AI\game\agents\RL-Agents\q_tables\exp2_vs_rational_321123.pkl,N/A,J0,30,24,24,30,28,13,15
951,q_learning,rational,C:\Users\Ramiro\Desktop\Truco-AI\game\agents\RL-Agents\q_tables\exp2_vs_rational_321123.pkl,N/A,J1,21,30,30,21,22,10,12
952,q_learning,rational,C:\Users\Ramiro\Desktop\Truco-AI\game\agents\RL-Agents\q_tables\exp2_vs_rational_321123.pkl,N/A,J0,30,20,20,30,26,15,11
953,q_learning,rational,C:\Users\Ramiro\Desktop\Truco-AI\game\agents\RL-Agents\q_tables\exp2_vs_rational_321123.pkl,N/A,J0,30,26,26,30,27,12,15
954,q_learning,rational,C:\Users\Ramiro\Desktop\Truco-AI\game\agents\RL-Agents\q_tables\exp2_vs_rational_321123.pkl,N/A,J0,30,24,24,30,29,15,14
955,q_learning,rational,C:\Users\Ramiro\Desktop\Truco-AI\game\agents\RL-Agents\q_tables\exp2_vs_rational_321123.pkl,N/A,J0,30,14,14,30,24,13,11
956,q_learning,rational,C:\Users\Ramiro\Desktop\Truco-AI\game\agents\RL-Agents\q_tables\exp2_vs_rational_321123.pkl,N/A,J0,30,13,13,30,23,13,10
957,q_learning,rational,C:\Users\Ramiro\Desktop\Truco-AI\game\agents\RL-Agents\q_tables\exp2_vs_rational_321123.pkl,N/A,J1,24,30,30,24,30,12,18
958,q_learning,rational,C:\Users\Ramiro\Desktop\Truco-AI\game\agents\RL-Agents\q_tables\exp2_vs_rational_321123.pkl,N/A,J0,30,15,15,30,26,14,12
959,q_learning,rational,C:\Users\Ramiro\Desktop\Truco-AI\game\agents\RL-Agents\q_tables\exp2_vs_rational_321123.pkl,N/A,J0,30,16,16,30,26,15,11
960,q_learning,rational,C:\Users\Ramiro\Desktop\Truco-AI\game\agents\RL-Agents\q_tables\exp2_vs_rational_321123.pkl,N/A,J0,30,12,12,30,20,13,7
961,q_learning,rational,C:\Users\Ramiro\Desktop\Truco-AI\game\agents\RL-Agents\q_tables\exp2_vs_rational_321123.pkl,N/A,J0,30,20,20,30,29,14,15
962,q_learning,rational,C:\Users\Ramiro\Desktop\Truco-AI\game\agents\RL-Agents\q_tables\exp2_vs_rational_321123.pkl,N/A,J0,30,17,17,30,24,13,11
963,q_learning,rational,C:\Users\Ramiro\Desktop\Truco-AI\game\agents\RL-Agents\q_tables\exp2_vs_rational_321123.pkl,N/A,J0,30,18,18,30,28,11,17
964,q_learning,rational,C:\Users\Ramiro\Desktop\Truco-AI\game\agents\RL-Agents\q_tables\exp2_vs_rational_321123.pkl,N/A,J0,30,12,12,30,20,13,7
965,q_learning,rational,C:\Users\Ramiro\Desktop\Truco-AI\game\agents\RL-Agents\q_tables\exp2_vs_rational_321123.pkl,N/A,J0,30,14,14,30,26,18,8
966,q_learning,rational,C:\Users\Ramiro\Desktop\Truco-AI\game\agents\RL-Agents\q_tables\exp2_vs_rational_321123.pkl,N/A,J0,30,24,24,30,23,10,13
967,q_learning,rational,C:\Users\Ramiro\Desktop\Truco-AI\game\agents\RL-Agents\q_tables\exp2_vs_rational_321123.pkl,N/A,J0,30,12,12,30,20,12,8
968,q_learning,rational,C:\Users\Ramiro\Desktop\Truco-AI\game\agents\RL-Agents\q_tables\exp2_vs_rational_321123.pkl,N/A,J1,25,30,30,25,28,12,16
969,q_learning,rational,C:\Users\Ramiro\Desktop\Truco-AI\game\agents\RL-Agents\q_tables\exp2_vs_rational_321123.pkl,N/A,J0,30,22,22,30,24,14,10
970,q_learning,rational,C:\Users\Ramiro\Desktop\Truco-AI\game\agents\RL-Agents\q_tables\exp2_vs_rational_321123.pkl,N/A,J0,30,16,16,30,23,12,11
971,q_learning,rational,C:\Users\Ramiro\Desktop\Truco-AI\game\agents\RL-Agents\q_tables\exp2_vs_rational_321123.pkl,N/A,J1,23,30,30,23,32,15,17
972,q_learning,rational,C:\Users\Ramiro\Desktop\Truco-AI\game\agents\RL-Agents\q_tables\exp2_vs_rational_321123.pkl,N/A,J1,26,30,30,26,29,14,15
973,q_learning,rational,C:\Users\Ramiro\Desktop\Truco-AI\game\agents\RL-Agents\q_tables\exp2_vs_rational_321123.pkl,N/A,J0,30,17,17,30,21,11,10
974,q_learning,rational,C:\Users\Ramiro\Desktop\Truco-AI\game\agents\RL-Agents\q_tables\exp2_vs_rational_321123.pkl,N/A,J0,30,23,23,30,26,18,8
975,q_learning,rational,C:\Users\Ramiro\Desktop\Truco-AI\game\agents\RL-Agents\q_tables\exp2_vs_rational_321123.pkl,N/A,J0,30,23,23,30,28,16,12
976,q_learning,rational,C:\Users\Ramiro\Desktop\Truco-AI\game\agents\RL-Agents\q_tables\exp2_vs_rational_321123.pkl,N/A,J0,30,21,21,30,28,14,14
977,q_learning,rational,C:\Users\Ramiro\Desktop\Truco-AI\game\agents\RL-Agents\q_tables\exp2_vs_rational_321123.pkl,N/A,J0,30,29,29,30,26,11,15
978,q_learning,rational,C:\Users\Ramiro\Desktop\Truco-AI\game\agents\RL-Agents\q_tables\exp2_vs_rational_321123.pkl,N/A,J0,30,26,26,30,34,17,17
979,q_learning,rational,C:\Users\Ramiro\Desktop\Truco-AI\game\agents\RL-Agents\q_tables\exp2_vs_rational_321123.pkl,N/A,J0,30,29,29,30,23,14,9
980,q_learning,rational,C:\Users\Ramiro\Desktop\Truco-AI\game\agents\RL-Agents\q_tables\exp2_vs_rational_321123.pkl,N/A,J1,25,30,30,25,26,10,16
981,q_learning,rational,C:\Users\Ramiro\Desktop\Truco-AI\game\agents\RL-Agents\q_tables\exp2_vs_rational_321123.pkl,N/A,J0,30,17,17,30,22,12,10
982,q_learning,rational,C:\Users\Ramiro\Desktop\Truco-AI\game\agents\RL-Agents\q_tables\exp2_vs_rational_321123.pkl,N/A,J0,30,19,19,30,26,15,11
983,q_learning,rational,C:\Users\Ramiro\Desktop\Truco-AI\game\agents\RL-Agents\q_tables\exp2_vs_rational_321123.pkl,N/A,J0,30,26,26,30,30,17,13
984,q_learning,rational,C:\Users\Ramiro\Desktop\Truco-AI\game\agents\RL-Agents\q_tables\exp2_vs_rational_321123.pkl,N/A,J0,30,18,18,30,26,14,12
985,q_learning,rational,C:\Users\Ramiro\Desktop\Truco-AI\game\agents\RL-Agents\q_tables\exp2_vs_rational_321123.pkl,N/A,J0,30,24,24,30,31,15,16
986,q_learning,rational,C:\Users\Ramiro\Desktop\Truco-AI\game\agents\RL-Agents\q_tables\exp2_vs_rational_321123.pkl,N/A,J0,30,14,14,30,20,12,8
987,q_learning,rational,C:\Users\Ramiro\Desktop\Truco-AI\game\agents\RL-Agents\q_tables\exp2_vs_rational_321123.pkl,N/A,J0,30,26,26,30,26,11,15
988,q_learning,rational,C:\Users\Ramiro\Desktop\Truco-AI\game\agents\RL-Agents\q_tables\exp2_vs_rational_321123.pkl,N/A,J1,29,30,30,29,25,11,14
989,q_learning,rational,C:\Users\Ramiro\Desktop\Truco-AI\game\agents\RL-Agents\q_tables\exp2_vs_rational_321123.pkl,N/A,J1,19,30,30,19,30,11,19
990,q_learning,rational,C:\Users\Ramiro\Desktop\Truco-AI\game\agents\RL-Agents\q_tables\exp2_vs_rational_321123.pkl,N/A,J0,30,20,20,30,27,13,14
991,q_learning,rational,C:\Users\Ramiro\Desktop\Truco-AI\game\agents\RL-Agents\q_tables\exp2_vs_rational_321123.pkl,N/A,J1,27,30,30,27,29,10,19
992,q_learning,rational,C:\Users\Ramiro\Desktop\Truco-AI\game\agents\RL-Agents\q_tables\exp2_vs_rational_321123.pkl,N/A,J0,30,24,24,30,28,14,14
993,q_learning,rational,C:\Users\Ramiro\Desktop\Truco-AI\game\agents\RL-Agents\q_tables\exp2_vs_rational_321123.pkl,N/A,J0,30,26,26,30,28,16,12
994,q_learning,rational,C:\Users\Ramiro\Desktop\Truco-AI\game\agents\RL-Agents\q_tables\exp2_vs_rational_321123.pkl,N/A,J0,30,20,20,30,25,17,8
995,q_learning,rational,C:\Users\Ramiro\Desktop\Truco-AI\game\agents\RL-Agents\q_tables\exp2_vs_rational_321123.pkl,N/A,J0,30,23,23,30,23,12,11
996,q_learning,rational,C:\Users\Ramiro\Desktop\Truco-AI\game\agents\RL-Agents\q_tables\exp2_vs_rational_321123.pkl,N/A,J1,22,30,30,22,25,11,14
997,q_learning,rational,C:\Users\Ramiro\Desktop\Truco-AI\game\agents\RL-Agents\q_tables\exp2_vs_rational_321123.pkl,N/A,J0,30,21,21,30,20,11,9
998,q_learning,rational,C:\Users\Ramiro\Desktop\Truco-AI\game\agents\RL-Agents\q_tables\exp2_vs_rational_321123.pkl,N/A,J1,28,30,30,28,27,13,14
999,q_learning,rational,C:\Users\Ramiro\Desktop\Truco-AI\game\agents\RL-Agents\q_tables\exp2_vs_rational_321123.pkl,N/A,J1,23,30,30,23,26,10,16
1000,q_learning,rational,C:\Users\Ramiro\Desktop\Truco-AI\game\agents\RL-Agents\q_tables\exp2_vs_rational_321123.pkl,N/A,J0,30,24,24,30,29,12,17
