game,agent_0,agent_1,q_table_j0,q_table_j1,winner,points_j0,points_j1,points_lost_j0,points_lost_j1,hands_played,hands_won_j0,hands_won_j1
1,q_learning,q_learning,game/agents/RL-Agents/q_tables/exp2_vs_rational_789987.pkl,game/agents/RL-Agents/q_tables/exp2_vs_rational_321123.pkl,J1,18,30,30,18,9,3,6
2,q_learning,q_learning,game/agents/RL-Agents/q_tables/exp2_vs_rational_789987.pkl,game/agents/RL-Agents/q_tables/exp2_vs_rational_321123.pkl,J1,14,30,30,14,6,3,3
3,q_learning,q_learning,game/agents/RL-Agents/q_tables/exp2_vs_rational_789987.pkl,game/agents/RL-Agents/q_tables/exp2_vs_rational_321123.pkl,J1,14,30,30,14,16,6,10
4,q_learning,q_learning,game/agents/RL-Agents/q_tables/exp2_vs_rational_789987.pkl,game/agents/RL-Agents/q_tables/exp2_vs_rational_321123.pkl,J1,2,30,30,2,7,1,6
5,q_learning,q_learning,game/agents/RL-Agents/q_tables/exp2_vs_rational_789987.pkl,game/agents/RL-Agents/q_tables/exp2_vs_rational_321123.pkl,J0,30,19,19,30,11,7,4
6,q_learning,q_learning,game/agents/RL-Agents/q_tables/exp2_vs_rational_789987.pkl,game/agents/RL-Agents/q_tables/exp2_vs_rational_321123.pkl,J0,30,18,18,30,12,4,8
7,q_learning,q_learning,game/agents/RL-Agents/q_tables/exp2_vs_rational_789987.pkl,game/agents/RL-Agents/q_tables/exp2_vs_rational_321123.pkl,J0,30,23,23,30,13,7,6
8,q_learning,q_learning,game/agents/RL-Agents/q_tables/exp2_vs_rational_789987.pkl,game/agents/RL-Agents/q_tables/exp2_vs_rational_321123.pkl,J0,30,23,23,30,19,12,7
9,q_learning,q_learning,game/agents/RL-Agents/q_tables/exp2_vs_rational_789987.pkl,game/agents/RL-Agents/q_tables/exp2_vs_rational_321123.pkl,J0,30,14,14,30,9,7,2
10,q_learning,q_learning,game/agents/RL-Agents/q_tables/exp2_vs_rational_789987.pkl,game/agents/RL-Agents/q_tables/exp2_vs_rational_321123.pkl,J1,20,30,30,20,16,6,10
11,q_learning,q_learning,game/agents/RL-Agents/q_tables/exp2_vs_rational_789987.pkl,game/agents/RL-Agents/q_tables/exp2_vs_rational_321123.pkl,J0,30,23,23,30,13,7,6
12,q_learning,q_learning,game/agents/RL-Agents/q_tables/exp2_vs_rational_789987.pkl,game/agents/RL-Agents/q_tables/exp2_vs_rational_321123.pkl,J1,19,30,30,19,10,3,7
13,q_learning,q_learning,game/agents/RL-Agents/q_tables/exp2_vs_rational_789987.pkl,game/agents/RL-Agents/q_tables/exp2_vs_rational_321123.pkl,J0,30,29,29,30,9,8,1
14,q_learning,q_learning,game/agents/RL-Agents/q_tables/exp2_vs_rational_789987.pkl,game/agents/RL-Agents/q_tables/exp2_vs_rational_321123.pkl,J0,30,11,11,30,11,7,4
15,q_learning,q_learning,game/agents/RL-Agents/q_tables/exp2_vs_rational_789987.pkl,game/agents/RL-Agents/q_tables/exp2_vs_rational_321123.pkl,J0,30,6,6,30,6,5,1
16,q_learning,q_learning,game/agents/RL-Agents/q_tables/exp2_vs_rational_789987.pkl,game/agents/RL-Agents/q_tables/exp2_vs_rational_321123.pkl,J1,3,30,30,3,5,1,4
17,q_learning,q_learning,game/agents/RL-Agents/q_tables/exp2_vs_rational_789987.pkl,game/agents/RL-Agents/q_tables/exp2_vs_rational_321123.pkl,J0,30,21,21,30,12,3,9
18,q_learning,q_learning,game/agents/RL-Agents/q_tables/exp2_vs_rational_789987.pkl,game/agents/RL-Agents/q_tables/exp2_vs_rational_321123.pkl,J0,30,7,7,30,3,1,2
19,q_learning,q_learning,game/agents/RL-Agents/q_tables/exp2_vs_rational_789987.pkl,game/agents/RL-Agents/q_tables/exp2_vs_rational_321123.pkl,J1,13,30,30,13,16,6,10
20,q_learning,q_learning,game/agents/RL-Agents/q_tables/exp2_vs_rational_789987.pkl,game/agents/RL-Agents/q_tables/exp2_vs_rational_321123.pkl,J1,14,30,30,14,9,2,7
21,q_learning,q_learning,game/agents/RL-Agents/q_tables/exp2_vs_rational_789987.pkl,game/agents/RL-Agents/q_tables/exp2_vs_rational_321123.pkl,J1,29,30,30,29,19,9,10
22,q_learning,q_learning,game/agents/RL-Agents/q_tables/exp2_vs_rational_789987.pkl,game/agents/RL-Agents/q_tables/exp2_vs_rational_321123.pkl,J0,30,0,0,30,1,1,0
23,q_learning,q_learning,game/agents/RL-Agents/q_tables/exp2_vs_rational_789987.pkl,game/agents/RL-Agents/q_tables/exp2_vs_rational_321123.pkl,J0,30,26,26,30,14,5,9
24,q_learning,q_learning,game/agents/RL-Agents/q_tables/exp2_vs_rational_789987.pkl,game/agents/RL-Agents/q_tables/exp2_vs_rational_321123.pkl,J1,7,30,30,7,8,3,5
25,q_learning,q_learning,game/agents/RL-Agents/q_tables/exp2_vs_rational_789987.pkl,game/agents/RL-Agents/q_tables/exp2_vs_rational_321123.pkl,J1,15,30,30,15,12,2,10
26,q_learning,q_learning,game/agents/RL-Agents/q_tables/exp2_vs_rational_789987.pkl,game/agents/RL-Agents/q_tables/exp2_vs_rational_321123.pkl,J0,30,7,7,30,3,2,1
27,q_learning,q_learning,game/agents/RL-Agents/q_tables/exp2_vs_rational_789987.pkl,game/agents/RL-Agents/q_tables/exp2_vs_rational_321123.pkl,J0,30,0,0,30,1,1,0
28,q_learning,q_learning,game/agents/RL-Agents/q_tables/exp2_vs_rational_789987.pkl,game/agents/RL-Agents/q_tables/exp2_vs_rational_321123.pkl,J0,30,11,11,30,12,8,4
29,q_learning,q_learning,game/agents/RL-Agents/q_tables/exp2_vs_rational_789987.pkl,game/agents/RL-Agents/q_tables/exp2_vs_rational_321123.pkl,J1,9,30,30,9,7,3,4
30,q_learning,q_learning,game/agents/RL-Agents/q_tables/exp2_vs_rational_789987.pkl,game/agents/RL-Agents/q_tables/exp2_vs_rational_321123.pkl,J0,30,1,1,30,5,4,1
31,q_learning,q_learning,game/agents/RL-Agents/q_tables/exp2_vs_rational_789987.pkl,game/agents/RL-Agents/q_tables/exp2_vs_rational_321123.pkl,J0,30,4,4,30,4,3,1
32,q_learning,q_learning,game/agents/RL-Agents/q_tables/exp2_vs_rational_789987.pkl,game/agents/RL-Agents/q_tables/exp2_vs_rational_321123.pkl,J1,0,30,30,0,0,0,0
33,q_learning,q_learning,game/agents/RL-Agents/q_tables/exp2_vs_rational_789987.pkl,game/agents/RL-Agents/q_tables/exp2_vs_rational_321123.pkl,J0,30,5,5,30,4,3,1
34,q_learning,q_learning,game/agents/RL-Agents/q_tables/exp2_vs_rational_789987.pkl,game/agents/RL-Agents/q_tables/exp2_vs_rational_321123.pkl,J1,0,30,30,0,0,0,0
35,q_learning,q_learning,game/agents/RL-Agents/q_tables/exp2_vs_rational_789987.pkl,game/agents/RL-Agents/q_tables/exp2_vs_rational_321123.pkl,J0,30,23,23,30,15,9,6
36,q_learning,q_learning,game/agents/RL-Agents/q_tables/exp2_vs_rational_789987.pkl,game/agents/RL-Agents/q_tables/exp2_vs_rational_321123.pkl,J1,5,30,30,5,7,1,6
37,q_learning,q_learning,game/agents/RL-Agents/q_tables/exp2_vs_rational_789987.pkl,game/agents/RL-Agents/q_tables/exp2_vs_rational_321123.pkl,J1,1,30,30,1,3,1,2
38,q_learning,q_learning,game/agents/RL-Agents/q_tables/exp2_vs_rational_789987.pkl,game/agents/RL-Agents/q_tables/exp2_vs_rational_321123.pkl,J1,19,30,30,19,12,5,7
39,q_learning,q_learning,game/agents/RL-Agents/q_tables/exp2_vs_rational_789987.pkl,game/agents/RL-Agents/q_tables/exp2_vs_rational_321123.pkl,J1,6,30,30,6,3,1,2
40,q_learning,q_learning,game/agents/RL-Agents/q_tables/exp2_vs_rational_789987.pkl,game/agents/RL-Agents/q_tables/exp2_vs_rational_321123.pkl,J1,16,30,30,16,12,3,9
41,q_learning,q_learning,game/agents/RL-Agents/q_tables/exp2_vs_rational_789987.pkl,game/agents/RL-Agents/q_tables/exp2_vs_rational_321123.pkl,J0,30,15,15,30,11,6,5
42,q_learning,q_learning,game/agents/RL-Agents/q_tables/exp2_vs_rational_789987.pkl,game/agents/RL-Agents/q_tables/exp2_vs_rational_321123.pkl,J0,30,2,2,30,3,1,2
43,q_learning,q_learning,game/agents/RL-Agents/q_tables/exp2_vs_rational_789987.pkl,game/agents/RL-Agents/q_tables/exp2_vs_rational_321123.pkl,J0,30,23,23,30,15,10,5
44,q_learning,q_learning,game/agents/RL-Agents/q_tables/exp2_vs_rational_789987.pkl,game/agents/RL-Agents/q_tables/exp2_vs_rational_321123.pkl,J1,9,30,30,9,11,3,8
45,q_learning,q_learning,game/agents/RL-Agents/q_tables/exp2_vs_rational_789987.pkl,game/agents/RL-Agents/q_tables/exp2_vs_rational_321123.pkl,J0,30,7,7,30,7,5,2
46,q_learning,q_learning,game/agents/RL-Agents/q_tables/exp2_vs_rational_789987.pkl,game/agents/RL-Agents/q_tables/exp2_vs_rational_321123.pkl,J1,1,30,30,1,3,0,3
47,q_learning,q_learning,game/agents/RL-Agents/q_tables/exp2_vs_rational_789987.pkl,game/agents/RL-Agents/q_tables/exp2_vs_rational_321123.pkl,J0,30,16,16,30,15,6,9
48,q_learning,q_learning,game/agents/RL-Agents/q_tables/exp2_vs_rational_789987.pkl,game/agents/RL-Agents/q_tables/exp2_vs_rational_321123.pkl,J1,24,30,30,24,15,8,7
49,q_learning,q_learning,game/agents/RL-Agents/q_tables/exp2_vs_rational_789987.pkl,game/agents/RL-Agents/q_tables/exp2_vs_rational_321123.pkl,J1,12,30,30,12,12,4,8
50,q_learning,q_learning,game/agents/RL-Agents/q_tables/exp2_vs_rational_789987.pkl,game/agents/RL-Agents/q_tables/exp2_vs_rational_321123.pkl,J1,15,30,30,15,8,4,4
51,q_learning,q_learning,game/agents/RL-Agents/q_tables/exp2_vs_rational_789987.pkl,game/agents/RL-Agents/q_tables/exp2_vs_rational_321123.pkl,J1,26,30,30,26,17,7,10
52,q_learning,q_learning,game/agents/RL-Agents/q_tables/exp2_vs_rational_789987.pkl,game/agents/RL-Agents/q_tables/exp2_vs_rational_321123.pkl,J0,30,12,12,30,11,8,3
53,q_learning,q_learning,game/agents/RL-Agents/q_tables/exp2_vs_rational_789987.pkl,game/agents/RL-Agents/q_tables/exp2_vs_rational_321123.pkl,J1,19,30,30,19,10,4,6
54,q_learning,q_learning,game/agents/RL-Agents/q_tables/exp2_vs_rational_789987.pkl,game/agents/RL-Agents/q_tables/exp2_vs_rational_321123.pkl,J1,5,30,30,5,3,2,1
55,q_learning,q_learning,game/agents/RL-Agents/q_tables/exp2_vs_rational_789987.pkl,game/agents/RL-Agents/q_tables/exp2_vs_rational_321123.pkl,J0,30,25,25,30,18,10,8
56,q_learning,q_learning,game/agents/RL-Agents/q_tables/exp2_vs_rational_789987.pkl,game/agents/RL-Agents/q_tables/exp2_vs_rational_321123.pkl,J1,23,30,30,23,9,6,3
57,q_learning,q_learning,game/agents/RL-Agents/q_tables/exp2_vs_rational_789987.pkl,game/agents/RL-Agents/q_tables/exp2_vs_rational_321123.pkl,J0,30,2,2,30,3,2,1
58,q_learning,q_learning,game/agents/RL-Agents/q_tables/exp2_vs_rational_789987.pkl,game/agents/RL-Agents/q_tables/exp2_vs_rational_321123.pkl,J0,30,10,10,30,16,12,4
59,q_learning,q_learning,game/agents/RL-Agents/q_tables/exp2_vs_rational_789987.pkl,game/agents/RL-Agents/q_tables/exp2_vs_rational_321123.pkl,J1,0,30,30,0,0,0,0
60,q_learning,q_learning,game/agents/RL-Agents/q_tables/exp2_vs_rational_789987.pkl,game/agents/RL-Agents/q_tables/exp2_vs_rational_321123.pkl,J0,30,21,21,30,14,9,5
61,q_learning,q_learning,game/agents/RL-Agents/q_tables/exp2_vs_rational_789987.pkl,game/agents/RL-Agents/q_tables/exp2_vs_rational_321123.pkl,J1,5,30,30,5,7,2,5
62,q_learning,q_learning,game/agents/RL-Agents/q_tables/exp2_vs_rational_789987.pkl,game/agents/RL-Agents/q_tables/exp2_vs_rational_321123.pkl,J1,22,30,30,22,10,8,2
63,q_learning,q_learning,game/agents/RL-Agents/q_tables/exp2_vs_rational_789987.pkl,game/agents/RL-Agents/q_tables/exp2_vs_rational_321123.pkl,J0,30,17,17,30,10,5,5
64,q_learning,q_learning,game/agents/RL-Agents/q_tables/exp2_vs_rational_789987.pkl,game/agents/RL-Agents/q_tables/exp2_vs_rational_321123.pkl,J1,1,30,30,1,3,1,2
65,q_learning,q_learning,game/agents/RL-Agents/q_tables/exp2_vs_rational_789987.pkl,game/agents/RL-Agents/q_tables/exp2_vs_rational_321123.pkl,J0,30,17,17,30,13,7,6
66,q_learning,q_learning,game/agents/RL-Agents/q_tables/exp2_vs_rational_789987.pkl,game/agents/RL-Agents/q_tables/exp2_vs_rational_321123.pkl,J0,30,25,25,30,18,8,10
67,q_learning,q_learning,game/agents/RL-Agents/q_tables/exp2_vs_rational_789987.pkl,game/agents/RL-Agents/q_tables/exp2_vs_rational_321123.pkl,J0,30,9,9,30,3,1,2
68,q_learning,q_learning,game/agents/RL-Agents/q_tables/exp2_vs_rational_789987.pkl,game/agents/RL-Agents/q_tables/exp2_vs_rational_321123.pkl,J0,30,1,1,30,6,5,1
69,q_learning,q_learning,game/agents/RL-Agents/q_tables/exp2_vs_rational_789987.pkl,game/agents/RL-Agents/q_tables/exp2_vs_rational_321123.pkl,J0,30,29,29,30,15,8,7
70,q_learning,q_learning,game/agents/RL-Agents/q_tables/exp2_vs_rational_789987.pkl,game/agents/RL-Agents/q_tables/exp2_vs_rational_321123.pkl,J0,30,22,22,30,14,6,8
71,q_learning,q_learning,game/agents/RL-Agents/q_tables/exp2_vs_rational_789987.pkl,game/agents/RL-Agents/q_tables/exp2_vs_rational_321123.pkl,J1,19,30,30,19,11,4,7
72,q_learning,q_learning,game/agents/RL-Agents/q_tables/exp2_vs_rational_789987.pkl,game/agents/RL-Agents/q_tables/exp2_vs_rational_321123.pkl,J0,30,10,10,30,6,1,5
73,q_learning,q_learning,game/agents/RL-Agents/q_tables/exp2_vs_rational_789987.pkl,game/agents/RL-Agents/q_tables/exp2_vs_rational_321123.pkl,J0,30,19,19,30,12,9,3
74,q_learning,q_learning,game/agents/RL-Agents/q_tables/exp2_vs_rational_789987.pkl,game/agents/RL-Agents/q_tables/exp2_vs_rational_321123.pkl,J0,30,2,2,30,9,8,1
75,q_learning,q_learning,game/agents/RL-Agents/q_tables/exp2_vs_rational_789987.pkl,game/agents/RL-Agents/q_tables/exp2_vs_rational_321123.pkl,J1,0,30,30,0,0,0,0
76,q_learning,q_learning,game/agents/RL-Agents/q_tables/exp2_vs_rational_789987.pkl,game/agents/RL-Agents/q_tables/exp2_vs_rational_321123.pkl,J0,30,20,20,30,11,6,5
77,q_learning,q_learning,game/agents/RL-Agents/q_tables/exp2_vs_rational_789987.pkl,game/agents/RL-Agents/q_tables/exp2_vs_rational_321123.pkl,J1,0,30,30,0,0,0,0
78,q_learning,q_learning,game/agents/RL-Agents/q_tables/exp2_vs_rational_789987.pkl,game/agents/RL-Agents/q_tables/exp2_vs_rational_321123.pkl,J1,2,30,30,2,4,2,2
79,q_learning,q_learning,game/agents/RL-Agents/q_tables/exp2_vs_rational_789987.pkl,game/agents/RL-Agents/q_tables/exp2_vs_rational_321123.pkl,J0,30,2,2,30,2,0,2
80,q_learning,q_learning,game/agents/RL-Agents/q_tables/exp2_vs_rational_789987.pkl,game/agents/RL-Agents/q_tables/exp2_vs_rational_321123.pkl,J1,21,30,30,21,15,8,7
81,q_learning,q_learning,game/agents/RL-Agents/q_tables/exp2_vs_rational_789987.pkl,game/agents/RL-Agents/q_tables/exp2_vs_rational_321123.pkl,J0,30,5,5,30,3,2,1
82,q_learning,q_learning,game/agents/RL-Agents/q_tables/exp2_vs_rational_789987.pkl,game/agents/RL-Agents/q_tables/exp2_vs_rational_321123.pkl,J1,13,30,30,13,11,3,8
83,q_learning,q_learning,game/agents/RL-Agents/q_tables/exp2_vs_rational_789987.pkl,game/agents/RL-Agents/q_tables/exp2_vs_rational_321123.pkl,J1,0,30,30,0,0,0,0
84,q_learning,q_learning,game/agents/RL-Agents/q_tables/exp2_vs_rational_789987.pkl,game/agents/RL-Agents/q_tables/exp2_vs_rational_321123.pkl,J1,25,30,30,25,14,5,9
85,q_learning,q_learning,game/agents/RL-Agents/q_tables/exp2_vs_rational_789987.pkl,game/agents/RL-Agents/q_tables/exp2_vs_rational_321123.pkl,J0,30,10,10,30,4,1,3
86,q_learning,q_learning,game/agents/RL-Agents/q_tables/exp2_vs_rational_789987.pkl,game/agents/RL-Agents/q_tables/exp2_vs_rational_321123.pkl,J1,12,30,30,12,13,4,9
87,q_learning,q_learning,game/agents/RL-Agents/q_tables/exp2_vs_rational_789987.pkl,game/agents/RL-Agents/q_tables/exp2_vs_rational_321123.pkl,J0,30,1,1,30,1,1,0
88,q_learning,q_learning,game/agents/RL-Agents/q_tables/exp2_vs_rational_789987.pkl,game/agents/RL-Agents/q_tables/exp2_vs_rational_321123.pkl,J1,0,30,30,0,0,0,0
89,q_learning,q_learning,game/agents/RL-Agents/q_tables/exp2_vs_rational_789987.pkl,game/agents/RL-Agents/q_tables/exp2_vs_rational_321123.pkl,J0,30,2,2,30,2,1,1
90,q_learning,q_learning,game/agents/RL-Agents/q_tables/exp2_vs_rational_789987.pkl,game/agents/RL-Agents/q_tables/exp2_vs_rational_321123.pkl,J1,28,30,30,28,14,6,8
91,q_learning,q_learning,game/agents/RL-Agents/q_tables/exp2_vs_rational_789987.pkl,game/agents/RL-Agents/q_tables/exp2_vs_rational_321123.pkl,J1,21,30,30,21,14,8,6
92,q_learning,q_learning,game/agents/RL-Agents/q_tables/exp2_vs_rational_789987.pkl,game/agents/RL-Agents/q_tables/exp2_vs_rational_321123.pkl,J1,20,30,30,20,9,3,6
93,q_learning,q_learning,game/agents/RL-Agents/q_tables/exp2_vs_rational_789987.pkl,game/agents/RL-Agents/q_tables/exp2_vs_rational_321123.pkl,J0,30,26,26,30,7,5,2
94,q_learning,q_learning,game/agents/RL-Agents/q_tables/exp2_vs_rational_789987.pkl,game/agents/RL-Agents/q_tables/exp2_vs_rational_321123.pkl,J0,30,24,24,30,14,9,5
95,q_learning,q_learning,game/agents/RL-Agents/q_tables/exp2_vs_rational_789987.pkl,game/agents/RL-Agents/q_tables/exp2_vs_rational_321123.pkl,J1,6,30,30,6,7,3,4
96,q_learning,q_learning,game/agents/RL-Agents/q_tables/exp2_vs_rational_789987.pkl,game/agents/RL-Agents/q_tables/exp2_vs_rational_321123.pkl,J1,28,30,30,28,14,6,8
97,q_learning,q_learning,game/agents/RL-Agents/q_tables/exp2_vs_rational_789987.pkl,game/agents/RL-Agents/q_tables/exp2_vs_rational_321123.pkl,J1,5,30,30,5,6,2,4
98,q_learning,q_learning,game/agents/RL-Agents/q_tables/exp2_vs_rational_789987.pkl,game/agents/RL-Agents/q_tables/exp2_vs_rational_321123.pkl,J1,10,30,30,10,5,3,2
99,q_learning,q_learning,game/agents/RL-Agents/q_tables/exp2_vs_rational_789987.pkl,game/agents/RL-Agents/q_tables/exp2_vs_rational_321123.pkl,J0,30,24,24,30,15,7,8
100,q_learning,q_learning,game/agents/RL-Agents/q_tables/exp2_vs_rational_789987.pkl,game/agents/RL-Agents/q_tables/exp2_vs_rational_321123.pkl,J0,30,12,12,30,10,6,4
101,q_learning,q_learning,game/agents/RL-Agents/q_tables/exp2_vs_rational_789987.pkl,game/agents/RL-Agents/q_tables/exp2_vs_rational_321123.pkl,J0,30,26,26,30,17,7,10
102,q_learning,q_learning,game/agents/RL-Agents/q_tables/exp2_vs_rational_789987.pkl,game/agents/RL-Agents/q_tables/exp2_vs_rational_321123.pkl,J1,26,30,30,26,14,6,8
103,q_learning,q_learning,game/agents/RL-Agents/q_tables/exp2_vs_rational_789987.pkl,game/agents/RL-Agents/q_tables/exp2_vs_rational_321123.pkl,J0,30,19,19,30,10,5,5
104,q_learning,q_learning,game/agents/RL-Agents/q_tables/exp2_vs_rational_789987.pkl,game/agents/RL-Agents/q_tables/exp2_vs_rational_321123.pkl,J1,0,30,30,0,0,0,0
105,q_learning,q_learning,game/agents/RL-Agents/q_tables/exp2_vs_rational_789987.pkl,game/agents/RL-Agents/q_tables/exp2_vs_rational_321123.pkl,J1,12,30,30,12,9,4,5
106,q_learning,q_learning,game/agents/RL-Agents/q_tables/exp2_vs_rational_789987.pkl,game/agents/RL-Agents/q_tables/exp2_vs_rational_321123.pkl,J1,10,30,30,10,10,4,6
107,q_learning,q_learning,game/agents/RL-Agents/q_tables/exp2_vs_rational_789987.pkl,game/agents/RL-Agents/q_tables/exp2_vs_rational_321123.pkl,J1,0,30,30,0,2,0,2
108,q_learning,q_learning,game/agents/RL-Agents/q_tables/exp2_vs_rational_789987.pkl,game/agents/RL-Agents/q_tables/exp2_vs_rational_321123.pkl,J0,30,0,0,30,0,0,0
109,q_learning,q_learning,game/agents/RL-Agents/q_tables/exp2_vs_rational_789987.pkl,game/agents/RL-Agents/q_tables/exp2_vs_rational_321123.pkl,J1,15,30,30,15,7,4,3
110,q_learning,q_learning,game/agents/RL-Agents/q_tables/exp2_vs_rational_789987.pkl,game/agents/RL-Agents/q_tables/exp2_vs_rational_321123.pkl,J1,14,30,30,14,9,3,6
111,q_learning,q_learning,game/agents/RL-Agents/q_tables/exp2_vs_rational_789987.pkl,game/agents/RL-Agents/q_tables/exp2_vs_rational_321123.pkl,J1,1,30,30,1,1,0,1
112,q_learning,q_learning,game/agents/RL-Agents/q_tables/exp2_vs_rational_789987.pkl,game/agents/RL-Agents/q_tables/exp2_vs_rational_321123.pkl,J0,30,24,24,30,9,3,6
113,q_learning,q_learning,game/agents/RL-Agents/q_tables/exp2_vs_rational_789987.pkl,game/agents/RL-Agents/q_tables/exp2_vs_rational_321123.pkl,J1,22,30,30,22,16,9,7
114,q_learning,q_learning,game/agents/RL-Agents/q_tables/exp2_vs_rational_789987.pkl,game/agents/RL-Agents/q_tables/exp2_vs_rational_321123.pkl,J1,8,30,30,8,11,1,10
115,q_learning,q_learning,game/agents/RL-Agents/q_tables/exp2_vs_rational_789987.pkl,game/agents/RL-Agents/q_tables/exp2_vs_rational_321123.pkl,J1,0,30,30,0,0,0,0
116,q_learning,q_learning,game/agents/RL-Agents/q_tables/exp2_vs_rational_789987.pkl,game/agents/RL-Agents/q_tables/exp2_vs_rational_321123.pkl,J0,30,14,14,30,12,6,6
117,q_learning,q_learning,game/agents/RL-Agents/q_tables/exp2_vs_rational_789987.pkl,game/agents/RL-Agents/q_tables/exp2_vs_rational_321123.pkl,J1,16,30,30,16,11,6,5
118,q_learning,q_learning,game/agents/RL-Agents/q_tables/exp2_vs_rational_789987.pkl,game/agents/RL-Agents/q_tables/exp2_vs_rational_321123.pkl,J0,30,1,1,30,2,1,1
119,q_learning,q_learning,game/agents/RL-Agents/q_tables/exp2_vs_rational_789987.pkl,game/agents/RL-Agents/q_tables/exp2_vs_rational_321123.pkl,J1,11,30,30,11,13,4,9
120,q_learning,q_learning,game/agents/RL-Agents/q_tables/exp2_vs_rational_789987.pkl,game/agents/RL-Agents/q_tables/exp2_vs_rational_321123.pkl,J0,30,7,7,30,11,9,2
121,q_learning,q_learning,game/agents/RL-Agents/q_tables/exp2_vs_rational_789987.pkl,game/agents/RL-Agents/q_tables/exp2_vs_rational_321123.pkl,J1,20,30,30,20,10,6,4
122,q_learning,q_learning,game/agents/RL-Agents/q_tables/exp2_vs_rational_789987.pkl,game/agents/RL-Agents/q_tables/exp2_vs_rational_321123.pkl,J1,29,30,30,29,21,10,11
123,q_learning,q_learning,game/agents/RL-Agents/q_tables/exp2_vs_rational_789987.pkl,game/agents/RL-Agents/q_tables/exp2_vs_rational_321123.pkl,J1,26,30,30,26,13,8,5
124,q_learning,q_learning,game/agents/RL-Agents/q_tables/exp2_vs_rational_789987.pkl,game/agents/RL-Agents/q_tables/exp2_vs_rational_321123.pkl,J1,25,30,30,25,20,9,11
125,q_learning,q_learning,game/agents/RL-Agents/q_tables/exp2_vs_rational_789987.pkl,game/agents/RL-Agents/q_tables/exp2_vs_rational_321123.pkl,J0,30,25,25,30,17,9,8
126,q_learning,q_learning,game/agents/RL-Agents/q_tables/exp2_vs_rational_789987.pkl,game/agents/RL-Agents/q_tables/exp2_vs_rational_321123.pkl,J1,0,30,30,0,0,0,0
127,q_learning,q_learning,game/agents/RL-Agents/q_tables/exp2_vs_rational_789987.pkl,game/agents/RL-Agents/q_tables/exp2_vs_rational_321123.pkl,J0,30,15,15,30,15,10,5
128,q_learning,q_learning,game/agents/RL-Agents/q_tables/exp2_vs_rational_789987.pkl,game/agents/RL-Agents/q_tables/exp2_vs_rational_321123.pkl,J1,18,30,30,18,13,8,5
129,q_learning,q_learning,game/agents/RL-Agents/q_tables/exp2_vs_rational_789987.pkl,game/agents/RL-Agents/q_tables/exp2_vs_rational_321123.pkl,J1,5,30,30,5,3,1,2
130,q_learning,q_learning,game/agents/RL-Agents/q_tables/exp2_vs_rational_789987.pkl,game/agents/RL-Agents/q_tables/exp2_vs_rational_321123.pkl,J1,0,30,30,0,0,0,0
131,q_learning,q_learning,game/agents/RL-Agents/q_tables/exp2_vs_rational_789987.pkl,game/agents/RL-Agents/q_tables/exp2_vs_rational_321123.pkl,J1,0,30,30,0,0,0,0
132,q_learning,q_learning,game/agents/RL-Agents/q_tables/exp2_vs_rational_789987.pkl,game/agents/RL-Agents/q_tables/exp2_vs_rational_321123.pkl,J1,18,30,30,18,4,4,0
133,q_learning,q_learning,game/agents/RL-Agents/q_tables/exp2_vs_rational_789987.pkl,game/agents/RL-Agents/q_tables/exp2_vs_rational_321123.pkl,J0,30,1,1,30,7,7,0
134,q_learning,q_learning,game/agents/RL-Agents/q_tables/exp2_vs_rational_789987.pkl,game/agents/RL-Agents/q_tables/exp2_vs_rational_321123.pkl,J0,30,15,15,30,8,3,5
135,q_learning,q_learning,game/agents/RL-Agents/q_tables/exp2_vs_rational_789987.pkl,game/agents/RL-Agents/q_tables/exp2_vs_rational_321123.pkl,J1,19,30,30,19,9,6,3
136,q_learning,q_learning,game/agents/RL-Agents/q_tables/exp2_vs_rational_789987.pkl,game/agents/RL-Agents/q_tables/exp2_vs_rational_321123.pkl,J1,27,30,30,27,17,8,9
137,q_learning,q_learning,game/agents/RL-Agents/q_tables/exp2_vs_rational_789987.pkl,game/agents/RL-Agents/q_tables/exp2_vs_rational_321123.pkl,J0,30,27,27,30,11,8,3
138,q_learning,q_learning,game/agents/RL-Agents/q_tables/exp2_vs_rational_789987.pkl,game/agents/RL-Agents/q_tables/exp2_vs_rational_321123.pkl,J1,26,30,30,26,12,7,5
139,q_learning,q_learning,game/agents/RL-Agents/q_tables/exp2_vs_rational_789987.pkl,game/agents/RL-Agents/q_tables/exp2_vs_rational_321123.pkl,J0,30,8,8,30,6,3,3
140,q_learning,q_learning,game/agents/RL-Agents/q_tables/exp2_vs_rational_789987.pkl,game/agents/RL-Agents/q_tables/exp2_vs_rational_321123.pkl,J0,30,5,5,30,4,3,1
141,q_learning,q_learning,game/agents/RL-Agents/q_tables/exp2_vs_rational_789987.pkl,game/agents/RL-Agents/q_tables/exp2_vs_rational_321123.pkl,J0,30,13,13,30,5,2,3
142,q_learning,q_learning,game/agents/RL-Agents/q_tables/exp2_vs_rational_789987.pkl,game/agents/RL-Agents/q_tables/exp2_vs_rational_321123.pkl,J0,30,29,29,30,15,6,9
143,q_learning,q_learning,game/agents/RL-Agents/q_tables/exp2_vs_rational_789987.pkl,game/agents/RL-Agents/q_tables/exp2_vs_rational_321123.pkl,J1,13,30,30,13,5,5,0
144,q_learning,q_learning,game/agents/RL-Agents/q_tables/exp2_vs_rational_789987.pkl,game/agents/RL-Agents/q_tables/exp2_vs_rational_321123.pkl,J1,3,30,30,3,2,1,1
145,q_learning,q_learning,game/agents/RL-Agents/q_tables/exp2_vs_rational_789987.pkl,game/agents/RL-Agents/q_tables/exp2_vs_rational_321123.pkl,J0,30,25,25,30,14,9,5
146,q_learning,q_learning,game/agents/RL-Agents/q_tables/exp2_vs_rational_789987.pkl,game/agents/RL-Agents/q_tables/exp2_vs_rational_321123.pkl,J1,10,30,30,10,8,2,6
147,q_learning,q_learning,game/agents/RL-Agents/q_tables/exp2_vs_rational_789987.pkl,game/agents/RL-Agents/q_tables/exp2_vs_rational_321123.pkl,J1,1,30,30,1,1,1,0
148,q_learning,q_learning,game/agents/RL-Agents/q_tables/exp2_vs_rational_789987.pkl,game/agents/RL-Agents/q_tables/exp2_vs_rational_321123.pkl,J0,30,19,19,30,11,7,4
149,q_learning,q_learning,game/agents/RL-Agents/q_tables/exp2_vs_rational_789987.pkl,game/agents/RL-Agents/q_tables/exp2_vs_rational_321123.pkl,J1,20,30,30,20,10,5,5
150,q_learning,q_learning,game/agents/RL-Agents/q_tables/exp2_vs_rational_789987.pkl,game/agents/RL-Agents/q_tables/exp2_vs_rational_321123.pkl,J1,28,30,30,28,12,7,5
151,q_learning,q_learning,game/agents/RL-Agents/q_tables/exp2_vs_rational_789987.pkl,game/agents/RL-Agents/q_tables/exp2_vs_rational_321123.pkl,J0,30,13,13,30,16,8,8
152,q_learning,q_learning,game/agents/RL-Agents/q_tables/exp2_vs_rational_789987.pkl,game/agents/RL-Agents/q_tables/exp2_vs_rational_321123.pkl,J1,26,30,30,26,17,6,11
153,q_learning,q_learning,game/agents/RL-Agents/q_tables/exp2_vs_rational_789987.pkl,game/agents/RL-Agents/q_tables/exp2_vs_rational_321123.pkl,J1,10,30,30,10,8,2,6
154,q_learning,q_learning,game/agents/RL-Agents/q_tables/exp2_vs_rational_789987.pkl,game/agents/RL-Agents/q_tables/exp2_vs_rational_321123.pkl,J1,7,30,30,7,5,2,3
155,q_learning,q_learning,game/agents/RL-Agents/q_tables/exp2_vs_rational_789987.pkl,game/agents/RL-Agents/q_tables/exp2_vs_rational_321123.pkl,J1,19,30,30,19,12,4,8
156,q_learning,q_learning,game/agents/RL-Agents/q_tables/exp2_vs_rational_789987.pkl,game/agents/RL-Agents/q_tables/exp2_vs_rational_321123.pkl,J0,30,14,14,30,7,4,3
157,q_learning,q_learning,game/agents/RL-Agents/q_tables/exp2_vs_rational_789987.pkl,game/agents/RL-Agents/q_tables/exp2_vs_rational_321123.pkl,J1,0,30,30,0,0,0,0
158,q_learning,q_learning,game/agents/RL-Agents/q_tables/exp2_vs_rational_789987.pkl,game/agents/RL-Agents/q_tables/exp2_vs_rational_321123.pkl,J1,5,30,30,5,7,2,5
159,q_learning,q_learning,game/agents/RL-Agents/q_tables/exp2_vs_rational_789987.pkl,game/agents/RL-Agents/q_tables/exp2_vs_rational_321123.pkl,J0,30,21,21,30,12,6,6
160,q_learning,q_learning,game/agents/RL-Agents/q_tables/exp2_vs_rational_789987.pkl,game/agents/RL-Agents/q_tables/exp2_vs_rational_321123.pkl,J0,30,14,14,30,11,7,4
161,q_learning,q_learning,game/agents/RL-Agents/q_tables/exp2_vs_rational_789987.pkl,game/agents/RL-Agents/q_tables/exp2_vs_rational_321123.pkl,J0,30,24,24,30,14,9,5
162,q_learning,q_learning,game/agents/RL-Agents/q_tables/exp2_vs_rational_789987.pkl,game/agents/RL-Agents/q_tables/exp2_vs_rational_321123.pkl,J1,0,30,30,0,1,0,1
163,q_learning,q_learning,game/agents/RL-Agents/q_tables/exp2_vs_rational_789987.pkl,game/agents/RL-Agents/q_tables/exp2_vs_rational_321123.pkl,J0,30,21,21,30,17,9,8
164,q_learning,q_learning,game/agents/RL-Agents/q_tables/exp2_vs_rational_789987.pkl,game/agents/RL-Agents/q_tables/exp2_vs_rational_321123.pkl,J0,30,22,22,30,19,8,11
165,q_learning,q_learning,game/agents/RL-Agents/q_tables/exp2_vs_rational_789987.pkl,game/agents/RL-Agents/q_tables/exp2_vs_rational_321123.pkl,J0,30,6,6,30,4,3,1
166,q_learning,q_learning,game/agents/RL-Agents/q_tables/exp2_vs_rational_789987.pkl,game/agents/RL-Agents/q_tables/exp2_vs_rational_321123.pkl,J1,20,30,30,20,9,5,4
167,q_learning,q_learning,game/agents/RL-Agents/q_tables/exp2_vs_rational_789987.pkl,game/agents/RL-Agents/q_tables/exp2_vs_rational_321123.pkl,J0,30,0,0,30,0,0,0
168,q_learning,q_learning,game/agents/RL-Agents/q_tables/exp2_vs_rational_789987.pkl,game/agents/RL-Agents/q_tables/exp2_vs_rational_321123.pkl,J0,30,14,14,30,7,3,4
169,q_learning,q_learning,game/agents/RL-Agents/q_tables/exp2_vs_rational_789987.pkl,game/agents/RL-Agents/q_tables/exp2_vs_rational_321123.pkl,J1,8,30,30,8,4,3,1
170,q_learning,q_learning,game/agents/RL-Agents/q_tables/exp2_vs_rational_789987.pkl,game/agents/RL-Agents/q_tables/exp2_vs_rational_321123.pkl,J0,30,0,0,30,0,0,0
171,q_learning,q_learning,game/agents/RL-Agents/q_tables/exp2_vs_rational_789987.pkl,game/agents/RL-Agents/q_tables/exp2_vs_rational_321123.pkl,J0,30,23,23,30,13,8,5
172,q_learning,q_learning,game/agents/RL-Agents/q_tables/exp2_vs_rational_789987.pkl,game/agents/RL-Agents/q_tables/exp2_vs_rational_321123.pkl,J1,4,30,30,4,2,1,1
173,q_learning,q_learning,game/agents/RL-Agents/q_tables/exp2_vs_rational_789987.pkl,game/agents/RL-Agents/q_tables/exp2_vs_rational_321123.pkl,J1,0,30,30,0,1,0,1
174,q_learning,q_learning,game/agents/RL-Agents/q_tables/exp2_vs_rational_789987.pkl,game/agents/RL-Agents/q_tables/exp2_vs_rational_321123.pkl,J1,17,30,30,17,12,4,8
175,q_learning,q_learning,game/agents/RL-Agents/q_tables/exp2_vs_rational_789987.pkl,game/agents/RL-Agents/q_tables/exp2_vs_rational_321123.pkl,J0,30,10,10,30,9,4,5
176,q_learning,q_learning,game/agents/RL-Agents/q_tables/exp2_vs_rational_789987.pkl,game/agents/RL-Agents/q_tables/exp2_vs_rational_321123.pkl,J0,30,4,4,30,3,2,1
177,q_learning,q_learning,game/agents/RL-Agents/q_tables/exp2_vs_rational_789987.pkl,game/agents/RL-Agents/q_tables/exp2_vs_rational_321123.pkl,J1,0,30,30,0,0,0,0
178,q_learning,q_learning,game/agents/RL-Agents/q_tables/exp2_vs_rational_789987.pkl,game/agents/RL-Agents/q_tables/exp2_vs_rational_321123.pkl,J0,30,14,14,30,17,11,6
179,q_learning,q_learning,game/agents/RL-Agents/q_tables/exp2_vs_rational_789987.pkl,game/agents/RL-Agents/q_tables/exp2_vs_rational_321123.pkl,J0,30,25,25,30,20,12,8
180,q_learning,q_learning,game/agents/RL-Agents/q_tables/exp2_vs_rational_789987.pkl,game/agents/RL-Agents/q_tables/exp2_vs_rational_321123.pkl,J1,10,30,30,10,11,3,8
181,q_learning,q_learning,game/agents/RL-Agents/q_tables/exp2_vs_rational_789987.pkl,game/agents/RL-Agents/q_tables/exp2_vs_rational_321123.pkl,J1,23,30,30,23,18,7,11
182,q_learning,q_learning,game/agents/RL-Agents/q_tables/exp2_vs_rational_789987.pkl,game/agents/RL-Agents/q_tables/exp2_vs_rational_321123.pkl,J1,25,30,30,25,12,5,7
183,q_learning,q_learning,game/agents/RL-Agents/q_tables/exp2_vs_rational_789987.pkl,game/agents/RL-Agents/q_tables/exp2_vs_rational_321123.pkl,J0,30,5,5,30,2,1,1
184,q_learning,q_learning,game/agents/RL-Agents/q_tables/exp2_vs_rational_789987.pkl,game/agents/RL-Agents/q_tables/exp2_vs_rational_321123.pkl,J1,29,30,30,29,14,9,5
185,q_learning,q_learning,game/agents/RL-Agents/q_tables/exp2_vs_rational_789987.pkl,game/agents/RL-Agents/q_tables/exp2_vs_rational_321123.pkl,J1,27,30,30,27,10,7,3
186,q_learning,q_learning,game/agents/RL-Agents/q_tables/exp2_vs_rational_789987.pkl,game/agents/RL-Agents/q_tables/exp2_vs_rational_321123.pkl,J0,30,0,0,30,0,0,0
187,q_learning,q_learning,game/agents/RL-Agents/q_tables/exp2_vs_rational_789987.pkl,game/agents/RL-Agents/q_tables/exp2_vs_rational_321123.pkl,J1,15,30,30,15,13,5,8
188,q_learning,q_learning,game/agents/RL-Agents/q_tables/exp2_vs_rational_789987.pkl,game/agents/RL-Agents/q_tables/exp2_vs_rational_321123.pkl,J1,23,30,30,23,16,7,9
189,q_learning,q_learning,game/agents/RL-Agents/q_tables/exp2_vs_rational_789987.pkl,game/agents/RL-Agents/q_tables/exp2_vs_rational_321123.pkl,J0,30,17,17,30,14,8,6
190,q_learning,q_learning,game/agents/RL-Agents/q_tables/exp2_vs_rational_789987.pkl,game/agents/RL-Agents/q_tables/exp2_vs_rational_321123.pkl,J0,30,14,14,30,13,8,5
191,q_learning,q_learning,game/agents/RL-Agents/q_tables/exp2_vs_rational_789987.pkl,game/agents/RL-Agents/q_tables/exp2_vs_rational_321123.pkl,J1,19,30,30,19,11,4,7
192,q_learning,q_learning,game/agents/RL-Agents/q_tables/exp2_vs_rational_789987.pkl,game/agents/RL-Agents/q_tables/exp2_vs_rational_321123.pkl,J0,30,0,0,30,0,0,0
193,q_learning,q_learning,game/agents/RL-Agents/q_tables/exp2_vs_rational_789987.pkl,game/agents/RL-Agents/q_tables/exp2_vs_rational_321123.pkl,J0,30,2,2,30,3,2,1
194,q_learning,q_learning,game/agents/RL-Agents/q_tables/exp2_vs_rational_789987.pkl,game/agents/RL-Agents/q_tables/exp2_vs_rational_321123.pkl,J0,30,26,26,30,16,8,8
195,q_learning,q_learning,game/agents/RL-Agents/q_tables/exp2_vs_rational_789987.pkl,game/agents/RL-Agents/q_tables/exp2_vs_rational_321123.pkl,J1,22,30,30,22,14,5,9
196,q_learning,q_learning,game/agents/RL-Agents/q_tables/exp2_vs_rational_789987.pkl,game/agents/RL-Agents/q_tables/exp2_vs_rational_321123.pkl,J1,16,30,30,16,11,7,4
197,q_learning,q_learning,game/agents/RL-Agents/q_tables/exp2_vs_rational_789987.pkl,game/agents/RL-Agents/q_tables/exp2_vs_rational_321123.pkl,J1,23,30,30,23,14,8,6
198,q_learning,q_learning,game/agents/RL-Agents/q_tables/exp2_vs_rational_789987.pkl,game/agents/RL-Agents/q_tables/exp2_vs_rational_321123.pkl,J0,30,13,13,30,12,8,4
199,q_learning,q_learning,game/agents/RL-Agents/q_tables/exp2_vs_rational_789987.pkl,game/agents/RL-Agents/q_tables/exp2_vs_rational_321123.pkl,J0,30,23,23,30,14,7,7
200,q_learning,q_learning,game/agents/RL-Agents/q_tables/exp2_vs_rational_789987.pkl,game/agents/RL-Agents/q_tables/exp2_vs_rational_321123.pkl,J0,30,2,2,30,6,4,2
201,q_learning,q_learning,game/agents/RL-Agents/q_tables/exp2_vs_rational_789987.pkl,game/agents/RL-Agents/q_tables/exp2_vs_rational_321123.pkl,J1,12,30,30,12,10,3,7
202,q_learning,q_learning,game/agents/RL-Agents/q_tables/exp2_vs_rational_789987.pkl,game/agents/RL-Agents/q_tables/exp2_vs_rational_321123.pkl,J1,2,30,30,2,3,1,2
203,q_learning,q_learning,game/agents/RL-Agents/q_tables/exp2_vs_rational_789987.pkl,game/agents/RL-Agents/q_tables/exp2_vs_rational_321123.pkl,J0,30,5,5,30,2,1,1
204,q_learning,q_learning,game/agents/RL-Agents/q_tables/exp2_vs_rational_789987.pkl,game/agents/RL-Agents/q_tables/exp2_vs_rational_321123.pkl,J1,22,30,30,22,7,5,2
205,q_learning,q_learning,game/agents/RL-Agents/q_tables/exp2_vs_rational_789987.pkl,game/agents/RL-Agents/q_tables/exp2_vs_rational_321123.pkl,J0,30,28,28,30,16,8,8
206,q_learning,q_learning,game/agents/RL-Agents/q_tables/exp2_vs_rational_789987.pkl,game/agents/RL-Agents/q_tables/exp2_vs_rational_321123.pkl,J1,10,30,30,10,7,3,4
207,q_learning,q_learning,game/agents/RL-Agents/q_tables/exp2_vs_rational_789987.pkl,game/agents/RL-Agents/q_tables/exp2_vs_rational_321123.pkl,J1,23,30,30,23,16,9,7
208,q_learning,q_learning,game/agents/RL-Agents/q_tables/exp2_vs_rational_789987.pkl,game/agents/RL-Agents/q_tables/exp2_vs_rational_321123.pkl,J1,9,30,30,9,10,4,6
209,q_learning,q_learning,game/agents/RL-Agents/q_tables/exp2_vs_rational_789987.pkl,game/agents/RL-Agents/q_tables/exp2_vs_rational_321123.pkl,J1,2,30,30,2,1,1,0
210,q_learning,q_learning,game/agents/RL-Agents/q_tables/exp2_vs_rational_789987.pkl,game/agents/RL-Agents/q_tables/exp2_vs_rational_321123.pkl,J0,30,23,23,30,15,7,8
211,q_learning,q_learning,game/agents/RL-Agents/q_tables/exp2_vs_rational_789987.pkl,game/agents/RL-Agents/q_tables/exp2_vs_rational_321123.pkl,J0,30,12,12,30,10,6,4
212,q_learning,q_learning,game/agents/RL-Agents/q_tables/exp2_vs_rational_789987.pkl,game/agents/RL-Agents/q_tables/exp2_vs_rational_321123.pkl,J1,10,30,30,10,12,3,9
213,q_learning,q_learning,game/agents/RL-Agents/q_tables/exp2_vs_rational_789987.pkl,game/agents/RL-Agents/q_tables/exp2_vs_rational_321123.pkl,J1,24,30,30,24,15,8,7
214,q_learning,q_learning,game/agents/RL-Agents/q_tables/exp2_vs_rational_789987.pkl,game/agents/RL-Agents/q_tables/exp2_vs_rational_321123.pkl,J0,30,0,0,30,0,0,0
215,q_learning,q_learning,game/agents/RL-Agents/q_tables/exp2_vs_rational_789987.pkl,game/agents/RL-Agents/q_tables/exp2_vs_rational_321123.pkl,J0,30,25,25,30,16,8,8
216,q_learning,q_learning,game/agents/RL-Agents/q_tables/exp2_vs_rational_789987.pkl,game/agents/RL-Agents/q_tables/exp2_vs_rational_321123.pkl,J1,8,30,30,8,8,3,5
217,q_learning,q_learning,game/agents/RL-Agents/q_tables/exp2_vs_rational_789987.pkl,game/agents/RL-Agents/q_tables/exp2_vs_rational_321123.pkl,J0,30,3,3,30,5,3,2
218,q_learning,q_learning,game/agents/RL-Agents/q_tables/exp2_vs_rational_789987.pkl,game/agents/RL-Agents/q_tables/exp2_vs_rational_321123.pkl,J0,30,20,20,30,17,9,8
219,q_learning,q_learning,game/agents/RL-Agents/q_tables/exp2_vs_rational_789987.pkl,game/agents/RL-Agents/q_tables/exp2_vs_rational_321123.pkl,J0,30,29,29,30,14,8,6
220,q_learning,q_learning,game/agents/RL-Agents/q_tables/exp2_vs_rational_789987.pkl,game/agents/RL-Agents/q_tables/exp2_vs_rational_321123.pkl,J0,30,21,21,30,18,8,10
221,q_learning,q_learning,game/agents/RL-Agents/q_tables/exp2_vs_rational_789987.pkl,game/agents/RL-Agents/q_tables/exp2_vs_rational_321123.pkl,J0,30,0,0,30,1,1,0
222,q_learning,q_learning,game/agents/RL-Agents/q_tables/exp2_vs_rational_789987.pkl,game/agents/RL-Agents/q_tables/exp2_vs_rational_321123.pkl,J0,30,7,7,30,13,11,2
223,q_learning,q_learning,game/agents/RL-Agents/q_tables/exp2_vs_rational_789987.pkl,game/agents/RL-Agents/q_tables/exp2_vs_rational_321123.pkl,J0,30,1,1,30,2,1,1
224,q_learning,q_learning,game/agents/RL-Agents/q_tables/exp2_vs_rational_789987.pkl,game/agents/RL-Agents/q_tables/exp2_vs_rational_321123.pkl,J0,30,21,21,30,9,3,6
225,q_learning,q_learning,game/agents/RL-Agents/q_tables/exp2_vs_rational_789987.pkl,game/agents/RL-Agents/q_tables/exp2_vs_rational_321123.pkl,J1,14,30,30,14,11,4,7
226,q_learning,q_learning,game/agents/RL-Agents/q_tables/exp2_vs_rational_789987.pkl,game/agents/RL-Agents/q_tables/exp2_vs_rational_321123.pkl,J1,20,30,30,20,11,5,6
227,q_learning,q_learning,game/agents/RL-Agents/q_tables/exp2_vs_rational_789987.pkl,game/agents/RL-Agents/q_tables/exp2_vs_rational_321123.pkl,J0,30,0,0,30,0,0,0
228,q_learning,q_learning,game/agents/RL-Agents/q_tables/exp2_vs_rational_789987.pkl,game/agents/RL-Agents/q_tables/exp2_vs_rational_321123.pkl,J0,30,19,19,30,7,2,5
229,q_learning,q_learning,game/agents/RL-Agents/q_tables/exp2_vs_rational_789987.pkl,game/agents/RL-Agents/q_tables/exp2_vs_rational_321123.pkl,J0,30,15,15,30,13,7,6
230,q_learning,q_learning,game/agents/RL-Agents/q_tables/exp2_vs_rational_789987.pkl,game/agents/RL-Agents/q_tables/exp2_vs_rational_321123.pkl,J0,30,19,19,30,12,5,7
231,q_learning,q_learning,game/agents/RL-Agents/q_tables/exp2_vs_rational_789987.pkl,game/agents/RL-Agents/q_tables/exp2_vs_rational_321123.pkl,J1,12,30,30,12,11,4,7
232,q_learning,q_learning,game/agents/RL-Agents/q_tables/exp2_vs_rational_789987.pkl,game/agents/RL-Agents/q_tables/exp2_vs_rational_321123.pkl,J0,30,8,8,30,5,3,2
233,q_learning,q_learning,game/agents/RL-Agents/q_tables/exp2_vs_rational_789987.pkl,game/agents/RL-Agents/q_tables/exp2_vs_rational_321123.pkl,J0,30,12,12,30,8,3,5
234,q_learning,q_learning,game/agents/RL-Agents/q_tables/exp2_vs_rational_789987.pkl,game/agents/RL-Agents/q_tables/exp2_vs_rational_321123.pkl,J0,30,22,22,30,18,11,7
235,q_learning,q_learning,game/agents/RL-Agents/q_tables/exp2_vs_rational_789987.pkl,game/agents/RL-Agents/q_tables/exp2_vs_rational_321123.pkl,J0,30,23,23,30,16,8,8
236,q_learning,q_learning,game/agents/RL-Agents/q_tables/exp2_vs_rational_789987.pkl,game/agents/RL-Agents/q_tables/exp2_vs_rational_321123.pkl,J0,30,25,25,30,16,8,8
237,q_learning,q_learning,game/agents/RL-Agents/q_tables/exp2_vs_rational_789987.pkl,game/agents/RL-Agents/q_tables/exp2_vs_rational_321123.pkl,J0,30,28,28,30,18,9,9
238,q_learning,q_learning,game/agents/RL-Agents/q_tables/exp2_vs_rational_789987.pkl,game/agents/RL-Agents/q_tables/exp2_vs_rational_321123.pkl,J0,30,0,0,30,0,0,0
239,q_learning,q_learning,game/agents/RL-Agents/q_tables/exp2_vs_rational_789987.pkl,game/agents/RL-Agents/q_tables/exp2_vs_rational_321123.pkl,J0,30,23,23,30,14,8,6
240,q_learning,q_learning,game/agents/RL-Agents/q_tables/exp2_vs_rational_789987.pkl,game/agents/RL-Agents/q_tables/exp2_vs_rational_321123.pkl,J1,15,30,30,15,9,2,7
241,q_learning,q_learning,game/agents/RL-Agents/q_tables/exp2_vs_rational_789987.pkl,game/agents/RL-Agents/q_tables/exp2_vs_rational_321123.pkl,J1,25,30,30,25,14,7,7
242,q_learning,q_learning,game/agents/RL-Agents/q_tables/exp2_vs_rational_789987.pkl,game/agents/RL-Agents/q_tables/exp2_vs_rational_321123.pkl,J0,30,0,0,30,2,2,0
243,q_learning,q_learning,game/agents/RL-Agents/q_tables/exp2_vs_rational_789987.pkl,game/agents/RL-Agents/q_tables/exp2_vs_rational_321123.pkl,J1,4,30,30,4,1,1,0
244,q_learning,q_learning,game/agents/RL-Agents/q_tables/exp2_vs_rational_789987.pkl,game/agents/RL-Agents/q_tables/exp2_vs_rational_321123.pkl,J0,30,15,15,30,8,4,4
245,q_learning,q_learning,game/agents/RL-Agents/q_tables/exp2_vs_rational_789987.pkl,game/agents/RL-Agents/q_tables/exp2_vs_rational_321123.pkl,J0,30,14,14,30,13,9,4
246,q_learning,q_learning,game/agents/RL-Agents/q_tables/exp2_vs_rational_789987.pkl,game/agents/RL-Agents/q_tables/exp2_vs_rational_321123.pkl,J0,30,24,24,30,11,6,5
247,q_learning,q_learning,game/agents/RL-Agents/q_tables/exp2_vs_rational_789987.pkl,game/agents/RL-Agents/q_tables/exp2_vs_rational_321123.pkl,J1,10,30,30,10,6,3,3
248,q_learning,q_learning,game/agents/RL-Agents/q_tables/exp2_vs_rational_789987.pkl,game/agents/RL-Agents/q_tables/exp2_vs_rational_321123.pkl,J0,30,0,0,30,0,0,0
249,q_learning,q_learning,game/agents/RL-Agents/q_tables/exp2_vs_rational_789987.pkl,game/agents/RL-Agents/q_tables/exp2_vs_rational_321123.pkl,J0,30,2,2,30,2,1,1
250,q_learning,q_learning,game/agents/RL-Agents/q_tables/exp2_vs_rational_789987.pkl,game/agents/RL-Agents/q_tables/exp2_vs_rational_321123.pkl,J0,30,26,26,30,15,8,7
251,q_learning,q_learning,game/agents/RL-Agents/q_tables/exp2_vs_rational_789987.pkl,game/agents/RL-Agents/q_tables/exp2_vs_rational_321123.pkl,J0,30,24,24,30,13,6,7
252,q_learning,q_learning,game/agents/RL-Agents/q_tables/exp2_vs_rational_789987.pkl,game/agents/RL-Agents/q_tables/exp2_vs_rational_321123.pkl,J1,12,30,30,12,10,3,7
253,q_learning,q_learning,game/agents/RL-Agents/q_tables/exp2_vs_rational_789987.pkl,game/agents/RL-Agents/q_tables/exp2_vs_rational_321123.pkl,J0,30,9,9,30,6,2,4
254,q_learning,q_learning,game/agents/RL-Agents/q_tables/exp2_vs_rational_789987.pkl,game/agents/RL-Agents/q_tables/exp2_vs_rational_321123.pkl,J0,30,18,18,30,14,12,2
255,q_learning,q_learning,game/agents/RL-Agents/q_tables/exp2_vs_rational_789987.pkl,game/agents/RL-Agents/q_tables/exp2_vs_rational_321123.pkl,J1,1,30,30,1,1,1,0
256,q_learning,q_learning,game/agents/RL-Agents/q_tables/exp2_vs_rational_789987.pkl,game/agents/RL-Agents/q_tables/exp2_vs_rational_321123.pkl,J0,30,2,2,30,2,1,1
257,q_learning,q_learning,game/agents/RL-Agents/q_tables/exp2_vs_rational_789987.pkl,game/agents/RL-Agents/q_tables/exp2_vs_rational_321123.pkl,J0,30,18,18,30,14,10,4
258,q_learning,q_learning,game/agents/RL-Agents/q_tables/exp2_vs_rational_789987.pkl,game/agents/RL-Agents/q_tables/exp2_vs_rational_321123.pkl,J0,30,1,1,30,2,1,1
259,q_learning,q_learning,game/agents/RL-Agents/q_tables/exp2_vs_rational_789987.pkl,game/agents/RL-Agents/q_tables/exp2_vs_rational_321123.pkl,J1,15,30,30,15,16,6,10
260,q_learning,q_learning,game/agents/RL-Agents/q_tables/exp2_vs_rational_789987.pkl,game/agents/RL-Agents/q_tables/exp2_vs_rational_321123.pkl,J0,30,26,26,30,17,9,8
261,q_learning,q_learning,game/agents/RL-Agents/q_tables/exp2_vs_rational_789987.pkl,game/agents/RL-Agents/q_tables/exp2_vs_rational_321123.pkl,J1,20,30,30,20,16,8,8
262,q_learning,q_learning,game/agents/RL-Agents/q_tables/exp2_vs_rational_789987.pkl,game/agents/RL-Agents/q_tables/exp2_vs_rational_321123.pkl,J1,11,30,30,11,9,2,7
263,q_learning,q_learning,game/agents/RL-Agents/q_tables/exp2_vs_rational_789987.pkl,game/agents/RL-Agents/q_tables/exp2_vs_rational_321123.pkl,J1,15,30,30,15,10,5,5
264,q_learning,q_learning,game/agents/RL-Agents/q_tables/exp2_vs_rational_789987.pkl,game/agents/RL-Agents/q_tables/exp2_vs_rational_321123.pkl,J0,30,20,20,30,14,7,7
265,q_learning,q_learning,game/agents/RL-Agents/q_tables/exp2_vs_rational_789987.pkl,game/agents/RL-Agents/q_tables/exp2_vs_rational_321123.pkl,J1,0,30,30,0,1,0,1
266,q_learning,q_learning,game/agents/RL-Agents/q_tables/exp2_vs_rational_789987.pkl,game/agents/RL-Agents/q_tables/exp2_vs_rational_321123.pkl,J1,25,30,30,25,14,6,8
267,q_learning,q_learning,game/agents/RL-Agents/q_tables/exp2_vs_rational_789987.pkl,game/agents/RL-Agents/q_tables/exp2_vs_rational_321123.pkl,J1,18,30,30,18,12,6,6
268,q_learning,q_learning,game/agents/RL-Agents/q_tables/exp2_vs_rational_789987.pkl,game/agents/RL-Agents/q_tables/exp2_vs_rational_321123.pkl,J0,30,26,26,30,7,3,4
269,q_learning,q_learning,game/agents/RL-Agents/q_tables/exp2_vs_rational_789987.pkl,game/agents/RL-Agents/q_tables/exp2_vs_rational_321123.pkl,J1,26,30,30,26,17,8,9
270,q_learning,q_learning,game/agents/RL-Agents/q_tables/exp2_vs_rational_789987.pkl,game/agents/RL-Agents/q_tables/exp2_vs_rational_321123.pkl,J0,30,0,0,30,2,2,0
271,q_learning,q_learning,game/agents/RL-Agents/q_tables/exp2_vs_rational_789987.pkl,game/agents/RL-Agents/q_tables/exp2_vs_rational_321123.pkl,J1,17,30,30,17,11,5,6
272,q_learning,q_learning,game/agents/RL-Agents/q_tables/exp2_vs_rational_789987.pkl,game/agents/RL-Agents/q_tables/exp2_vs_rational_321123.pkl,J0,30,7,7,30,6,4,2
273,q_learning,q_learning,game/agents/RL-Agents/q_tables/exp2_vs_rational_789987.pkl,game/agents/RL-Agents/q_tables/exp2_vs_rational_321123.pkl,J0,30,10,10,30,11,9,2
274,q_learning,q_learning,game/agents/RL-Agents/q_tables/exp2_vs_rational_789987.pkl,game/agents/RL-Agents/q_tables/exp2_vs_rational_321123.pkl,J1,2,30,30,2,4,2,2
275,q_learning,q_learning,game/agents/RL-Agents/q_tables/exp2_vs_rational_789987.pkl,game/agents/RL-Agents/q_tables/exp2_vs_rational_321123.pkl,J1,2,30,30,2,6,1,5
276,q_learning,q_learning,game/agents/RL-Agents/q_tables/exp2_vs_rational_789987.pkl,game/agents/RL-Agents/q_tables/exp2_vs_rational_321123.pkl,J0,30,8,8,30,5,2,3
277,q_learning,q_learning,game/agents/RL-Agents/q_tables/exp2_vs_rational_789987.pkl,game/agents/RL-Agents/q_tables/exp2_vs_rational_321123.pkl,J0,30,6,6,30,9,6,3
278,q_learning,q_learning,game/agents/RL-Agents/q_tables/exp2_vs_rational_789987.pkl,game/agents/RL-Agents/q_tables/exp2_vs_rational_321123.pkl,J1,19,30,30,19,14,6,8
279,q_learning,q_learning,game/agents/RL-Agents/q_tables/exp2_vs_rational_789987.pkl,game/agents/RL-Agents/q_tables/exp2_vs_rational_321123.pkl,J1,17,30,30,17,9,6,3
280,q_learning,q_learning,game/agents/RL-Agents/q_tables/exp2_vs_rational_789987.pkl,game/agents/RL-Agents/q_tables/exp2_vs_rational_321123.pkl,J0,30,3,3,30,4,3,1
281,q_learning,q_learning,game/agents/RL-Agents/q_tables/exp2_vs_rational_789987.pkl,game/agents/RL-Agents/q_tables/exp2_vs_rational_321123.pkl,J1,26,30,30,26,12,5,7
282,q_learning,q_learning,game/agents/RL-Agents/q_tables/exp2_vs_rational_789987.pkl,game/agents/RL-Agents/q_tables/exp2_vs_rational_321123.pkl,J0,30,13,13,30,12,9,3
283,q_learning,q_learning,game/agents/RL-Agents/q_tables/exp2_vs_rational_789987.pkl,game/agents/RL-Agents/q_tables/exp2_vs_rational_321123.pkl,J0,30,8,8,30,11,8,3
284,q_learning,q_learning,game/agents/RL-Agents/q_tables/exp2_vs_rational_789987.pkl,game/agents/RL-Agents/q_tables/exp2_vs_rational_321123.pkl,J0,30,15,15,30,6,2,4
285,q_learning,q_learning,game/agents/RL-Agents/q_tables/exp2_vs_rational_789987.pkl,game/agents/RL-Agents/q_tables/exp2_vs_rational_321123.pkl,J1,4,30,30,4,7,1,6
286,q_learning,q_learning,game/agents/RL-Agents/q_tables/exp2_vs_rational_789987.pkl,game/agents/RL-Agents/q_tables/exp2_vs_rational_321123.pkl,J1,1,30,30,1,1,0,1
287,q_learning,q_learning,game/agents/RL-Agents/q_tables/exp2_vs_rational_789987.pkl,game/agents/RL-Agents/q_tables/exp2_vs_rational_321123.pkl,J0,30,14,14,30,9,6,3
288,q_learning,q_learning,game/agents/RL-Agents/q_tables/exp2_vs_rational_789987.pkl,game/agents/RL-Agents/q_tables/exp2_vs_rational_321123.pkl,J0,30,25,25,30,15,6,9
289,q_learning,q_learning,game/agents/RL-Agents/q_tables/exp2_vs_rational_789987.pkl,game/agents/RL-Agents/q_tables/exp2_vs_rational_321123.pkl,J0,30,7,7,30,3,1,2
290,q_learning,q_learning,game/agents/RL-Agents/q_tables/exp2_vs_rational_789987.pkl,game/agents/RL-Agents/q_tables/exp2_vs_rational_321123.pkl,J0,30,1,1,30,4,4,0
291,q_learning,q_learning,game/agents/RL-Agents/q_tables/exp2_vs_rational_789987.pkl,game/agents/RL-Agents/q_tables/exp2_vs_rational_321123.pkl,J0,30,20,20,30,12,6,6
292,q_learning,q_learning,game/agents/RL-Agents/q_tables/exp2_vs_rational_789987.pkl,game/agents/RL-Agents/q_tables/exp2_vs_rational_321123.pkl,J0,30,8,8,30,14,11,3
293,q_learning,q_learning,game/agents/RL-Agents/q_tables/exp2_vs_rational_789987.pkl,game/agents/RL-Agents/q_tables/exp2_vs_rational_321123.pkl,J1,2,30,30,2,2,1,1
294,q_learning,q_learning,game/agents/RL-Agents/q_tables/exp2_vs_rational_789987.pkl,game/agents/RL-Agents/q_tables/exp2_vs_rational_321123.pkl,J1,20,30,30,20,14,7,7
295,q_learning,q_learning,game/agents/RL-Agents/q_tables/exp2_vs_rational_789987.pkl,game/agents/RL-Agents/q_tables/exp2_vs_rational_321123.pkl,J1,17,30,30,17,13,5,8
296,q_learning,q_learning,game/agents/RL-Agents/q_tables/exp2_vs_rational_789987.pkl,game/agents/RL-Agents/q_tables/exp2_vs_rational_321123.pkl,J0,30,24,24,30,14,7,7
297,q_learning,q_learning,game/agents/RL-Agents/q_tables/exp2_vs_rational_789987.pkl,game/agents/RL-Agents/q_tables/exp2_vs_rational_321123.pkl,J1,16,30,30,16,9,5,4
298,q_learning,q_learning,game/agents/RL-Agents/q_tables/exp2_vs_rational_789987.pkl,game/agents/RL-Agents/q_tables/exp2_vs_rational_321123.pkl,J1,5,30,30,5,3,2,1
299,q_learning,q_learning,game/agents/RL-Agents/q_tables/exp2_vs_rational_789987.pkl,game/agents/RL-Agents/q_tables/exp2_vs_rational_321123.pkl,J1,13,30,30,13,10,3,7
300,q_learning,q_learning,game/agents/RL-Agents/q_tables/exp2_vs_rational_789987.pkl,game/agents/RL-Agents/q_tables/exp2_vs_rational_321123.pkl,J1,4,30,30,4,3,1,2
301,q_learning,q_learning,game/agents/RL-Agents/q_tables/exp2_vs_rational_789987.pkl,game/agents/RL-Agents/q_tables/exp2_vs_rational_321123.pkl,J0,30,13,13,30,8,4,4
302,q_learning,q_learning,game/agents/RL-Agents/q_tables/exp2_vs_rational_789987.pkl,game/agents/RL-Agents/q_tables/exp2_vs_rational_321123.pkl,J0,30,26,26,30,16,8,8
303,q_learning,q_learning,game/agents/RL-Agents/q_tables/exp2_vs_rational_789987.pkl,game/agents/RL-Agents/q_tables/exp2_vs_rational_321123.pkl,J1,24,30,30,24,15,9,6
304,q_learning,q_learning,game/agents/RL-Agents/q_tables/exp2_vs_rational_789987.pkl,game/agents/RL-Agents/q_tables/exp2_vs_rational_321123.pkl,J0,30,22,22,30,19,8,11
305,q_learning,q_learning,game/agents/RL-Agents/q_tables/exp2_vs_rational_789987.pkl,game/agents/RL-Agents/q_tables/exp2_vs_rational_321123.pkl,J1,0,30,30,0,0,0,0
306,q_learning,q_learning,game/agents/RL-Agents/q_tables/exp2_vs_rational_789987.pkl,game/agents/RL-Agents/q_tables/exp2_vs_rational_321123.pkl,J1,12,30,30,12,13,3,10
307,q_learning,q_learning,game/agents/RL-Agents/q_tables/exp2_vs_rational_789987.pkl,game/agents/RL-Agents/q_tables/exp2_vs_rational_321123.pkl,J1,5,30,30,5,3,1,2
308,q_learning,q_learning,game/agents/RL-Agents/q_tables/exp2_vs_rational_789987.pkl,game/agents/RL-Agents/q_tables/exp2_vs_rational_321123.pkl,J1,22,30,30,22,12,6,6
309,q_learning,q_learning,game/agents/RL-Agents/q_tables/exp2_vs_rational_789987.pkl,game/agents/RL-Agents/q_tables/exp2_vs_rational_321123.pkl,J1,28,30,30,28,15,7,8
310,q_learning,q_learning,game/agents/RL-Agents/q_tables/exp2_vs_rational_789987.pkl,game/agents/RL-Agents/q_tables/exp2_vs_rational_321123.pkl,J1,25,30,30,25,12,3,9
311,q_learning,q_learning,game/agents/RL-Agents/q_tables/exp2_vs_rational_789987.pkl,game/agents/RL-Agents/q_tables/exp2_vs_rational_321123.pkl,J0,30,4,4,30,10,9,1
312,q_learning,q_learning,game/agents/RL-Agents/q_tables/exp2_vs_rational_789987.pkl,game/agents/RL-Agents/q_tables/exp2_vs_rational_321123.pkl,J1,0,30,30,0,0,0,0
313,q_learning,q_learning,game/agents/RL-Agents/q_tables/exp2_vs_rational_789987.pkl,game/agents/RL-Agents/q_tables/exp2_vs_rational_321123.pkl,J1,15,30,30,15,13,5,8
314,q_learning,q_learning,game/agents/RL-Agents/q_tables/exp2_vs_rational_789987.pkl,game/agents/RL-Agents/q_tables/exp2_vs_rational_321123.pkl,J1,14,30,30,14,9,2,7
315,q_learning,q_learning,game/agents/RL-Agents/q_tables/exp2_vs_rational_789987.pkl,game/agents/RL-Agents/q_tables/exp2_vs_rational_321123.pkl,J0,30,22,22,30,15,9,6
316,q_learning,q_learning,game/agents/RL-Agents/q_tables/exp2_vs_rational_789987.pkl,game/agents/RL-Agents/q_tables/exp2_vs_rational_321123.pkl,J1,1,30,30,1,2,0,2
317,q_learning,q_learning,game/agents/RL-Agents/q_tables/exp2_vs_rational_789987.pkl,game/agents/RL-Agents/q_tables/exp2_vs_rational_321123.pkl,J0,30,27,27,30,12,5,7
318,q_learning,q_learning,game/agents/RL-Agents/q_tables/exp2_vs_rational_789987.pkl,game/agents/RL-Agents/q_tables/exp2_vs_rational_321123.pkl,J0,30,27,27,30,13,7,6
319,q_learning,q_learning,game/agents/RL-Agents/q_tables/exp2_vs_rational_789987.pkl,game/agents/RL-Agents/q_tables/exp2_vs_rational_321123.pkl,J0,30,7,7,30,4,1,3
320,q_learning,q_learning,game/agents/RL-Agents/q_tables/exp2_vs_rational_789987.pkl,game/agents/RL-Agents/q_tables/exp2_vs_rational_321123.pkl,J0,30,26,26,30,15,6,9
321,q_learning,q_learning,game/agents/RL-Agents/q_tables/exp2_vs_rational_789987.pkl,game/agents/RL-Agents/q_tables/exp2_vs_rational_321123.pkl,J0,30,13,13,30,12,7,5
322,q_learning,q_learning,game/agents/RL-Agents/q_tables/exp2_vs_rational_789987.pkl,game/agents/RL-Agents/q_tables/exp2_vs_rational_321123.pkl,J1,8,30,30,8,10,2,8
323,q_learning,q_learning,game/agents/RL-Agents/q_tables/exp2_vs_rational_789987.pkl,game/agents/RL-Agents/q_tables/exp2_vs_rational_321123.pkl,J1,7,30,30,7,6,3,3
324,q_learning,q_learning,game/agents/RL-Agents/q_tables/exp2_vs_rational_789987.pkl,game/agents/RL-Agents/q_tables/exp2_vs_rational_321123.pkl,J1,13,30,30,13,15,5,10
325,q_learning,q_learning,game/agents/RL-Agents/q_tables/exp2_vs_rational_789987.pkl,game/agents/RL-Agents/q_tables/exp2_vs_rational_321123.pkl,J0,30,14,14,30,10,5,5
326,q_learning,q_learning,game/agents/RL-Agents/q_tables/exp2_vs_rational_789987.pkl,game/agents/RL-Agents/q_tables/exp2_vs_rational_321123.pkl,J1,0,30,30,0,0,0,0
327,q_learning,q_learning,game/agents/RL-Agents/q_tables/exp2_vs_rational_789987.pkl,game/agents/RL-Agents/q_tables/exp2_vs_rational_321123.pkl,J1,6,30,30,6,2,2,0
328,q_learning,q_learning,game/agents/RL-Agents/q_tables/exp2_vs_rational_789987.pkl,game/agents/RL-Agents/q_tables/exp2_vs_rational_321123.pkl,J0,30,11,11,30,11,8,3
329,q_learning,q_learning,game/agents/RL-Agents/q_tables/exp2_vs_rational_789987.pkl,game/agents/RL-Agents/q_tables/exp2_vs_rational_321123.pkl,J1,5,30,30,5,10,2,8
330,q_learning,q_learning,game/agents/RL-Agents/q_tables/exp2_vs_rational_789987.pkl,game/agents/RL-Agents/q_tables/exp2_vs_rational_321123.pkl,J0,30,0,0,30,0,0,0
331,q_learning,q_learning,game/agents/RL-Agents/q_tables/exp2_vs_rational_789987.pkl,game/agents/RL-Agents/q_tables/exp2_vs_rational_321123.pkl,J1,9,30,30,9,6,4,2
332,q_learning,q_learning,game/agents/RL-Agents/q_tables/exp2_vs_rational_789987.pkl,game/agents/RL-Agents/q_tables/exp2_vs_rational_321123.pkl,J1,12,30,30,12,8,3,5
333,q_learning,q_learning,game/agents/RL-Agents/q_tables/exp2_vs_rational_789987.pkl,game/agents/RL-Agents/q_tables/exp2_vs_rational_321123.pkl,J1,25,30,30,25,13,6,7
334,q_learning,q_learning,game/agents/RL-Agents/q_tables/exp2_vs_rational_789987.pkl,game/agents/RL-Agents/q_tables/exp2_vs_rational_321123.pkl,J1,4,30,30,4,2,1,1
335,q_learning,q_learning,game/agents/RL-Agents/q_tables/exp2_vs_rational_789987.pkl,game/agents/RL-Agents/q_tables/exp2_vs_rational_321123.pkl,J0,30,2,2,30,4,3,1
336,q_learning,q_learning,game/agents/RL-Agents/q_tables/exp2_vs_rational_789987.pkl,game/agents/RL-Agents/q_tables/exp2_vs_rational_321123.pkl,J0,30,7,7,30,13,10,3
337,q_learning,q_learning,game/agents/RL-Agents/q_tables/exp2_vs_rational_789987.pkl,game/agents/RL-Agents/q_tables/exp2_vs_rational_321123.pkl,J0,30,16,16,30,15,9,6
338,q_learning,q_learning,game/agents/RL-Agents/q_tables/exp2_vs_rational_789987.pkl,game/agents/RL-Agents/q_tables/exp2_vs_rational_321123.pkl,J1,27,30,30,27,15,5,10
339,q_learning,q_learning,game/agents/RL-Agents/q_tables/exp2_vs_rational_789987.pkl,game/agents/RL-Agents/q_tables/exp2_vs_rational_321123.pkl,J0,30,13,13,30,14,9,5
340,q_learning,q_learning,game/agents/RL-Agents/q_tables/exp2_vs_rational_789987.pkl,game/agents/RL-Agents/q_tables/exp2_vs_rational_321123.pkl,J1,16,30,30,16,12,5,7
341,q_learning,q_learning,game/agents/RL-Agents/q_tables/exp2_vs_rational_789987.pkl,game/agents/RL-Agents/q_tables/exp2_vs_rational_321123.pkl,J1,7,30,30,7,9,2,7
342,q_learning,q_learning,game/agents/RL-Agents/q_tables/exp2_vs_rational_789987.pkl,game/agents/RL-Agents/q_tables/exp2_vs_rational_321123.pkl,J0,30,6,6,30,4,3,1
343,q_learning,q_learning,game/agents/RL-Agents/q_tables/exp2_vs_rational_789987.pkl,game/agents/RL-Agents/q_tables/exp2_vs_rational_321123.pkl,J1,21,30,30,21,15,5,10
344,q_learning,q_learning,game/agents/RL-Agents/q_tables/exp2_vs_rational_789987.pkl,game/agents/RL-Agents/q_tables/exp2_vs_rational_321123.pkl,J1,27,30,30,27,20,10,10
345,q_learning,q_learning,game/agents/RL-Agents/q_tables/exp2_vs_rational_789987.pkl,game/agents/RL-Agents/q_tables/exp2_vs_rational_321123.pkl,J1,1,30,30,1,2,1,1
346,q_learning,q_learning,game/agents/RL-Agents/q_tables/exp2_vs_rational_789987.pkl,game/agents/RL-Agents/q_tables/exp2_vs_rational_321123.pkl,J0,30,12,12,30,9,6,3
347,q_learning,q_learning,game/agents/RL-Agents/q_tables/exp2_vs_rational_789987.pkl,game/agents/RL-Agents/q_tables/exp2_vs_rational_321123.pkl,J1,23,30,30,23,15,6,9
348,q_learning,q_learning,game/agents/RL-Agents/q_tables/exp2_vs_rational_789987.pkl,game/agents/RL-Agents/q_tables/exp2_vs_rational_321123.pkl,J1,6,30,30,6,9,3,6
349,q_learning,q_learning,game/agents/RL-Agents/q_tables/exp2_vs_rational_789987.pkl,game/agents/RL-Agents/q_tables/exp2_vs_rational_321123.pkl,J0,30,13,13,30,6,3,3
350,q_learning,q_learning,game/agents/RL-Agents/q_tables/exp2_vs_rational_789987.pkl,game/agents/RL-Agents/q_tables/exp2_vs_rational_321123.pkl,J1,8,30,30,8,7,1,6
351,q_learning,q_learning,game/agents/RL-Agents/q_tables/exp2_vs_rational_789987.pkl,game/agents/RL-Agents/q_tables/exp2_vs_rational_321123.pkl,J1,24,30,30,24,12,8,4
352,q_learning,q_learning,game/agents/RL-Agents/q_tables/exp2_vs_rational_789987.pkl,game/agents/RL-Agents/q_tables/exp2_vs_rational_321123.pkl,J0,30,14,14,30,13,8,5
353,q_learning,q_learning,game/agents/RL-Agents/q_tables/exp2_vs_rational_789987.pkl,game/agents/RL-Agents/q_tables/exp2_vs_rational_321123.pkl,J0,30,20,20,30,16,10,6
354,q_learning,q_learning,game/agents/RL-Agents/q_tables/exp2_vs_rational_789987.pkl,game/agents/RL-Agents/q_tables/exp2_vs_rational_321123.pkl,J1,11,30,30,11,7,3,4
355,q_learning,q_learning,game/agents/RL-Agents/q_tables/exp2_vs_rational_789987.pkl,game/agents/RL-Agents/q_tables/exp2_vs_rational_321123.pkl,J0,30,6,6,30,10,8,2
356,q_learning,q_learning,game/agents/RL-Agents/q_tables/exp2_vs_rational_789987.pkl,game/agents/RL-Agents/q_tables/exp2_vs_rational_321123.pkl,J1,22,30,30,22,11,4,7
357,q_learning,q_learning,game/agents/RL-Agents/q_tables/exp2_vs_rational_789987.pkl,game/agents/RL-Agents/q_tables/exp2_vs_rational_321123.pkl,J0,30,27,27,30,12,7,5
358,q_learning,q_learning,game/agents/RL-Agents/q_tables/exp2_vs_rational_789987.pkl,game/agents/RL-Agents/q_tables/exp2_vs_rational_321123.pkl,J1,28,30,30,28,15,8,7
359,q_learning,q_learning,game/agents/RL-Agents/q_tables/exp2_vs_rational_789987.pkl,game/agents/RL-Agents/q_tables/exp2_vs_rational_321123.pkl,J0,30,3,3,30,3,1,2
360,q_learning,q_learning,game/agents/RL-Agents/q_tables/exp2_vs_rational_789987.pkl,game/agents/RL-Agents/q_tables/exp2_vs_rational_321123.pkl,J0,30,21,21,30,13,7,6
361,q_learning,q_learning,game/agents/RL-Agents/q_tables/exp2_vs_rational_789987.pkl,game/agents/RL-Agents/q_tables/exp2_vs_rational_321123.pkl,J0,30,20,20,30,14,8,6
362,q_learning,q_learning,game/agents/RL-Agents/q_tables/exp2_vs_rational_789987.pkl,game/agents/RL-Agents/q_tables/exp2_vs_rational_321123.pkl,J0,30,26,26,30,10,7,3
363,q_learning,q_learning,game/agents/RL-Agents/q_tables/exp2_vs_rational_789987.pkl,game/agents/RL-Agents/q_tables/exp2_vs_rational_321123.pkl,J1,2,30,30,2,8,0,8
364,q_learning,q_learning,game/agents/RL-Agents/q_tables/exp2_vs_rational_789987.pkl,game/agents/RL-Agents/q_tables/exp2_vs_rational_321123.pkl,J1,10,30,30,10,10,2,8
365,q_learning,q_learning,game/agents/RL-Agents/q_tables/exp2_vs_rational_789987.pkl,game/agents/RL-Agents/q_tables/exp2_vs_rational_321123.pkl,J0,30,12,12,30,11,8,3
366,q_learning,q_learning,game/agents/RL-Agents/q_tables/exp2_vs_rational_789987.pkl,game/agents/RL-Agents/q_tables/exp2_vs_rational_321123.pkl,J1,24,30,30,24,13,5,8
367,q_learning,q_learning,game/agents/RL-Agents/q_tables/exp2_vs_rational_789987.pkl,game/agents/RL-Agents/q_tables/exp2_vs_rational_321123.pkl,J1,12,30,30,12,10,2,8
368,q_learning,q_learning,game/agents/RL-Agents/q_tables/exp2_vs_rational_789987.pkl,game/agents/RL-Agents/q_tables/exp2_vs_rational_321123.pkl,J1,24,30,30,24,14,8,6
369,q_learning,q_learning,game/agents/RL-Agents/q_tables/exp2_vs_rational_789987.pkl,game/agents/RL-Agents/q_tables/exp2_vs_rational_321123.pkl,J1,23,30,30,23,14,8,6
370,q_learning,q_learning,game/agents/RL-Agents/q_tables/exp2_vs_rational_789987.pkl,game/agents/RL-Agents/q_tables/exp2_vs_rational_321123.pkl,J0,30,1,1,30,1,0,1
371,q_learning,q_learning,game/agents/RL-Agents/q_tables/exp2_vs_rational_789987.pkl,game/agents/RL-Agents/q_tables/exp2_vs_rational_321123.pkl,J1,17,30,30,17,11,3,8
372,q_learning,q_learning,game/agents/RL-Agents/q_tables/exp2_vs_rational_789987.pkl,game/agents/RL-Agents/q_tables/exp2_vs_rational_321123.pkl,J1,29,30,30,29,17,9,8
373,q_learning,q_learning,game/agents/RL-Agents/q_tables/exp2_vs_rational_789987.pkl,game/agents/RL-Agents/q_tables/exp2_vs_rational_321123.pkl,J0,30,25,25,30,18,8,10
374,q_learning,q_learning,game/agents/RL-Agents/q_tables/exp2_vs_rational_789987.pkl,game/agents/RL-Agents/q_tables/exp2_vs_rational_321123.pkl,J1,1,30,30,1,2,0,2
375,q_learning,q_learning,game/agents/RL-Agents/q_tables/exp2_vs_rational_789987.pkl,game/agents/RL-Agents/q_tables/exp2_vs_rational_321123.pkl,J1,14,30,30,14,9,6,3
376,q_learning,q_learning,game/agents/RL-Agents/q_tables/exp2_vs_rational_789987.pkl,game/agents/RL-Agents/q_tables/exp2_vs_rational_321123.pkl,J1,24,30,30,24,12,4,8
377,q_learning,q_learning,game/agents/RL-Agents/q_tables/exp2_vs_rational_789987.pkl,game/agents/RL-Agents/q_tables/exp2_vs_rational_321123.pkl,J1,28,30,30,28,15,7,8
378,q_learning,q_learning,game/agents/RL-Agents/q_tables/exp2_vs_rational_789987.pkl,game/agents/RL-Agents/q_tables/exp2_vs_rational_321123.pkl,J1,10,30,30,10,12,5,7
379,q_learning,q_learning,game/agents/RL-Agents/q_tables/exp2_vs_rational_789987.pkl,game/agents/RL-Agents/q_tables/exp2_vs_rational_321123.pkl,J0,30,3,3,30,3,2,1
380,q_learning,q_learning,game/agents/RL-Agents/q_tables/exp2_vs_rational_789987.pkl,game/agents/RL-Agents/q_tables/exp2_vs_rational_321123.pkl,J0,30,27,27,30,15,7,8
381,q_learning,q_learning,game/agents/RL-Agents/q_tables/exp2_vs_rational_789987.pkl,game/agents/RL-Agents/q_tables/exp2_vs_rational_321123.pkl,J1,1,30,30,1,3,0,3
382,q_learning,q_learning,game/agents/RL-Agents/q_tables/exp2_vs_rational_789987.pkl,game/agents/RL-Agents/q_tables/exp2_vs_rational_321123.pkl,J1,0,30,30,0,1,0,1
383,q_learning,q_learning,game/agents/RL-Agents/q_tables/exp2_vs_rational_789987.pkl,game/agents/RL-Agents/q_tables/exp2_vs_rational_321123.pkl,J0,30,0,0,30,0,0,0
384,q_learning,q_learning,game/agents/RL-Agents/q_tables/exp2_vs_rational_789987.pkl,game/agents/RL-Agents/q_tables/exp2_vs_rational_321123.pkl,J1,13,30,30,13,12,4,8
385,q_learning,q_learning,game/agents/RL-Agents/q_tables/exp2_vs_rational_789987.pkl,game/agents/RL-Agents/q_tables/exp2_vs_rational_321123.pkl,J0,30,26,26,30,17,10,7
386,q_learning,q_learning,game/agents/RL-Agents/q_tables/exp2_vs_rational_789987.pkl,game/agents/RL-Agents/q_tables/exp2_vs_rational_321123.pkl,J0,30,22,22,30,14,10,4
387,q_learning,q_learning,game/agents/RL-Agents/q_tables/exp2_vs_rational_789987.pkl,game/agents/RL-Agents/q_tables/exp2_vs_rational_321123.pkl,J0,30,16,16,30,11,5,6
388,q_learning,q_learning,game/agents/RL-Agents/q_tables/exp2_vs_rational_789987.pkl,game/agents/RL-Agents/q_tables/exp2_vs_rational_321123.pkl,J1,6,30,30,6,4,1,3
389,q_learning,q_learning,game/agents/RL-Agents/q_tables/exp2_vs_rational_789987.pkl,game/agents/RL-Agents/q_tables/exp2_vs_rational_321123.pkl,J0,30,26,26,30,14,8,6
390,q_learning,q_learning,game/agents/RL-Agents/q_tables/exp2_vs_rational_789987.pkl,game/agents/RL-Agents/q_tables/exp2_vs_rational_321123.pkl,J1,0,30,30,0,1,0,1
391,q_learning,q_learning,game/agents/RL-Agents/q_tables/exp2_vs_rational_789987.pkl,game/agents/RL-Agents/q_tables/exp2_vs_rational_321123.pkl,J1,24,30,30,24,15,10,5
392,q_learning,q_learning,game/agents/RL-Agents/q_tables/exp2_vs_rational_789987.pkl,game/agents/RL-Agents/q_tables/exp2_vs_rational_321123.pkl,J0,30,1,1,30,3,3,0
393,q_learning,q_learning,game/agents/RL-Agents/q_tables/exp2_vs_rational_789987.pkl,game/agents/RL-Agents/q_tables/exp2_vs_rational_321123.pkl,J1,26,30,30,26,10,6,4
394,q_learning,q_learning,game/agents/RL-Agents/q_tables/exp2_vs_rational_789987.pkl,game/agents/RL-Agents/q_tables/exp2_vs_rational_321123.pkl,J0,30,20,20,30,7,2,5
395,q_learning,q_learning,game/agents/RL-Agents/q_tables/exp2_vs_rational_789987.pkl,game/agents/RL-Agents/q_tables/exp2_vs_rational_321123.pkl,J1,7,30,30,7,4,2,2
396,q_learning,q_learning,game/agents/RL-Agents/q_tables/exp2_vs_rational_789987.pkl,game/agents/RL-Agents/q_tables/exp2_vs_rational_321123.pkl,J0,30,22,22,30,12,5,7
397,q_learning,q_learning,game/agents/RL-Agents/q_tables/exp2_vs_rational_789987.pkl,game/agents/RL-Agents/q_tables/exp2_vs_rational_321123.pkl,J1,6,30,30,6,3,2,1
398,q_learning,q_learning,game/agents/RL-Agents/q_tables/exp2_vs_rational_789987.pkl,game/agents/RL-Agents/q_tables/exp2_vs_rational_321123.pkl,J0,30,22,22,30,19,9,10
399,q_learning,q_learning,game/agents/RL-Agents/q_tables/exp2_vs_rational_789987.pkl,game/agents/RL-Agents/q_tables/exp2_vs_rational_321123.pkl,J1,2,30,30,2,3,1,2
400,q_learning,q_learning,game/agents/RL-Agents/q_tables/exp2_vs_rational_789987.pkl,game/agents/RL-Agents/q_tables/exp2_vs_rational_321123.pkl,J1,15,30,30,15,10,3,7
401,q_learning,q_learning,game/agents/RL-Agents/q_tables/exp2_vs_rational_789987.pkl,game/agents/RL-Agents/q_tables/exp2_vs_rational_321123.pkl,J1,17,30,30,17,12,6,6
402,q_learning,q_learning,game/agents/RL-Agents/q_tables/exp2_vs_rational_789987.pkl,game/agents/RL-Agents/q_tables/exp2_vs_rational_321123.pkl,J0,30,26,26,30,14,6,8
403,q_learning,q_learning,game/agents/RL-Agents/q_tables/exp2_vs_rational_789987.pkl,game/agents/RL-Agents/q_tables/exp2_vs_rational_321123.pkl,J0,30,12,12,30,7,5,2
404,q_learning,q_learning,game/agents/RL-Agents/q_tables/exp2_vs_rational_789987.pkl,game/agents/RL-Agents/q_tables/exp2_vs_rational_321123.pkl,J0,30,4,4,30,8,7,1
405,q_learning,q_learning,game/agents/RL-Agents/q_tables/exp2_vs_rational_789987.pkl,game/agents/RL-Agents/q_tables/exp2_vs_rational_321123.pkl,J0,30,7,7,30,8,6,2
406,q_learning,q_learning,game/agents/RL-Agents/q_tables/exp2_vs_rational_789987.pkl,game/agents/RL-Agents/q_tables/exp2_vs_rational_321123.pkl,J1,6,30,30,6,3,3,0
407,q_learning,q_learning,game/agents/RL-Agents/q_tables/exp2_vs_rational_789987.pkl,game/agents/RL-Agents/q_tables/exp2_vs_rational_321123.pkl,J1,18,30,30,18,14,4,10
408,q_learning,q_learning,game/agents/RL-Agents/q_tables/exp2_vs_rational_789987.pkl,game/agents/RL-Agents/q_tables/exp2_vs_rational_321123.pkl,J1,5,30,30,5,2,1,1
409,q_learning,q_learning,game/agents/RL-Agents/q_tables/exp2_vs_rational_789987.pkl,game/agents/RL-Agents/q_tables/exp2_vs_rational_321123.pkl,J1,15,30,30,15,11,4,7
410,q_learning,q_learning,game/agents/RL-Agents/q_tables/exp2_vs_rational_789987.pkl,game/agents/RL-Agents/q_tables/exp2_vs_rational_321123.pkl,J0,30,0,0,30,0,0,0
411,q_learning,q_learning,game/agents/RL-Agents/q_tables/exp2_vs_rational_789987.pkl,game/agents/RL-Agents/q_tables/exp2_vs_rational_321123.pkl,J1,11,30,30,11,13,6,7
412,q_learning,q_learning,game/agents/RL-Agents/q_tables/exp2_vs_rational_789987.pkl,game/agents/RL-Agents/q_tables/exp2_vs_rational_321123.pkl,J1,16,30,30,16,8,3,5
413,q_learning,q_learning,game/agents/RL-Agents/q_tables/exp2_vs_rational_789987.pkl,game/agents/RL-Agents/q_tables/exp2_vs_rational_321123.pkl,J0,30,27,27,30,10,8,2
414,q_learning,q_learning,game/agents/RL-Agents/q_tables/exp2_vs_rational_789987.pkl,game/agents/RL-Agents/q_tables/exp2_vs_rational_321123.pkl,J0,30,27,27,30,18,9,9
415,q_learning,q_learning,game/agents/RL-Agents/q_tables/exp2_vs_rational_789987.pkl,game/agents/RL-Agents/q_tables/exp2_vs_rational_321123.pkl,J0,30,26,26,30,19,10,9
416,q_learning,q_learning,game/agents/RL-Agents/q_tables/exp2_vs_rational_789987.pkl,game/agents/RL-Agents/q_tables/exp2_vs_rational_321123.pkl,J1,8,30,30,8,9,1,8
417,q_learning,q_learning,game/agents/RL-Agents/q_tables/exp2_vs_rational_789987.pkl,game/agents/RL-Agents/q_tables/exp2_vs_rational_321123.pkl,J1,7,30,30,7,10,2,8
418,q_learning,q_learning,game/agents/RL-Agents/q_tables/exp2_vs_rational_789987.pkl,game/agents/RL-Agents/q_tables/exp2_vs_rational_321123.pkl,J1,6,30,30,6,9,2,7
419,q_learning,q_learning,game/agents/RL-Agents/q_tables/exp2_vs_rational_789987.pkl,game/agents/RL-Agents/q_tables/exp2_vs_rational_321123.pkl,J1,21,30,30,21,16,6,10
420,q_learning,q_learning,game/agents/RL-Agents/q_tables/exp2_vs_rational_789987.pkl,game/agents/RL-Agents/q_tables/exp2_vs_rational_321123.pkl,J1,8,30,30,8,10,3,7
421,q_learning,q_learning,game/agents/RL-Agents/q_tables/exp2_vs_rational_789987.pkl,game/agents/RL-Agents/q_tables/exp2_vs_rational_321123.pkl,J0,30,17,17,30,8,2,6
422,q_learning,q_learning,game/agents/RL-Agents/q_tables/exp2_vs_rational_789987.pkl,game/agents/RL-Agents/q_tables/exp2_vs_rational_321123.pkl,J0,30,12,12,30,7,4,3
423,q_learning,q_learning,game/agents/RL-Agents/q_tables/exp2_vs_rational_789987.pkl,game/agents/RL-Agents/q_tables/exp2_vs_rational_321123.pkl,J0,30,19,19,30,10,5,5
424,q_learning,q_learning,game/agents/RL-Agents/q_tables/exp2_vs_rational_789987.pkl,game/agents/RL-Agents/q_tables/exp2_vs_rational_321123.pkl,J0,30,0,0,30,1,1,0
425,q_learning,q_learning,game/agents/RL-Agents/q_tables/exp2_vs_rational_789987.pkl,game/agents/RL-Agents/q_tables/exp2_vs_rational_321123.pkl,J1,16,30,30,16,11,5,6
426,q_learning,q_learning,game/agents/RL-Agents/q_tables/exp2_vs_rational_789987.pkl,game/agents/RL-Agents/q_tables/exp2_vs_rational_321123.pkl,J1,15,30,30,15,10,6,4
427,q_learning,q_learning,game/agents/RL-Agents/q_tables/exp2_vs_rational_789987.pkl,game/agents/RL-Agents/q_tables/exp2_vs_rational_321123.pkl,J1,20,30,30,20,15,6,9
428,q_learning,q_learning,game/agents/RL-Agents/q_tables/exp2_vs_rational_789987.pkl,game/agents/RL-Agents/q_tables/exp2_vs_rational_321123.pkl,J1,8,30,30,8,8,2,6
429,q_learning,q_learning,game/agents/RL-Agents/q_tables/exp2_vs_rational_789987.pkl,game/agents/RL-Agents/q_tables/exp2_vs_rational_321123.pkl,J1,16,30,30,16,11,3,8
430,q_learning,q_learning,game/agents/RL-Agents/q_tables/exp2_vs_rational_789987.pkl,game/agents/RL-Agents/q_tables/exp2_vs_rational_321123.pkl,J0,30,26,26,30,16,9,7
431,q_learning,q_learning,game/agents/RL-Agents/q_tables/exp2_vs_rational_789987.pkl,game/agents/RL-Agents/q_tables/exp2_vs_rational_321123.pkl,J1,14,30,30,14,7,5,2
432,q_learning,q_learning,game/agents/RL-Agents/q_tables/exp2_vs_rational_789987.pkl,game/agents/RL-Agents/q_tables/exp2_vs_rational_321123.pkl,J1,14,30,30,14,16,6,10
433,q_learning,q_learning,game/agents/RL-Agents/q_tables/exp2_vs_rational_789987.pkl,game/agents/RL-Agents/q_tables/exp2_vs_rational_321123.pkl,J1,16,30,30,16,9,3,6
434,q_learning,q_learning,game/agents/RL-Agents/q_tables/exp2_vs_rational_789987.pkl,game/agents/RL-Agents/q_tables/exp2_vs_rational_321123.pkl,J0,30,18,18,30,7,2,5
435,q_learning,q_learning,game/agents/RL-Agents/q_tables/exp2_vs_rational_789987.pkl,game/agents/RL-Agents/q_tables/exp2_vs_rational_321123.pkl,J1,25,30,30,25,16,9,7
436,q_learning,q_learning,game/agents/RL-Agents/q_tables/exp2_vs_rational_789987.pkl,game/agents/RL-Agents/q_tables/exp2_vs_rational_321123.pkl,J0,30,21,21,30,12,6,6
437,q_learning,q_learning,game/agents/RL-Agents/q_tables/exp2_vs_rational_789987.pkl,game/agents/RL-Agents/q_tables/exp2_vs_rational_321123.pkl,J1,12,30,30,12,17,4,13
438,q_learning,q_learning,game/agents/RL-Agents/q_tables/exp2_vs_rational_789987.pkl,game/agents/RL-Agents/q_tables/exp2_vs_rational_321123.pkl,J0,30,0,0,30,2,2,0
439,q_learning,q_learning,game/agents/RL-Agents/q_tables/exp2_vs_rational_789987.pkl,game/agents/RL-Agents/q_tables/exp2_vs_rational_321123.pkl,J1,2,30,30,2,2,1,1
440,q_learning,q_learning,game/agents/RL-Agents/q_tables/exp2_vs_rational_789987.pkl,game/agents/RL-Agents/q_tables/exp2_vs_rational_321123.pkl,J0,30,18,18,30,12,5,7
441,q_learning,q_learning,game/agents/RL-Agents/q_tables/exp2_vs_rational_789987.pkl,game/agents/RL-Agents/q_tables/exp2_vs_rational_321123.pkl,J0,30,7,7,30,7,6,1
442,q_learning,q_learning,game/agents/RL-Agents/q_tables/exp2_vs_rational_789987.pkl,game/agents/RL-Agents/q_tables/exp2_vs_rational_321123.pkl,J0,30,23,23,30,16,9,7
443,q_learning,q_learning,game/agents/RL-Agents/q_tables/exp2_vs_rational_789987.pkl,game/agents/RL-Agents/q_tables/exp2_vs_rational_321123.pkl,J0,30,6,6,30,4,2,2
444,q_learning,q_learning,game/agents/RL-Agents/q_tables/exp2_vs_rational_789987.pkl,game/agents/RL-Agents/q_tables/exp2_vs_rational_321123.pkl,J1,20,30,30,20,13,5,8
445,q_learning,q_learning,game/agents/RL-Agents/q_tables/exp2_vs_rational_789987.pkl,game/agents/RL-Agents/q_tables/exp2_vs_rational_321123.pkl,J0,30,5,5,30,9,9,0
446,q_learning,q_learning,game/agents/RL-Agents/q_tables/exp2_vs_rational_789987.pkl,game/agents/RL-Agents/q_tables/exp2_vs_rational_321123.pkl,J0,30,0,0,30,0,0,0
447,q_learning,q_learning,game/agents/RL-Agents/q_tables/exp2_vs_rational_789987.pkl,game/agents/RL-Agents/q_tables/exp2_vs_rational_321123.pkl,J0,30,8,8,30,6,3,3
448,q_learning,q_learning,game/agents/RL-Agents/q_tables/exp2_vs_rational_789987.pkl,game/agents/RL-Agents/q_tables/exp2_vs_rational_321123.pkl,J1,13,30,30,13,10,3,7
449,q_learning,q_learning,game/agents/RL-Agents/q_tables/exp2_vs_rational_789987.pkl,game/agents/RL-Agents/q_tables/exp2_vs_rational_321123.pkl,J0,30,10,10,30,5,3,2
450,q_learning,q_learning,game/agents/RL-Agents/q_tables/exp2_vs_rational_789987.pkl,game/agents/RL-Agents/q_tables/exp2_vs_rational_321123.pkl,J0,30,17,17,30,14,9,5
451,q_learning,q_learning,game/agents/RL-Agents/q_tables/exp2_vs_rational_789987.pkl,game/agents/RL-Agents/q_tables/exp2_vs_rational_321123.pkl,J0,30,0,0,30,5,5,0
452,q_learning,q_learning,game/agents/RL-Agents/q_tables/exp2_vs_rational_789987.pkl,game/agents/RL-Agents/q_tables/exp2_vs_rational_321123.pkl,J1,23,30,30,23,9,6,3
453,q_learning,q_learning,game/agents/RL-Agents/q_tables/exp2_vs_rational_789987.pkl,game/agents/RL-Agents/q_tables/exp2_vs_rational_321123.pkl,J1,26,30,30,26,10,6,4
454,q_learning,q_learning,game/agents/RL-Agents/q_tables/exp2_vs_rational_789987.pkl,game/agents/RL-Agents/q_tables/exp2_vs_rational_321123.pkl,J1,21,30,30,21,13,7,6
455,q_learning,q_learning,game/agents/RL-Agents/q_tables/exp2_vs_rational_789987.pkl,game/agents/RL-Agents/q_tables/exp2_vs_rational_321123.pkl,J1,18,30,30,18,12,6,6
456,q_learning,q_learning,game/agents/RL-Agents/q_tables/exp2_vs_rational_789987.pkl,game/agents/RL-Agents/q_tables/exp2_vs_rational_321123.pkl,J1,17,30,30,17,12,6,6
457,q_learning,q_learning,game/agents/RL-Agents/q_tables/exp2_vs_rational_789987.pkl,game/agents/RL-Agents/q_tables/exp2_vs_rational_321123.pkl,J1,16,30,30,16,7,5,2
458,q_learning,q_learning,game/agents/RL-Agents/q_tables/exp2_vs_rational_789987.pkl,game/agents/RL-Agents/q_tables/exp2_vs_rational_321123.pkl,J0,30,25,25,30,19,9,10
459,q_learning,q_learning,game/agents/RL-Agents/q_tables/exp2_vs_rational_789987.pkl,game/agents/RL-Agents/q_tables/exp2_vs_rational_321123.pkl,J0,30,26,26,30,14,5,9
460,q_learning,q_learning,game/agents/RL-Agents/q_tables/exp2_vs_rational_789987.pkl,game/agents/RL-Agents/q_tables/exp2_vs_rational_321123.pkl,J1,15,30,30,15,13,3,10
461,q_learning,q_learning,game/agents/RL-Agents/q_tables/exp2_vs_rational_789987.pkl,game/agents/RL-Agents/q_tables/exp2_vs_rational_321123.pkl,J1,26,30,30,26,15,7,8
462,q_learning,q_learning,game/agents/RL-Agents/q_tables/exp2_vs_rational_789987.pkl,game/agents/RL-Agents/q_tables/exp2_vs_rational_321123.pkl,J1,5,30,30,5,3,1,2
463,q_learning,q_learning,game/agents/RL-Agents/q_tables/exp2_vs_rational_789987.pkl,game/agents/RL-Agents/q_tables/exp2_vs_rational_321123.pkl,J1,0,30,30,0,0,0,0
464,q_learning,q_learning,game/agents/RL-Agents/q_tables/exp2_vs_rational_789987.pkl,game/agents/RL-Agents/q_tables/exp2_vs_rational_321123.pkl,J0,30,5,5,30,4,3,1
465,q_learning,q_learning,game/agents/RL-Agents/q_tables/exp2_vs_rational_789987.pkl,game/agents/RL-Agents/q_tables/exp2_vs_rational_321123.pkl,J1,19,30,30,19,15,6,9
466,q_learning,q_learning,game/agents/RL-Agents/q_tables/exp2_vs_rational_789987.pkl,game/agents/RL-Agents/q_tables/exp2_vs_rational_321123.pkl,J0,30,26,26,30,13,3,10
467,q_learning,q_learning,game/agents/RL-Agents/q_tables/exp2_vs_rational_789987.pkl,game/agents/RL-Agents/q_tables/exp2_vs_rational_321123.pkl,J1,20,30,30,20,15,6,9
468,q_learning,q_learning,game/agents/RL-Agents/q_tables/exp2_vs_rational_789987.pkl,game/agents/RL-Agents/q_tables/exp2_vs_rational_321123.pkl,J0,30,0,0,30,0,0,0
469,q_learning,q_learning,game/agents/RL-Agents/q_tables/exp2_vs_rational_789987.pkl,game/agents/RL-Agents/q_tables/exp2_vs_rational_321123.pkl,J1,17,30,30,17,13,4,9
470,q_learning,q_learning,game/agents/RL-Agents/q_tables/exp2_vs_rational_789987.pkl,game/agents/RL-Agents/q_tables/exp2_vs_rational_321123.pkl,J0,30,16,16,30,11,5,6
471,q_learning,q_learning,game/agents/RL-Agents/q_tables/exp2_vs_rational_789987.pkl,game/agents/RL-Agents/q_tables/exp2_vs_rational_321123.pkl,J0,30,9,9,30,16,11,5
472,q_learning,q_learning,game/agents/RL-Agents/q_tables/exp2_vs_rational_789987.pkl,game/agents/RL-Agents/q_tables/exp2_vs_rational_321123.pkl,J1,1,30,30,1,4,0,4
473,q_learning,q_learning,game/agents/RL-Agents/q_tables/exp2_vs_rational_789987.pkl,game/agents/RL-Agents/q_tables/exp2_vs_rational_321123.pkl,J1,15,30,30,15,13,3,10
474,q_learning,q_learning,game/agents/RL-Agents/q_tables/exp2_vs_rational_789987.pkl,game/agents/RL-Agents/q_tables/exp2_vs_rational_321123.pkl,J1,6,30,30,6,4,1,3
475,q_learning,q_learning,game/agents/RL-Agents/q_tables/exp2_vs_rational_789987.pkl,game/agents/RL-Agents/q_tables/exp2_vs_rational_321123.pkl,J1,27,30,30,27,12,7,5
476,q_learning,q_learning,game/agents/RL-Agents/q_tables/exp2_vs_rational_789987.pkl,game/agents/RL-Agents/q_tables/exp2_vs_rational_321123.pkl,J0,30,1,1,30,1,0,1
477,q_learning,q_learning,game/agents/RL-Agents/q_tables/exp2_vs_rational_789987.pkl,game/agents/RL-Agents/q_tables/exp2_vs_rational_321123.pkl,J1,27,30,30,27,12,7,5
478,q_learning,q_learning,game/agents/RL-Agents/q_tables/exp2_vs_rational_789987.pkl,game/agents/RL-Agents/q_tables/exp2_vs_rational_321123.pkl,J0,30,16,16,30,12,7,5
479,q_learning,q_learning,game/agents/RL-Agents/q_tables/exp2_vs_rational_789987.pkl,game/agents/RL-Agents/q_tables/exp2_vs_rational_321123.pkl,J0,30,25,25,30,15,8,7
480,q_learning,q_learning,game/agents/RL-Agents/q_tables/exp2_vs_rational_789987.pkl,game/agents/RL-Agents/q_tables/exp2_vs_rational_321123.pkl,J0,30,0,0,30,0,0,0
481,q_learning,q_learning,game/agents/RL-Agents/q_tables/exp2_vs_rational_789987.pkl,game/agents/RL-Agents/q_tables/exp2_vs_rational_321123.pkl,J0,30,26,26,30,17,10,7
482,q_learning,q_learning,game/agents/RL-Agents/q_tables/exp2_vs_rational_789987.pkl,game/agents/RL-Agents/q_tables/exp2_vs_rational_321123.pkl,J0,30,23,23,30,16,8,8
483,q_learning,q_learning,game/agents/RL-Agents/q_tables/exp2_vs_rational_789987.pkl,game/agents/RL-Agents/q_tables/exp2_vs_rational_321123.pkl,J1,1,30,30,1,3,1,2
484,q_learning,q_learning,game/agents/RL-Agents/q_tables/exp2_vs_rational_789987.pkl,game/agents/RL-Agents/q_tables/exp2_vs_rational_321123.pkl,J0,30,17,17,30,9,2,7
485,q_learning,q_learning,game/agents/RL-Agents/q_tables/exp2_vs_rational_789987.pkl,game/agents/RL-Agents/q_tables/exp2_vs_rational_321123.pkl,J0,30,19,19,30,7,1,6
486,q_learning,q_learning,game/agents/RL-Agents/q_tables/exp2_vs_rational_789987.pkl,game/agents/RL-Agents/q_tables/exp2_vs_rational_321123.pkl,J0,30,16,16,30,13,7,6
487,q_learning,q_learning,game/agents/RL-Agents/q_tables/exp2_vs_rational_789987.pkl,game/agents/RL-Agents/q_tables/exp2_vs_rational_321123.pkl,J0,30,10,10,30,10,7,3
488,q_learning,q_learning,game/agents/RL-Agents/q_tables/exp2_vs_rational_789987.pkl,game/agents/RL-Agents/q_tables/exp2_vs_rational_321123.pkl,J1,17,30,30,17,10,5,5
489,q_learning,q_learning,game/agents/RL-Agents/q_tables/exp2_vs_rational_789987.pkl,game/agents/RL-Agents/q_tables/exp2_vs_rational_321123.pkl,J1,0,30,30,0,0,0,0
490,q_learning,q_learning,game/agents/RL-Agents/q_tables/exp2_vs_rational_789987.pkl,game/agents/RL-Agents/q_tables/exp2_vs_rational_321123.pkl,J0,30,29,29,30,16,7,9
491,q_learning,q_learning,game/agents/RL-Agents/q_tables/exp2_vs_rational_789987.pkl,game/agents/RL-Agents/q_tables/exp2_vs_rational_321123.pkl,J1,4,30,30,4,4,1,3
492,q_learning,q_learning,game/agents/RL-Agents/q_tables/exp2_vs_rational_789987.pkl,game/agents/RL-Agents/q_tables/exp2_vs_rational_321123.pkl,J0,30,18,18,30,10,5,5
493,q_learning,q_learning,game/agents/RL-Agents/q_tables/exp2_vs_rational_789987.pkl,game/agents/RL-Agents/q_tables/exp2_vs_rational_321123.pkl,J1,10,30,30,10,5,3,2
494,q_learning,q_learning,game/agents/RL-Agents/q_tables/exp2_vs_rational_789987.pkl,game/agents/RL-Agents/q_tables/exp2_vs_rational_321123.pkl,J0,30,17,17,30,16,9,7
495,q_learning,q_learning,game/agents/RL-Agents/q_tables/exp2_vs_rational_789987.pkl,game/agents/RL-Agents/q_tables/exp2_vs_rational_321123.pkl,J1,24,30,30,24,13,5,8
496,q_learning,q_learning,game/agents/RL-Agents/q_tables/exp2_vs_rational_789987.pkl,game/agents/RL-Agents/q_tables/exp2_vs_rational_321123.pkl,J1,0,30,30,0,2,0,2
497,q_learning,q_learning,game/agents/RL-Agents/q_tables/exp2_vs_rational_789987.pkl,game/agents/RL-Agents/q_tables/exp2_vs_rational_321123.pkl,J1,22,30,30,22,17,6,11
498,q_learning,q_learning,game/agents/RL-Agents/q_tables/exp2_vs_rational_789987.pkl,game/agents/RL-Agents/q_tables/exp2_vs_rational_321123.pkl,J0,30,23,23,30,15,9,6
499,q_learning,q_learning,game/agents/RL-Agents/q_tables/exp2_vs_rational_789987.pkl,game/agents/RL-Agents/q_tables/exp2_vs_rational_321123.pkl,J1,6,30,30,6,4,3,1
500,q_learning,q_learning,game/agents/RL-Agents/q_tables/exp2_vs_rational_789987.pkl,game/agents/RL-Agents/q_tables/exp2_vs_rational_321123.pkl,J0,30,29,29,30,13,8,5
501,q_learning,q_learning,game/agents/RL-Agents/q_tables/exp2_vs_rational_789987.pkl,game/agents/RL-Agents/q_tables/exp2_vs_rational_321123.pkl,J1,7,30,30,7,6,3,3
502,q_learning,q_learning,game/agents/RL-Agents/q_tables/exp2_vs_rational_789987.pkl,game/agents/RL-Agents/q_tables/exp2_vs_rational_321123.pkl,J0,30,26,26,30,19,8,11
503,q_learning,q_learning,game/agents/RL-Agents/q_tables/exp2_vs_rational_789987.pkl,game/agents/RL-Agents/q_tables/exp2_vs_rational_321123.pkl,J0,30,3,3,30,5,3,2
504,q_learning,q_learning,game/agents/RL-Agents/q_tables/exp2_vs_rational_789987.pkl,game/agents/RL-Agents/q_tables/exp2_vs_rational_321123.pkl,J0,30,19,19,30,6,2,4
505,q_learning,q_learning,game/agents/RL-Agents/q_tables/exp2_vs_rational_789987.pkl,game/agents/RL-Agents/q_tables/exp2_vs_rational_321123.pkl,J1,13,30,30,13,11,4,7
506,q_learning,q_learning,game/agents/RL-Agents/q_tables/exp2_vs_rational_789987.pkl,game/agents/RL-Agents/q_tables/exp2_vs_rational_321123.pkl,J1,27,30,30,27,15,8,7
507,q_learning,q_learning,game/agents/RL-Agents/q_tables/exp2_vs_rational_789987.pkl,game/agents/RL-Agents/q_tables/exp2_vs_rational_321123.pkl,J1,27,30,30,27,12,5,7
508,q_learning,q_learning,game/agents/RL-Agents/q_tables/exp2_vs_rational_789987.pkl,game/agents/RL-Agents/q_tables/exp2_vs_rational_321123.pkl,J0,30,8,8,30,4,0,4
509,q_learning,q_learning,game/agents/RL-Agents/q_tables/exp2_vs_rational_789987.pkl,game/agents/RL-Agents/q_tables/exp2_vs_rational_321123.pkl,J1,4,30,30,4,2,1,1
510,q_learning,q_learning,game/agents/RL-Agents/q_tables/exp2_vs_rational_789987.pkl,game/agents/RL-Agents/q_tables/exp2_vs_rational_321123.pkl,J1,21,30,30,21,12,4,8
511,q_learning,q_learning,game/agents/RL-Agents/q_tables/exp2_vs_rational_789987.pkl,game/agents/RL-Agents/q_tables/exp2_vs_rational_321123.pkl,J0,30,27,27,30,14,6,8
512,q_learning,q_learning,game/agents/RL-Agents/q_tables/exp2_vs_rational_789987.pkl,game/agents/RL-Agents/q_tables/exp2_vs_rational_321123.pkl,J0,30,1,1,30,2,1,1
513,q_learning,q_learning,game/agents/RL-Agents/q_tables/exp2_vs_rational_789987.pkl,game/agents/RL-Agents/q_tables/exp2_vs_rational_321123.pkl,J0,30,2,2,30,5,4,1
514,q_learning,q_learning,game/agents/RL-Agents/q_tables/exp2_vs_rational_789987.pkl,game/agents/RL-Agents/q_tables/exp2_vs_rational_321123.pkl,J0,30,23,23,30,16,8,8
515,q_learning,q_learning,game/agents/RL-Agents/q_tables/exp2_vs_rational_789987.pkl,game/agents/RL-Agents/q_tables/exp2_vs_rational_321123.pkl,J1,8,30,30,8,11,3,8
516,q_learning,q_learning,game/agents/RL-Agents/q_tables/exp2_vs_rational_789987.pkl,game/agents/RL-Agents/q_tables/exp2_vs_rational_321123.pkl,J1,14,30,30,14,13,5,8
517,q_learning,q_learning,game/agents/RL-Agents/q_tables/exp2_vs_rational_789987.pkl,game/agents/RL-Agents/q_tables/exp2_vs_rational_321123.pkl,J0,30,0,0,30,1,1,0
518,q_learning,q_learning,game/agents/RL-Agents/q_tables/exp2_vs_rational_789987.pkl,game/agents/RL-Agents/q_tables/exp2_vs_rational_321123.pkl,J0,30,16,16,30,9,4,5
519,q_learning,q_learning,game/agents/RL-Agents/q_tables/exp2_vs_rational_789987.pkl,game/agents/RL-Agents/q_tables/exp2_vs_rational_321123.pkl,J1,1,30,30,1,2,0,2
520,q_learning,q_learning,game/agents/RL-Agents/q_tables/exp2_vs_rational_789987.pkl,game/agents/RL-Agents/q_tables/exp2_vs_rational_321123.pkl,J0,30,0,0,30,3,3,0
521,q_learning,q_learning,game/agents/RL-Agents/q_tables/exp2_vs_rational_789987.pkl,game/agents/RL-Agents/q_tables/exp2_vs_rational_321123.pkl,J0,30,9,9,30,4,1,3
522,q_learning,q_learning,game/agents/RL-Agents/q_tables/exp2_vs_rational_789987.pkl,game/agents/RL-Agents/q_tables/exp2_vs_rational_321123.pkl,J0,30,0,0,30,2,2,0
523,q_learning,q_learning,game/agents/RL-Agents/q_tables/exp2_vs_rational_789987.pkl,game/agents/RL-Agents/q_tables/exp2_vs_rational_321123.pkl,J0,30,4,4,30,4,3,1
524,q_learning,q_learning,game/agents/RL-Agents/q_tables/exp2_vs_rational_789987.pkl,game/agents/RL-Agents/q_tables/exp2_vs_rational_321123.pkl,J1,27,30,30,27,18,10,8
525,q_learning,q_learning,game/agents/RL-Agents/q_tables/exp2_vs_rational_789987.pkl,game/agents/RL-Agents/q_tables/exp2_vs_rational_321123.pkl,J0,30,17,17,30,14,10,4
526,q_learning,q_learning,game/agents/RL-Agents/q_tables/exp2_vs_rational_789987.pkl,game/agents/RL-Agents/q_tables/exp2_vs_rational_321123.pkl,J1,28,30,30,28,17,6,11
527,q_learning,q_learning,game/agents/RL-Agents/q_tables/exp2_vs_rational_789987.pkl,game/agents/RL-Agents/q_tables/exp2_vs_rational_321123.pkl,J0,30,5,5,30,10,9,1
528,q_learning,q_learning,game/agents/RL-Agents/q_tables/exp2_vs_rational_789987.pkl,game/agents/RL-Agents/q_tables/exp2_vs_rational_321123.pkl,J1,21,30,30,21,16,7,9
529,q_learning,q_learning,game/agents/RL-Agents/q_tables/exp2_vs_rational_789987.pkl,game/agents/RL-Agents/q_tables/exp2_vs_rational_321123.pkl,J1,12,30,30,12,8,4,4
530,q_learning,q_learning,game/agents/RL-Agents/q_tables/exp2_vs_rational_789987.pkl,game/agents/RL-Agents/q_tables/exp2_vs_rational_321123.pkl,J1,29,30,30,29,20,12,8
531,q_learning,q_learning,game/agents/RL-Agents/q_tables/exp2_vs_rational_789987.pkl,game/agents/RL-Agents/q_tables/exp2_vs_rational_321123.pkl,J1,25,30,30,25,15,6,9
532,q_learning,q_learning,game/agents/RL-Agents/q_tables/exp2_vs_rational_789987.pkl,game/agents/RL-Agents/q_tables/exp2_vs_rational_321123.pkl,J1,0,30,30,0,2,0,2
533,q_learning,q_learning,game/agents/RL-Agents/q_tables/exp2_vs_rational_789987.pkl,game/agents/RL-Agents/q_tables/exp2_vs_rational_321123.pkl,J1,19,30,30,19,12,5,7
534,q_learning,q_learning,game/agents/RL-Agents/q_tables/exp2_vs_rational_789987.pkl,game/agents/RL-Agents/q_tables/exp2_vs_rational_321123.pkl,J0,30,9,9,30,3,0,3
535,q_learning,q_learning,game/agents/RL-Agents/q_tables/exp2_vs_rational_789987.pkl,game/agents/RL-Agents/q_tables/exp2_vs_rational_321123.pkl,J1,14,30,30,14,5,3,2
536,q_learning,q_learning,game/agents/RL-Agents/q_tables/exp2_vs_rational_789987.pkl,game/agents/RL-Agents/q_tables/exp2_vs_rational_321123.pkl,J1,14,30,30,14,12,5,7
537,q_learning,q_learning,game/agents/RL-Agents/q_tables/exp2_vs_rational_789987.pkl,game/agents/RL-Agents/q_tables/exp2_vs_rational_321123.pkl,J1,20,30,30,20,13,7,6
538,q_learning,q_learning,game/agents/RL-Agents/q_tables/exp2_vs_rational_789987.pkl,game/agents/RL-Agents/q_tables/exp2_vs_rational_321123.pkl,J1,9,30,30,9,9,4,5
539,q_learning,q_learning,game/agents/RL-Agents/q_tables/exp2_vs_rational_789987.pkl,game/agents/RL-Agents/q_tables/exp2_vs_rational_321123.pkl,J0,30,23,23,30,14,9,5
540,q_learning,q_learning,game/agents/RL-Agents/q_tables/exp2_vs_rational_789987.pkl,game/agents/RL-Agents/q_tables/exp2_vs_rational_321123.pkl,J0,30,28,28,30,11,6,5
541,q_learning,q_learning,game/agents/RL-Agents/q_tables/exp2_vs_rational_789987.pkl,game/agents/RL-Agents/q_tables/exp2_vs_rational_321123.pkl,J0,30,5,5,30,3,1,2
542,q_learning,q_learning,game/agents/RL-Agents/q_tables/exp2_vs_rational_789987.pkl,game/agents/RL-Agents/q_tables/exp2_vs_rational_321123.pkl,J0,30,26,26,30,18,8,10
543,q_learning,q_learning,game/agents/RL-Agents/q_tables/exp2_vs_rational_789987.pkl,game/agents/RL-Agents/q_tables/exp2_vs_rational_321123.pkl,J0,30,29,29,30,15,7,8
544,q_learning,q_learning,game/agents/RL-Agents/q_tables/exp2_vs_rational_789987.pkl,game/agents/RL-Agents/q_tables/exp2_vs_rational_321123.pkl,J1,18,30,30,18,14,7,7
545,q_learning,q_learning,game/agents/RL-Agents/q_tables/exp2_vs_rational_789987.pkl,game/agents/RL-Agents/q_tables/exp2_vs_rational_321123.pkl,J1,5,30,30,5,3,1,2
546,q_learning,q_learning,game/agents/RL-Agents/q_tables/exp2_vs_rational_789987.pkl,game/agents/RL-Agents/q_tables/exp2_vs_rational_321123.pkl,J0,30,0,0,30,0,0,0
547,q_learning,q_learning,game/agents/RL-Agents/q_tables/exp2_vs_rational_789987.pkl,game/agents/RL-Agents/q_tables/exp2_vs_rational_321123.pkl,J0,30,2,2,30,3,2,1
548,q_learning,q_learning,game/agents/RL-Agents/q_tables/exp2_vs_rational_789987.pkl,game/agents/RL-Agents/q_tables/exp2_vs_rational_321123.pkl,J1,25,30,30,25,14,6,8
549,q_learning,q_learning,game/agents/RL-Agents/q_tables/exp2_vs_rational_789987.pkl,game/agents/RL-Agents/q_tables/exp2_vs_rational_321123.pkl,J1,2,30,30,2,3,0,3
550,q_learning,q_learning,game/agents/RL-Agents/q_tables/exp2_vs_rational_789987.pkl,game/agents/RL-Agents/q_tables/exp2_vs_rational_321123.pkl,J1,9,30,30,9,2,2,0
551,q_learning,q_learning,game/agents/RL-Agents/q_tables/exp2_vs_rational_789987.pkl,game/agents/RL-Agents/q_tables/exp2_vs_rational_321123.pkl,J0,30,20,20,30,10,5,5
552,q_learning,q_learning,game/agents/RL-Agents/q_tables/exp2_vs_rational_789987.pkl,game/agents/RL-Agents/q_tables/exp2_vs_rational_321123.pkl,J1,23,30,30,23,16,7,9
553,q_learning,q_learning,game/agents/RL-Agents/q_tables/exp2_vs_rational_789987.pkl,game/agents/RL-Agents/q_tables/exp2_vs_rational_321123.pkl,J1,20,30,30,20,12,4,8
554,q_learning,q_learning,game/agents/RL-Agents/q_tables/exp2_vs_rational_789987.pkl,game/agents/RL-Agents/q_tables/exp2_vs_rational_321123.pkl,J1,17,30,30,17,6,4,2
555,q_learning,q_learning,game/agents/RL-Agents/q_tables/exp2_vs_rational_789987.pkl,game/agents/RL-Agents/q_tables/exp2_vs_rational_321123.pkl,J0,30,12,12,30,6,2,4
556,q_learning,q_learning,game/agents/RL-Agents/q_tables/exp2_vs_rational_789987.pkl,game/agents/RL-Agents/q_tables/exp2_vs_rational_321123.pkl,J1,12,30,30,12,10,5,5
557,q_learning,q_learning,game/agents/RL-Agents/q_tables/exp2_vs_rational_789987.pkl,game/agents/RL-Agents/q_tables/exp2_vs_rational_321123.pkl,J1,15,30,30,15,14,7,7
558,q_learning,q_learning,game/agents/RL-Agents/q_tables/exp2_vs_rational_789987.pkl,game/agents/RL-Agents/q_tables/exp2_vs_rational_321123.pkl,J1,24,30,30,24,15,9,6
559,q_learning,q_learning,game/agents/RL-Agents/q_tables/exp2_vs_rational_789987.pkl,game/agents/RL-Agents/q_tables/exp2_vs_rational_321123.pkl,J0,30,24,24,30,16,7,9
560,q_learning,q_learning,game/agents/RL-Agents/q_tables/exp2_vs_rational_789987.pkl,game/agents/RL-Agents/q_tables/exp2_vs_rational_321123.pkl,J0,30,3,3,30,2,0,2
561,q_learning,q_learning,game/agents/RL-Agents/q_tables/exp2_vs_rational_789987.pkl,game/agents/RL-Agents/q_tables/exp2_vs_rational_321123.pkl,J1,12,30,30,12,6,1,5
562,q_learning,q_learning,game/agents/RL-Agents/q_tables/exp2_vs_rational_789987.pkl,game/agents/RL-Agents/q_tables/exp2_vs_rational_321123.pkl,J1,19,30,30,19,14,5,9
563,q_learning,q_learning,game/agents/RL-Agents/q_tables/exp2_vs_rational_789987.pkl,game/agents/RL-Agents/q_tables/exp2_vs_rational_321123.pkl,J0,30,14,14,30,13,7,6
564,q_learning,q_learning,game/agents/RL-Agents/q_tables/exp2_vs_rational_789987.pkl,game/agents/RL-Agents/q_tables/exp2_vs_rational_321123.pkl,J0,30,8,8,30,6,3,3
565,q_learning,q_learning,game/agents/RL-Agents/q_tables/exp2_vs_rational_789987.pkl,game/agents/RL-Agents/q_tables/exp2_vs_rational_321123.pkl,J0,30,0,0,30,1,1,0
566,q_learning,q_learning,game/agents/RL-Agents/q_tables/exp2_vs_rational_789987.pkl,game/agents/RL-Agents/q_tables/exp2_vs_rational_321123.pkl,J1,24,30,30,24,15,7,8
567,q_learning,q_learning,game/agents/RL-Agents/q_tables/exp2_vs_rational_789987.pkl,game/agents/RL-Agents/q_tables/exp2_vs_rational_321123.pkl,J0,30,22,22,30,12,7,5
568,q_learning,q_learning,game/agents/RL-Agents/q_tables/exp2_vs_rational_789987.pkl,game/agents/RL-Agents/q_tables/exp2_vs_rational_321123.pkl,J0,30,0,0,30,0,0,0
569,q_learning,q_learning,game/agents/RL-Agents/q_tables/exp2_vs_rational_789987.pkl,game/agents/RL-Agents/q_tables/exp2_vs_rational_321123.pkl,J0,30,1,1,30,1,1,0
570,q_learning,q_learning,game/agents/RL-Agents/q_tables/exp2_vs_rational_789987.pkl,game/agents/RL-Agents/q_tables/exp2_vs_rational_321123.pkl,J1,21,30,30,21,18,8,10
571,q_learning,q_learning,game/agents/RL-Agents/q_tables/exp2_vs_rational_789987.pkl,game/agents/RL-Agents/q_tables/exp2_vs_rational_321123.pkl,J0,30,28,28,30,15,8,7
572,q_learning,q_learning,game/agents/RL-Agents/q_tables/exp2_vs_rational_789987.pkl,game/agents/RL-Agents/q_tables/exp2_vs_rational_321123.pkl,J1,5,30,30,5,3,1,2
573,q_learning,q_learning,game/agents/RL-Agents/q_tables/exp2_vs_rational_789987.pkl,game/agents/RL-Agents/q_tables/exp2_vs_rational_321123.pkl,J0,30,18,18,30,12,5,7
574,q_learning,q_learning,game/agents/RL-Agents/q_tables/exp2_vs_rational_789987.pkl,game/agents/RL-Agents/q_tables/exp2_vs_rational_321123.pkl,J0,30,5,5,30,2,1,1
575,q_learning,q_learning,game/agents/RL-Agents/q_tables/exp2_vs_rational_789987.pkl,game/agents/RL-Agents/q_tables/exp2_vs_rational_321123.pkl,J1,19,30,30,19,15,8,7
576,q_learning,q_learning,game/agents/RL-Agents/q_tables/exp2_vs_rational_789987.pkl,game/agents/RL-Agents/q_tables/exp2_vs_rational_321123.pkl,J0,30,9,9,30,4,3,1
577,q_learning,q_learning,game/agents/RL-Agents/q_tables/exp2_vs_rational_789987.pkl,game/agents/RL-Agents/q_tables/exp2_vs_rational_321123.pkl,J0,30,1,1,30,5,5,0
578,q_learning,q_learning,game/agents/RL-Agents/q_tables/exp2_vs_rational_789987.pkl,game/agents/RL-Agents/q_tables/exp2_vs_rational_321123.pkl,J1,23,30,30,23,12,5,7
579,q_learning,q_learning,game/agents/RL-Agents/q_tables/exp2_vs_rational_789987.pkl,game/agents/RL-Agents/q_tables/exp2_vs_rational_321123.pkl,J1,25,30,30,25,13,6,7
580,q_learning,q_learning,game/agents/RL-Agents/q_tables/exp2_vs_rational_789987.pkl,game/agents/RL-Agents/q_tables/exp2_vs_rational_321123.pkl,J0,30,25,25,30,15,7,8
581,q_learning,q_learning,game/agents/RL-Agents/q_tables/exp2_vs_rational_789987.pkl,game/agents/RL-Agents/q_tables/exp2_vs_rational_321123.pkl,J0,30,3,3,30,5,3,2
582,q_learning,q_learning,game/agents/RL-Agents/q_tables/exp2_vs_rational_789987.pkl,game/agents/RL-Agents/q_tables/exp2_vs_rational_321123.pkl,J0,30,12,12,30,12,6,6
583,q_learning,q_learning,game/agents/RL-Agents/q_tables/exp2_vs_rational_789987.pkl,game/agents/RL-Agents/q_tables/exp2_vs_rational_321123.pkl,J0,30,12,12,30,10,7,3
584,q_learning,q_learning,game/agents/RL-Agents/q_tables/exp2_vs_rational_789987.pkl,game/agents/RL-Agents/q_tables/exp2_vs_rational_321123.pkl,J1,23,30,30,23,13,7,6
585,q_learning,q_learning,game/agents/RL-Agents/q_tables/exp2_vs_rational_789987.pkl,game/agents/RL-Agents/q_tables/exp2_vs_rational_321123.pkl,J1,14,30,30,14,12,4,8
586,q_learning,q_learning,game/agents/RL-Agents/q_tables/exp2_vs_rational_789987.pkl,game/agents/RL-Agents/q_tables/exp2_vs_rational_321123.pkl,J0,30,12,12,30,7,3,4
587,q_learning,q_learning,game/agents/RL-Agents/q_tables/exp2_vs_rational_789987.pkl,game/agents/RL-Agents/q_tables/exp2_vs_rational_321123.pkl,J1,26,30,30,26,16,8,8
588,q_learning,q_learning,game/agents/RL-Agents/q_tables/exp2_vs_rational_789987.pkl,game/agents/RL-Agents/q_tables/exp2_vs_rational_321123.pkl,J1,5,30,30,5,7,3,4
589,q_learning,q_learning,game/agents/RL-Agents/q_tables/exp2_vs_rational_789987.pkl,game/agents/RL-Agents/q_tables/exp2_vs_rational_321123.pkl,J0,30,14,14,30,13,8,5
590,q_learning,q_learning,game/agents/RL-Agents/q_tables/exp2_vs_rational_789987.pkl,game/agents/RL-Agents/q_tables/exp2_vs_rational_321123.pkl,J1,28,30,30,28,13,4,9
591,q_learning,q_learning,game/agents/RL-Agents/q_tables/exp2_vs_rational_789987.pkl,game/agents/RL-Agents/q_tables/exp2_vs_rational_321123.pkl,J1,17,30,30,17,10,3,7
592,q_learning,q_learning,game/agents/RL-Agents/q_tables/exp2_vs_rational_789987.pkl,game/agents/RL-Agents/q_tables/exp2_vs_rational_321123.pkl,J0,30,16,16,30,11,6,5
593,q_learning,q_learning,game/agents/RL-Agents/q_tables/exp2_vs_rational_789987.pkl,game/agents/RL-Agents/q_tables/exp2_vs_rational_321123.pkl,J1,7,30,30,7,4,1,3
594,q_learning,q_learning,game/agents/RL-Agents/q_tables/exp2_vs_rational_789987.pkl,game/agents/RL-Agents/q_tables/exp2_vs_rational_321123.pkl,J0,30,25,25,30,17,10,7
595,q_learning,q_learning,game/agents/RL-Agents/q_tables/exp2_vs_rational_789987.pkl,game/agents/RL-Agents/q_tables/exp2_vs_rational_321123.pkl,J1,15,30,30,15,13,7,6
596,q_learning,q_learning,game/agents/RL-Agents/q_tables/exp2_vs_rational_789987.pkl,game/agents/RL-Agents/q_tables/exp2_vs_rational_321123.pkl,J1,29,30,30,29,15,8,7
597,q_learning,q_learning,game/agents/RL-Agents/q_tables/exp2_vs_rational_789987.pkl,game/agents/RL-Agents/q_tables/exp2_vs_rational_321123.pkl,J1,5,30,30,5,8,2,6
598,q_learning,q_learning,game/agents/RL-Agents/q_tables/exp2_vs_rational_789987.pkl,game/agents/RL-Agents/q_tables/exp2_vs_rational_321123.pkl,J0,30,0,0,30,1,1,0
599,q_learning,q_learning,game/agents/RL-Agents/q_tables/exp2_vs_rational_789987.pkl,game/agents/RL-Agents/q_tables/exp2_vs_rational_321123.pkl,J0,30,3,3,30,9,8,1
600,q_learning,q_learning,game/agents/RL-Agents/q_tables/exp2_vs_rational_789987.pkl,game/agents/RL-Agents/q_tables/exp2_vs_rational_321123.pkl,J1,17,30,30,17,15,6,9
601,q_learning,q_learning,game/agents/RL-Agents/q_tables/exp2_vs_rational_789987.pkl,game/agents/RL-Agents/q_tables/exp2_vs_rational_321123.pkl,J0,30,13,13,30,5,1,4
602,q_learning,q_learning,game/agents/RL-Agents/q_tables/exp2_vs_rational_789987.pkl,game/agents/RL-Agents/q_tables/exp2_vs_rational_321123.pkl,J1,21,30,30,21,13,7,6
603,q_learning,q_learning,game/agents/RL-Agents/q_tables/exp2_vs_rational_789987.pkl,game/agents/RL-Agents/q_tables/exp2_vs_rational_321123.pkl,J1,1,30,30,1,1,1,0
604,q_learning,q_learning,game/agents/RL-Agents/q_tables/exp2_vs_rational_789987.pkl,game/agents/RL-Agents/q_tables/exp2_vs_rational_321123.pkl,J1,22,30,30,22,14,6,8
605,q_learning,q_learning,game/agents/RL-Agents/q_tables/exp2_vs_rational_789987.pkl,game/agents/RL-Agents/q_tables/exp2_vs_rational_321123.pkl,J1,1,30,30,1,1,1,0
606,q_learning,q_learning,game/agents/RL-Agents/q_tables/exp2_vs_rational_789987.pkl,game/agents/RL-Agents/q_tables/exp2_vs_rational_321123.pkl,J0,30,10,10,30,11,9,2
607,q_learning,q_learning,game/agents/RL-Agents/q_tables/exp2_vs_rational_789987.pkl,game/agents/RL-Agents/q_tables/exp2_vs_rational_321123.pkl,J0,30,15,15,30,10,6,4
608,q_learning,q_learning,game/agents/RL-Agents/q_tables/exp2_vs_rational_789987.pkl,game/agents/RL-Agents/q_tables/exp2_vs_rational_321123.pkl,J0,30,3,3,30,5,4,1
609,q_learning,q_learning,game/agents/RL-Agents/q_tables/exp2_vs_rational_789987.pkl,game/agents/RL-Agents/q_tables/exp2_vs_rational_321123.pkl,J0,30,26,26,30,13,6,7
610,q_learning,q_learning,game/agents/RL-Agents/q_tables/exp2_vs_rational_789987.pkl,game/agents/RL-Agents/q_tables/exp2_vs_rational_321123.pkl,J0,30,18,18,30,17,10,7
611,q_learning,q_learning,game/agents/RL-Agents/q_tables/exp2_vs_rational_789987.pkl,game/agents/RL-Agents/q_tables/exp2_vs_rational_321123.pkl,J0,30,7,7,30,7,5,2
612,q_learning,q_learning,game/agents/RL-Agents/q_tables/exp2_vs_rational_789987.pkl,game/agents/RL-Agents/q_tables/exp2_vs_rational_321123.pkl,J0,30,7,7,30,5,2,3
613,q_learning,q_learning,game/agents/RL-Agents/q_tables/exp2_vs_rational_789987.pkl,game/agents/RL-Agents/q_tables/exp2_vs_rational_321123.pkl,J0,30,0,0,30,1,1,0
614,q_learning,q_learning,game/agents/RL-Agents/q_tables/exp2_vs_rational_789987.pkl,game/agents/RL-Agents/q_tables/exp2_vs_rational_321123.pkl,J0,30,2,2,30,2,1,1
615,q_learning,q_learning,game/agents/RL-Agents/q_tables/exp2_vs_rational_789987.pkl,game/agents/RL-Agents/q_tables/exp2_vs_rational_321123.pkl,J1,10,30,30,10,12,3,9
616,q_learning,q_learning,game/agents/RL-Agents/q_tables/exp2_vs_rational_789987.pkl,game/agents/RL-Agents/q_tables/exp2_vs_rational_321123.pkl,J1,25,30,30,25,11,7,4
617,q_learning,q_learning,game/agents/RL-Agents/q_tables/exp2_vs_rational_789987.pkl,game/agents/RL-Agents/q_tables/exp2_vs_rational_321123.pkl,J1,6,30,30,6,10,3,7
618,q_learning,q_learning,game/agents/RL-Agents/q_tables/exp2_vs_rational_789987.pkl,game/agents/RL-Agents/q_tables/exp2_vs_rational_321123.pkl,J1,26,30,30,26,17,9,8
619,q_learning,q_learning,game/agents/RL-Agents/q_tables/exp2_vs_rational_789987.pkl,game/agents/RL-Agents/q_tables/exp2_vs_rational_321123.pkl,J0,30,18,18,30,10,3,7
620,q_learning,q_learning,game/agents/RL-Agents/q_tables/exp2_vs_rational_789987.pkl,game/agents/RL-Agents/q_tables/exp2_vs_rational_321123.pkl,J0,30,21,21,30,16,7,9
621,q_learning,q_learning,game/agents/RL-Agents/q_tables/exp2_vs_rational_789987.pkl,game/agents/RL-Agents/q_tables/exp2_vs_rational_321123.pkl,J0,30,21,21,30,13,8,5
622,q_learning,q_learning,game/agents/RL-Agents/q_tables/exp2_vs_rational_789987.pkl,game/agents/RL-Agents/q_tables/exp2_vs_rational_321123.pkl,J1,26,30,30,26,19,11,8
623,q_learning,q_learning,game/agents/RL-Agents/q_tables/exp2_vs_rational_789987.pkl,game/agents/RL-Agents/q_tables/exp2_vs_rational_321123.pkl,J0,30,19,19,30,12,8,4
624,q_learning,q_learning,game/agents/RL-Agents/q_tables/exp2_vs_rational_789987.pkl,game/agents/RL-Agents/q_tables/exp2_vs_rational_321123.pkl,J1,6,30,30,6,6,1,5
625,q_learning,q_learning,game/agents/RL-Agents/q_tables/exp2_vs_rational_789987.pkl,game/agents/RL-Agents/q_tables/exp2_vs_rational_321123.pkl,J1,28,30,30,28,16,9,7
626,q_learning,q_learning,game/agents/RL-Agents/q_tables/exp2_vs_rational_789987.pkl,game/agents/RL-Agents/q_tables/exp2_vs_rational_321123.pkl,J0,30,22,22,30,16,8,8
627,q_learning,q_learning,game/agents/RL-Agents/q_tables/exp2_vs_rational_789987.pkl,game/agents/RL-Agents/q_tables/exp2_vs_rational_321123.pkl,J0,30,7,7,30,5,3,2
628,q_learning,q_learning,game/agents/RL-Agents/q_tables/exp2_vs_rational_789987.pkl,game/agents/RL-Agents/q_tables/exp2_vs_rational_321123.pkl,J1,28,30,30,28,15,10,5
629,q_learning,q_learning,game/agents/RL-Agents/q_tables/exp2_vs_rational_789987.pkl,game/agents/RL-Agents/q_tables/exp2_vs_rational_321123.pkl,J0,30,2,2,30,2,1,1
630,q_learning,q_learning,game/agents/RL-Agents/q_tables/exp2_vs_rational_789987.pkl,game/agents/RL-Agents/q_tables/exp2_vs_rational_321123.pkl,J1,5,30,30,5,4,2,2
631,q_learning,q_learning,game/agents/RL-Agents/q_tables/exp2_vs_rational_789987.pkl,game/agents/RL-Agents/q_tables/exp2_vs_rational_321123.pkl,J0,30,10,10,30,5,2,3
632,q_learning,q_learning,game/agents/RL-Agents/q_tables/exp2_vs_rational_789987.pkl,game/agents/RL-Agents/q_tables/exp2_vs_rational_321123.pkl,J0,30,18,18,30,12,6,6
633,q_learning,q_learning,game/agents/RL-Agents/q_tables/exp2_vs_rational_789987.pkl,game/agents/RL-Agents/q_tables/exp2_vs_rational_321123.pkl,J1,22,30,30,22,13,5,8
634,q_learning,q_learning,game/agents/RL-Agents/q_tables/exp2_vs_rational_789987.pkl,game/agents/RL-Agents/q_tables/exp2_vs_rational_321123.pkl,J0,30,7,7,30,9,5,4
635,q_learning,q_learning,game/agents/RL-Agents/q_tables/exp2_vs_rational_789987.pkl,game/agents/RL-Agents/q_tables/exp2_vs_rational_321123.pkl,J0,30,8,8,30,8,4,4
636,q_learning,q_learning,game/agents/RL-Agents/q_tables/exp2_vs_rational_789987.pkl,game/agents/RL-Agents/q_tables/exp2_vs_rational_321123.pkl,J1,17,30,30,17,13,4,9
637,q_learning,q_learning,game/agents/RL-Agents/q_tables/exp2_vs_rational_789987.pkl,game/agents/RL-Agents/q_tables/exp2_vs_rational_321123.pkl,J0,30,13,13,30,7,3,4
638,q_learning,q_learning,game/agents/RL-Agents/q_tables/exp2_vs_rational_789987.pkl,game/agents/RL-Agents/q_tables/exp2_vs_rational_321123.pkl,J0,30,11,11,30,7,5,2
639,q_learning,q_learning,game/agents/RL-Agents/q_tables/exp2_vs_rational_789987.pkl,game/agents/RL-Agents/q_tables/exp2_vs_rational_321123.pkl,J1,25,30,30,25,15,6,9
640,q_learning,q_learning,game/agents/RL-Agents/q_tables/exp2_vs_rational_789987.pkl,game/agents/RL-Agents/q_tables/exp2_vs_rational_321123.pkl,J0,30,4,4,30,4,3,1
641,q_learning,q_learning,game/agents/RL-Agents/q_tables/exp2_vs_rational_789987.pkl,game/agents/RL-Agents/q_tables/exp2_vs_rational_321123.pkl,J1,12,30,30,12,10,3,7
642,q_learning,q_learning,game/agents/RL-Agents/q_tables/exp2_vs_rational_789987.pkl,game/agents/RL-Agents/q_tables/exp2_vs_rational_321123.pkl,J1,23,30,30,23,15,6,9
643,q_learning,q_learning,game/agents/RL-Agents/q_tables/exp2_vs_rational_789987.pkl,game/agents/RL-Agents/q_tables/exp2_vs_rational_321123.pkl,J0,30,20,20,30,14,8,6
644,q_learning,q_learning,game/agents/RL-Agents/q_tables/exp2_vs_rational_789987.pkl,game/agents/RL-Agents/q_tables/exp2_vs_rational_321123.pkl,J1,12,30,30,12,10,3,7
645,q_learning,q_learning,game/agents/RL-Agents/q_tables/exp2_vs_rational_789987.pkl,game/agents/RL-Agents/q_tables/exp2_vs_rational_321123.pkl,J1,11,30,30,11,8,4,4
646,q_learning,q_learning,game/agents/RL-Agents/q_tables/exp2_vs_rational_789987.pkl,game/agents/RL-Agents/q_tables/exp2_vs_rational_321123.pkl,J1,19,30,30,19,16,7,9
647,q_learning,q_learning,game/agents/RL-Agents/q_tables/exp2_vs_rational_789987.pkl,game/agents/RL-Agents/q_tables/exp2_vs_rational_321123.pkl,J1,6,30,30,6,3,2,1
648,q_learning,q_learning,game/agents/RL-Agents/q_tables/exp2_vs_rational_789987.pkl,game/agents/RL-Agents/q_tables/exp2_vs_rational_321123.pkl,J0,30,18,18,30,15,9,6
649,q_learning,q_learning,game/agents/RL-Agents/q_tables/exp2_vs_rational_789987.pkl,game/agents/RL-Agents/q_tables/exp2_vs_rational_321123.pkl,J0,30,24,24,30,14,7,7
650,q_learning,q_learning,game/agents/RL-Agents/q_tables/exp2_vs_rational_789987.pkl,game/agents/RL-Agents/q_tables/exp2_vs_rational_321123.pkl,J1,29,30,30,29,15,5,10
651,q_learning,q_learning,game/agents/RL-Agents/q_tables/exp2_vs_rational_789987.pkl,game/agents/RL-Agents/q_tables/exp2_vs_rational_321123.pkl,J1,7,30,30,7,10,2,8
652,q_learning,q_learning,game/agents/RL-Agents/q_tables/exp2_vs_rational_789987.pkl,game/agents/RL-Agents/q_tables/exp2_vs_rational_321123.pkl,J0,30,16,16,30,14,10,4
653,q_learning,q_learning,game/agents/RL-Agents/q_tables/exp2_vs_rational_789987.pkl,game/agents/RL-Agents/q_tables/exp2_vs_rational_321123.pkl,J1,28,30,30,28,15,8,7
654,q_learning,q_learning,game/agents/RL-Agents/q_tables/exp2_vs_rational_789987.pkl,game/agents/RL-Agents/q_tables/exp2_vs_rational_321123.pkl,J0,30,26,26,30,18,9,9
655,q_learning,q_learning,game/agents/RL-Agents/q_tables/exp2_vs_rational_789987.pkl,game/agents/RL-Agents/q_tables/exp2_vs_rational_321123.pkl,J0,30,25,25,30,17,10,7
656,q_learning,q_learning,game/agents/RL-Agents/q_tables/exp2_vs_rational_789987.pkl,game/agents/RL-Agents/q_tables/exp2_vs_rational_321123.pkl,J1,0,30,30,0,0,0,0
657,q_learning,q_learning,game/agents/RL-Agents/q_tables/exp2_vs_rational_789987.pkl,game/agents/RL-Agents/q_tables/exp2_vs_rational_321123.pkl,J0,30,27,27,30,14,5,9
658,q_learning,q_learning,game/agents/RL-Agents/q_tables/exp2_vs_rational_789987.pkl,game/agents/RL-Agents/q_tables/exp2_vs_rational_321123.pkl,J0,30,7,7,30,4,2,2
659,q_learning,q_learning,game/agents/RL-Agents/q_tables/exp2_vs_rational_789987.pkl,game/agents/RL-Agents/q_tables/exp2_vs_rational_321123.pkl,J0,30,18,18,30,13,7,6
660,q_learning,q_learning,game/agents/RL-Agents/q_tables/exp2_vs_rational_789987.pkl,game/agents/RL-Agents/q_tables/exp2_vs_rational_321123.pkl,J0,30,22,22,30,14,7,7
661,q_learning,q_learning,game/agents/RL-Agents/q_tables/exp2_vs_rational_789987.pkl,game/agents/RL-Agents/q_tables/exp2_vs_rational_321123.pkl,J1,9,30,30,9,5,5,0
662,q_learning,q_learning,game/agents/RL-Agents/q_tables/exp2_vs_rational_789987.pkl,game/agents/RL-Agents/q_tables/exp2_vs_rational_321123.pkl,J1,17,30,30,17,7,6,1
663,q_learning,q_learning,game/agents/RL-Agents/q_tables/exp2_vs_rational_789987.pkl,game/agents/RL-Agents/q_tables/exp2_vs_rational_321123.pkl,J0,30,14,14,30,7,2,5
664,q_learning,q_learning,game/agents/RL-Agents/q_tables/exp2_vs_rational_789987.pkl,game/agents/RL-Agents/q_tables/exp2_vs_rational_321123.pkl,J1,18,30,30,18,14,5,9
665,q_learning,q_learning,game/agents/RL-Agents/q_tables/exp2_vs_rational_789987.pkl,game/agents/RL-Agents/q_tables/exp2_vs_rational_321123.pkl,J0,30,29,29,30,15,8,7
666,q_learning,q_learning,game/agents/RL-Agents/q_tables/exp2_vs_rational_789987.pkl,game/agents/RL-Agents/q_tables/exp2_vs_rational_321123.pkl,J0,30,11,11,30,10,7,3
667,q_learning,q_learning,game/agents/RL-Agents/q_tables/exp2_vs_rational_789987.pkl,game/agents/RL-Agents/q_tables/exp2_vs_rational_321123.pkl,J1,15,30,30,15,12,3,9
668,q_learning,q_learning,game/agents/RL-Agents/q_tables/exp2_vs_rational_789987.pkl,game/agents/RL-Agents/q_tables/exp2_vs_rational_321123.pkl,J0,30,20,20,30,12,5,7
669,q_learning,q_learning,game/agents/RL-Agents/q_tables/exp2_vs_rational_789987.pkl,game/agents/RL-Agents/q_tables/exp2_vs_rational_321123.pkl,J0,30,19,19,30,12,7,5
670,q_learning,q_learning,game/agents/RL-Agents/q_tables/exp2_vs_rational_789987.pkl,game/agents/RL-Agents/q_tables/exp2_vs_rational_321123.pkl,J1,23,30,30,23,15,6,9
671,q_learning,q_learning,game/agents/RL-Agents/q_tables/exp2_vs_rational_789987.pkl,game/agents/RL-Agents/q_tables/exp2_vs_rational_321123.pkl,J1,21,30,30,21,16,9,7
672,q_learning,q_learning,game/agents/RL-Agents/q_tables/exp2_vs_rational_789987.pkl,game/agents/RL-Agents/q_tables/exp2_vs_rational_321123.pkl,J0,30,1,1,30,1,1,0
673,q_learning,q_learning,game/agents/RL-Agents/q_tables/exp2_vs_rational_789987.pkl,game/agents/RL-Agents/q_tables/exp2_vs_rational_321123.pkl,J1,9,30,30,9,9,3,6
674,q_learning,q_learning,game/agents/RL-Agents/q_tables/exp2_vs_rational_789987.pkl,game/agents/RL-Agents/q_tables/exp2_vs_rational_321123.pkl,J1,14,30,30,14,4,4,0
675,q_learning,q_learning,game/agents/RL-Agents/q_tables/exp2_vs_rational_789987.pkl,game/agents/RL-Agents/q_tables/exp2_vs_rational_321123.pkl,J0,30,24,24,30,15,10,5
676,q_learning,q_learning,game/agents/RL-Agents/q_tables/exp2_vs_rational_789987.pkl,game/agents/RL-Agents/q_tables/exp2_vs_rational_321123.pkl,J0,30,20,20,30,13,5,8
677,q_learning,q_learning,game/agents/RL-Agents/q_tables/exp2_vs_rational_789987.pkl,game/agents/RL-Agents/q_tables/exp2_vs_rational_321123.pkl,J0,30,0,0,30,0,0,0
678,q_learning,q_learning,game/agents/RL-Agents/q_tables/exp2_vs_rational_789987.pkl,game/agents/RL-Agents/q_tables/exp2_vs_rational_321123.pkl,J0,30,17,17,30,15,9,6
679,q_learning,q_learning,game/agents/RL-Agents/q_tables/exp2_vs_rational_789987.pkl,game/agents/RL-Agents/q_tables/exp2_vs_rational_321123.pkl,J0,30,26,26,30,15,9,6
680,q_learning,q_learning,game/agents/RL-Agents/q_tables/exp2_vs_rational_789987.pkl,game/agents/RL-Agents/q_tables/exp2_vs_rational_321123.pkl,J1,0,30,30,0,1,0,1
681,q_learning,q_learning,game/agents/RL-Agents/q_tables/exp2_vs_rational_789987.pkl,game/agents/RL-Agents/q_tables/exp2_vs_rational_321123.pkl,J0,30,0,0,30,1,1,0
682,q_learning,q_learning,game/agents/RL-Agents/q_tables/exp2_vs_rational_789987.pkl,game/agents/RL-Agents/q_tables/exp2_vs_rational_321123.pkl,J1,2,30,30,2,2,0,2
683,q_learning,q_learning,game/agents/RL-Agents/q_tables/exp2_vs_rational_789987.pkl,game/agents/RL-Agents/q_tables/exp2_vs_rational_321123.pkl,J0,30,18,18,30,15,9,6
684,q_learning,q_learning,game/agents/RL-Agents/q_tables/exp2_vs_rational_789987.pkl,game/agents/RL-Agents/q_tables/exp2_vs_rational_321123.pkl,J0,30,23,23,30,13,7,6
685,q_learning,q_learning,game/agents/RL-Agents/q_tables/exp2_vs_rational_789987.pkl,game/agents/RL-Agents/q_tables/exp2_vs_rational_321123.pkl,J0,30,16,16,30,11,8,3
686,q_learning,q_learning,game/agents/RL-Agents/q_tables/exp2_vs_rational_789987.pkl,game/agents/RL-Agents/q_tables/exp2_vs_rational_321123.pkl,J0,30,13,13,30,10,6,4
687,q_learning,q_learning,game/agents/RL-Agents/q_tables/exp2_vs_rational_789987.pkl,game/agents/RL-Agents/q_tables/exp2_vs_rational_321123.pkl,J0,30,12,12,30,13,10,3
688,q_learning,q_learning,game/agents/RL-Agents/q_tables/exp2_vs_rational_789987.pkl,game/agents/RL-Agents/q_tables/exp2_vs_rational_321123.pkl,J0,30,13,13,30,18,13,5
689,q_learning,q_learning,game/agents/RL-Agents/q_tables/exp2_vs_rational_789987.pkl,game/agents/RL-Agents/q_tables/exp2_vs_rational_321123.pkl,J0,30,18,18,30,14,8,6
690,q_learning,q_learning,game/agents/RL-Agents/q_tables/exp2_vs_rational_789987.pkl,game/agents/RL-Agents/q_tables/exp2_vs_rational_321123.pkl,J0,30,25,25,30,10,3,7
691,q_learning,q_learning,game/agents/RL-Agents/q_tables/exp2_vs_rational_789987.pkl,game/agents/RL-Agents/q_tables/exp2_vs_rational_321123.pkl,J1,14,30,30,14,13,5,8
692,q_learning,q_learning,game/agents/RL-Agents/q_tables/exp2_vs_rational_789987.pkl,game/agents/RL-Agents/q_tables/exp2_vs_rational_321123.pkl,J0,30,24,24,30,16,9,7
693,q_learning,q_learning,game/agents/RL-Agents/q_tables/exp2_vs_rational_789987.pkl,game/agents/RL-Agents/q_tables/exp2_vs_rational_321123.pkl,J1,19,30,30,19,6,5,1
694,q_learning,q_learning,game/agents/RL-Agents/q_tables/exp2_vs_rational_789987.pkl,game/agents/RL-Agents/q_tables/exp2_vs_rational_321123.pkl,J0,30,11,11,30,6,3,3
695,q_learning,q_learning,game/agents/RL-Agents/q_tables/exp2_vs_rational_789987.pkl,game/agents/RL-Agents/q_tables/exp2_vs_rational_321123.pkl,J0,30,0,0,30,1,1,0
696,q_learning,q_learning,game/agents/RL-Agents/q_tables/exp2_vs_rational_789987.pkl,game/agents/RL-Agents/q_tables/exp2_vs_rational_321123.pkl,J1,5,30,30,5,6,2,4
697,q_learning,q_learning,game/agents/RL-Agents/q_tables/exp2_vs_rational_789987.pkl,game/agents/RL-Agents/q_tables/exp2_vs_rational_321123.pkl,J0,30,21,21,30,15,9,6
698,q_learning,q_learning,game/agents/RL-Agents/q_tables/exp2_vs_rational_789987.pkl,game/agents/RL-Agents/q_tables/exp2_vs_rational_321123.pkl,J1,5,30,30,5,10,4,6
699,q_learning,q_learning,game/agents/RL-Agents/q_tables/exp2_vs_rational_789987.pkl,game/agents/RL-Agents/q_tables/exp2_vs_rational_321123.pkl,J0,30,22,22,30,13,8,5
700,q_learning,q_learning,game/agents/RL-Agents/q_tables/exp2_vs_rational_789987.pkl,game/agents/RL-Agents/q_tables/exp2_vs_rational_321123.pkl,J1,1,30,30,1,1,0,1
701,q_learning,q_learning,game/agents/RL-Agents/q_tables/exp2_vs_rational_789987.pkl,game/agents/RL-Agents/q_tables/exp2_vs_rational_321123.pkl,J0,30,23,23,30,15,8,7
702,q_learning,q_learning,game/agents/RL-Agents/q_tables/exp2_vs_rational_789987.pkl,game/agents/RL-Agents/q_tables/exp2_vs_rational_321123.pkl,J0,30,1,1,30,2,1,1
703,q_learning,q_learning,game/agents/RL-Agents/q_tables/exp2_vs_rational_789987.pkl,game/agents/RL-Agents/q_tables/exp2_vs_rational_321123.pkl,J1,0,30,30,0,1,0,1
704,q_learning,q_learning,game/agents/RL-Agents/q_tables/exp2_vs_rational_789987.pkl,game/agents/RL-Agents/q_tables/exp2_vs_rational_321123.pkl,J0,30,25,25,30,19,10,9
705,q_learning,q_learning,game/agents/RL-Agents/q_tables/exp2_vs_rational_789987.pkl,game/agents/RL-Agents/q_tables/exp2_vs_rational_321123.pkl,J0,30,6,6,30,10,9,1
706,q_learning,q_learning,game/agents/RL-Agents/q_tables/exp2_vs_rational_789987.pkl,game/agents/RL-Agents/q_tables/exp2_vs_rational_321123.pkl,J1,2,30,30,2,1,1,0
707,q_learning,q_learning,game/agents/RL-Agents/q_tables/exp2_vs_rational_789987.pkl,game/agents/RL-Agents/q_tables/exp2_vs_rational_321123.pkl,J0,30,29,29,30,17,10,7
708,q_learning,q_learning,game/agents/RL-Agents/q_tables/exp2_vs_rational_789987.pkl,game/agents/RL-Agents/q_tables/exp2_vs_rational_321123.pkl,J0,30,24,24,30,14,8,6
709,q_learning,q_learning,game/agents/RL-Agents/q_tables/exp2_vs_rational_789987.pkl,game/agents/RL-Agents/q_tables/exp2_vs_rational_321123.pkl,J1,29,30,30,29,13,6,7
710,q_learning,q_learning,game/agents/RL-Agents/q_tables/exp2_vs_rational_789987.pkl,game/agents/RL-Agents/q_tables/exp2_vs_rational_321123.pkl,J0,30,8,8,30,6,3,3
711,q_learning,q_learning,game/agents/RL-Agents/q_tables/exp2_vs_rational_789987.pkl,game/agents/RL-Agents/q_tables/exp2_vs_rational_321123.pkl,J1,24,30,30,24,15,6,9
712,q_learning,q_learning,game/agents/RL-Agents/q_tables/exp2_vs_rational_789987.pkl,game/agents/RL-Agents/q_tables/exp2_vs_rational_321123.pkl,J0,30,27,27,30,14,7,7
713,q_learning,q_learning,game/agents/RL-Agents/q_tables/exp2_vs_rational_789987.pkl,game/agents/RL-Agents/q_tables/exp2_vs_rational_321123.pkl,J0,30,17,17,30,9,5,4
714,q_learning,q_learning,game/agents/RL-Agents/q_tables/exp2_vs_rational_789987.pkl,game/agents/RL-Agents/q_tables/exp2_vs_rational_321123.pkl,J1,6,30,30,6,8,3,5
715,q_learning,q_learning,game/agents/RL-Agents/q_tables/exp2_vs_rational_789987.pkl,game/agents/RL-Agents/q_tables/exp2_vs_rational_321123.pkl,J1,13,30,30,13,7,3,4
716,q_learning,q_learning,game/agents/RL-Agents/q_tables/exp2_vs_rational_789987.pkl,game/agents/RL-Agents/q_tables/exp2_vs_rational_321123.pkl,J1,24,30,30,24,16,8,8
717,q_learning,q_learning,game/agents/RL-Agents/q_tables/exp2_vs_rational_789987.pkl,game/agents/RL-Agents/q_tables/exp2_vs_rational_321123.pkl,J1,17,30,30,17,12,5,7
718,q_learning,q_learning,game/agents/RL-Agents/q_tables/exp2_vs_rational_789987.pkl,game/agents/RL-Agents/q_tables/exp2_vs_rational_321123.pkl,J0,30,21,21,30,14,8,6
719,q_learning,q_learning,game/agents/RL-Agents/q_tables/exp2_vs_rational_789987.pkl,game/agents/RL-Agents/q_tables/exp2_vs_rational_321123.pkl,J1,29,30,30,29,21,10,11
720,q_learning,q_learning,game/agents/RL-Agents/q_tables/exp2_vs_rational_789987.pkl,game/agents/RL-Agents/q_tables/exp2_vs_rational_321123.pkl,J0,30,29,29,30,15,6,9
721,q_learning,q_learning,game/agents/RL-Agents/q_tables/exp2_vs_rational_789987.pkl,game/agents/RL-Agents/q_tables/exp2_vs_rational_321123.pkl,J1,8,30,30,8,6,1,5
722,q_learning,q_learning,game/agents/RL-Agents/q_tables/exp2_vs_rational_789987.pkl,game/agents/RL-Agents/q_tables/exp2_vs_rational_321123.pkl,J1,21,30,30,21,15,8,7
723,q_learning,q_learning,game/agents/RL-Agents/q_tables/exp2_vs_rational_789987.pkl,game/agents/RL-Agents/q_tables/exp2_vs_rational_321123.pkl,J1,16,30,30,16,10,5,5
724,q_learning,q_learning,game/agents/RL-Agents/q_tables/exp2_vs_rational_789987.pkl,game/agents/RL-Agents/q_tables/exp2_vs_rational_321123.pkl,J0,30,12,12,30,12,9,3
725,q_learning,q_learning,game/agents/RL-Agents/q_tables/exp2_vs_rational_789987.pkl,game/agents/RL-Agents/q_tables/exp2_vs_rational_321123.pkl,J0,30,20,20,30,9,4,5
726,q_learning,q_learning,game/agents/RL-Agents/q_tables/exp2_vs_rational_789987.pkl,game/agents/RL-Agents/q_tables/exp2_vs_rational_321123.pkl,J0,30,13,13,30,13,7,6
727,q_learning,q_learning,game/agents/RL-Agents/q_tables/exp2_vs_rational_789987.pkl,game/agents/RL-Agents/q_tables/exp2_vs_rational_321123.pkl,J0,30,14,14,30,12,9,3
728,q_learning,q_learning,game/agents/RL-Agents/q_tables/exp2_vs_rational_789987.pkl,game/agents/RL-Agents/q_tables/exp2_vs_rational_321123.pkl,J0,30,18,18,30,9,4,5
729,q_learning,q_learning,game/agents/RL-Agents/q_tables/exp2_vs_rational_789987.pkl,game/agents/RL-Agents/q_tables/exp2_vs_rational_321123.pkl,J0,30,12,12,30,11,7,4
730,q_learning,q_learning,game/agents/RL-Agents/q_tables/exp2_vs_rational_789987.pkl,game/agents/RL-Agents/q_tables/exp2_vs_rational_321123.pkl,J1,23,30,30,23,14,4,10
731,q_learning,q_learning,game/agents/RL-Agents/q_tables/exp2_vs_rational_789987.pkl,game/agents/RL-Agents/q_tables/exp2_vs_rational_321123.pkl,J0,30,5,5,30,3,0,3
732,q_learning,q_learning,game/agents/RL-Agents/q_tables/exp2_vs_rational_789987.pkl,game/agents/RL-Agents/q_tables/exp2_vs_rational_321123.pkl,J0,30,4,4,30,2,1,1
733,q_learning,q_learning,game/agents/RL-Agents/q_tables/exp2_vs_rational_789987.pkl,game/agents/RL-Agents/q_tables/exp2_vs_rational_321123.pkl,J1,6,30,30,6,6,3,3
734,q_learning,q_learning,game/agents/RL-Agents/q_tables/exp2_vs_rational_789987.pkl,game/agents/RL-Agents/q_tables/exp2_vs_rational_321123.pkl,J0,30,8,8,30,10,5,5
735,q_learning,q_learning,game/agents/RL-Agents/q_tables/exp2_vs_rational_789987.pkl,game/agents/RL-Agents/q_tables/exp2_vs_rational_321123.pkl,J1,14,30,30,14,11,4,7
736,q_learning,q_learning,game/agents/RL-Agents/q_tables/exp2_vs_rational_789987.pkl,game/agents/RL-Agents/q_tables/exp2_vs_rational_321123.pkl,J0,30,25,25,30,16,6,10
737,q_learning,q_learning,game/agents/RL-Agents/q_tables/exp2_vs_rational_789987.pkl,game/agents/RL-Agents/q_tables/exp2_vs_rational_321123.pkl,J1,13,30,30,13,11,3,8
738,q_learning,q_learning,game/agents/RL-Agents/q_tables/exp2_vs_rational_789987.pkl,game/agents/RL-Agents/q_tables/exp2_vs_rational_321123.pkl,J1,6,30,30,6,5,2,3
739,q_learning,q_learning,game/agents/RL-Agents/q_tables/exp2_vs_rational_789987.pkl,game/agents/RL-Agents/q_tables/exp2_vs_rational_321123.pkl,J1,10,30,30,10,9,2,7
740,q_learning,q_learning,game/agents/RL-Agents/q_tables/exp2_vs_rational_789987.pkl,game/agents/RL-Agents/q_tables/exp2_vs_rational_321123.pkl,J1,10,30,30,10,11,4,7
741,q_learning,q_learning,game/agents/RL-Agents/q_tables/exp2_vs_rational_789987.pkl,game/agents/RL-Agents/q_tables/exp2_vs_rational_321123.pkl,J1,21,30,30,21,12,6,6
742,q_learning,q_learning,game/agents/RL-Agents/q_tables/exp2_vs_rational_789987.pkl,game/agents/RL-Agents/q_tables/exp2_vs_rational_321123.pkl,J0,30,15,15,30,12,8,4
743,q_learning,q_learning,game/agents/RL-Agents/q_tables/exp2_vs_rational_789987.pkl,game/agents/RL-Agents/q_tables/exp2_vs_rational_321123.pkl,J1,15,30,30,15,13,6,7
744,q_learning,q_learning,game/agents/RL-Agents/q_tables/exp2_vs_rational_789987.pkl,game/agents/RL-Agents/q_tables/exp2_vs_rational_321123.pkl,J1,17,30,30,17,14,5,9
745,q_learning,q_learning,game/agents/RL-Agents/q_tables/exp2_vs_rational_789987.pkl,game/agents/RL-Agents/q_tables/exp2_vs_rational_321123.pkl,J0,30,22,22,30,16,9,7
746,q_learning,q_learning,game/agents/RL-Agents/q_tables/exp2_vs_rational_789987.pkl,game/agents/RL-Agents/q_tables/exp2_vs_rational_321123.pkl,J0,30,13,13,30,8,5,3
747,q_learning,q_learning,game/agents/RL-Agents/q_tables/exp2_vs_rational_789987.pkl,game/agents/RL-Agents/q_tables/exp2_vs_rational_321123.pkl,J0,30,15,15,30,14,9,5
748,q_learning,q_learning,game/agents/RL-Agents/q_tables/exp2_vs_rational_789987.pkl,game/agents/RL-Agents/q_tables/exp2_vs_rational_321123.pkl,J1,4,30,30,4,9,3,6
749,q_learning,q_learning,game/agents/RL-Agents/q_tables/exp2_vs_rational_789987.pkl,game/agents/RL-Agents/q_tables/exp2_vs_rational_321123.pkl,J1,24,30,30,24,14,7,7
750,q_learning,q_learning,game/agents/RL-Agents/q_tables/exp2_vs_rational_789987.pkl,game/agents/RL-Agents/q_tables/exp2_vs_rational_321123.pkl,J1,14,30,30,14,9,2,7
751,q_learning,q_learning,game/agents/RL-Agents/q_tables/exp2_vs_rational_789987.pkl,game/agents/RL-Agents/q_tables/exp2_vs_rational_321123.pkl,J1,0,30,30,0,0,0,0
752,q_learning,q_learning,game/agents/RL-Agents/q_tables/exp2_vs_rational_789987.pkl,game/agents/RL-Agents/q_tables/exp2_vs_rational_321123.pkl,J1,8,30,30,8,10,4,6
753,q_learning,q_learning,game/agents/RL-Agents/q_tables/exp2_vs_rational_789987.pkl,game/agents/RL-Agents/q_tables/exp2_vs_rational_321123.pkl,J0,30,0,0,30,1,1,0
754,q_learning,q_learning,game/agents/RL-Agents/q_tables/exp2_vs_rational_789987.pkl,game/agents/RL-Agents/q_tables/exp2_vs_rational_321123.pkl,J1,17,30,30,17,10,4,6
755,q_learning,q_learning,game/agents/RL-Agents/q_tables/exp2_vs_rational_789987.pkl,game/agents/RL-Agents/q_tables/exp2_vs_rational_321123.pkl,J1,29,30,30,29,14,5,9
756,q_learning,q_learning,game/agents/RL-Agents/q_tables/exp2_vs_rational_789987.pkl,game/agents/RL-Agents/q_tables/exp2_vs_rational_321123.pkl,J0,30,21,21,30,15,7,8
757,q_learning,q_learning,game/agents/RL-Agents/q_tables/exp2_vs_rational_789987.pkl,game/agents/RL-Agents/q_tables/exp2_vs_rational_321123.pkl,J1,27,30,30,27,16,8,8
758,q_learning,q_learning,game/agents/RL-Agents/q_tables/exp2_vs_rational_789987.pkl,game/agents/RL-Agents/q_tables/exp2_vs_rational_321123.pkl,J1,25,30,30,25,19,9,10
759,q_learning,q_learning,game/agents/RL-Agents/q_tables/exp2_vs_rational_789987.pkl,game/agents/RL-Agents/q_tables/exp2_vs_rational_321123.pkl,J0,30,24,24,30,15,7,8
760,q_learning,q_learning,game/agents/RL-Agents/q_tables/exp2_vs_rational_789987.pkl,game/agents/RL-Agents/q_tables/exp2_vs_rational_321123.pkl,J0,30,0,0,30,0,0,0
761,q_learning,q_learning,game/agents/RL-Agents/q_tables/exp2_vs_rational_789987.pkl,game/agents/RL-Agents/q_tables/exp2_vs_rational_321123.pkl,J1,15,30,30,15,10,3,7
762,q_learning,q_learning,game/agents/RL-Agents/q_tables/exp2_vs_rational_789987.pkl,game/agents/RL-Agents/q_tables/exp2_vs_rational_321123.pkl,J1,7,30,30,7,10,4,6
763,q_learning,q_learning,game/agents/RL-Agents/q_tables/exp2_vs_rational_789987.pkl,game/agents/RL-Agents/q_tables/exp2_vs_rational_321123.pkl,J0,30,10,10,30,11,8,3
764,q_learning,q_learning,game/agents/RL-Agents/q_tables/exp2_vs_rational_789987.pkl,game/agents/RL-Agents/q_tables/exp2_vs_rational_321123.pkl,J1,16,30,30,16,9,5,4
765,q_learning,q_learning,game/agents/RL-Agents/q_tables/exp2_vs_rational_789987.pkl,game/agents/RL-Agents/q_tables/exp2_vs_rational_321123.pkl,J1,19,30,30,19,12,5,7
766,q_learning,q_learning,game/agents/RL-Agents/q_tables/exp2_vs_rational_789987.pkl,game/agents/RL-Agents/q_tables/exp2_vs_rational_321123.pkl,J0,30,29,29,30,10,6,4
767,q_learning,q_learning,game/agents/RL-Agents/q_tables/exp2_vs_rational_789987.pkl,game/agents/RL-Agents/q_tables/exp2_vs_rational_321123.pkl,J1,18,30,30,18,13,5,8
768,q_learning,q_learning,game/agents/RL-Agents/q_tables/exp2_vs_rational_789987.pkl,game/agents/RL-Agents/q_tables/exp2_vs_rational_321123.pkl,J1,28,30,30,28,8,7,1
769,q_learning,q_learning,game/agents/RL-Agents/q_tables/exp2_vs_rational_789987.pkl,game/agents/RL-Agents/q_tables/exp2_vs_rational_321123.pkl,J1,2,30,30,2,5,1,4
770,q_learning,q_learning,game/agents/RL-Agents/q_tables/exp2_vs_rational_789987.pkl,game/agents/RL-Agents/q_tables/exp2_vs_rational_321123.pkl,J0,30,6,6,30,6,4,2
771,q_learning,q_learning,game/agents/RL-Agents/q_tables/exp2_vs_rational_789987.pkl,game/agents/RL-Agents/q_tables/exp2_vs_rational_321123.pkl,J1,8,30,30,8,5,3,2
772,q_learning,q_learning,game/agents/RL-Agents/q_tables/exp2_vs_rational_789987.pkl,game/agents/RL-Agents/q_tables/exp2_vs_rational_321123.pkl,J0,30,24,24,30,19,10,9
773,q_learning,q_learning,game/agents/RL-Agents/q_tables/exp2_vs_rational_789987.pkl,game/agents/RL-Agents/q_tables/exp2_vs_rational_321123.pkl,J0,30,26,26,30,11,4,7
774,q_learning,q_learning,game/agents/RL-Agents/q_tables/exp2_vs_rational_789987.pkl,game/agents/RL-Agents/q_tables/exp2_vs_rational_321123.pkl,J1,3,30,30,3,7,0,7
775,q_learning,q_learning,game/agents/RL-Agents/q_tables/exp2_vs_rational_789987.pkl,game/agents/RL-Agents/q_tables/exp2_vs_rational_321123.pkl,J1,18,30,30,18,10,6,4
776,q_learning,q_learning,game/agents/RL-Agents/q_tables/exp2_vs_rational_789987.pkl,game/agents/RL-Agents/q_tables/exp2_vs_rational_321123.pkl,J1,0,30,30,0,4,0,4
777,q_learning,q_learning,game/agents/RL-Agents/q_tables/exp2_vs_rational_789987.pkl,game/agents/RL-Agents/q_tables/exp2_vs_rational_321123.pkl,J0,30,28,28,30,13,6,7
778,q_learning,q_learning,game/agents/RL-Agents/q_tables/exp2_vs_rational_789987.pkl,game/agents/RL-Agents/q_tables/exp2_vs_rational_321123.pkl,J1,22,30,30,22,15,7,8
779,q_learning,q_learning,game/agents/RL-Agents/q_tables/exp2_vs_rational_789987.pkl,game/agents/RL-Agents/q_tables/exp2_vs_rational_321123.pkl,J0,30,16,16,30,8,4,4
780,q_learning,q_learning,game/agents/RL-Agents/q_tables/exp2_vs_rational_789987.pkl,game/agents/RL-Agents/q_tables/exp2_vs_rational_321123.pkl,J0,30,21,21,30,16,9,7
781,q_learning,q_learning,game/agents/RL-Agents/q_tables/exp2_vs_rational_789987.pkl,game/agents/RL-Agents/q_tables/exp2_vs_rational_321123.pkl,J1,19,30,30,19,14,4,10
782,q_learning,q_learning,game/agents/RL-Agents/q_tables/exp2_vs_rational_789987.pkl,game/agents/RL-Agents/q_tables/exp2_vs_rational_321123.pkl,J0,30,17,17,30,14,8,6
783,q_learning,q_learning,game/agents/RL-Agents/q_tables/exp2_vs_rational_789987.pkl,game/agents/RL-Agents/q_tables/exp2_vs_rational_321123.pkl,J0,30,29,29,30,14,7,7
784,q_learning,q_learning,game/agents/RL-Agents/q_tables/exp2_vs_rational_789987.pkl,game/agents/RL-Agents/q_tables/exp2_vs_rational_321123.pkl,J1,9,30,30,9,10,4,6
785,q_learning,q_learning,game/agents/RL-Agents/q_tables/exp2_vs_rational_789987.pkl,game/agents/RL-Agents/q_tables/exp2_vs_rational_321123.pkl,J1,29,30,30,29,16,8,8
786,q_learning,q_learning,game/agents/RL-Agents/q_tables/exp2_vs_rational_789987.pkl,game/agents/RL-Agents/q_tables/exp2_vs_rational_321123.pkl,J1,18,30,30,18,14,6,8
787,q_learning,q_learning,game/agents/RL-Agents/q_tables/exp2_vs_rational_789987.pkl,game/agents/RL-Agents/q_tables/exp2_vs_rational_321123.pkl,J0,30,0,0,30,0,0,0
788,q_learning,q_learning,game/agents/RL-Agents/q_tables/exp2_vs_rational_789987.pkl,game/agents/RL-Agents/q_tables/exp2_vs_rational_321123.pkl,J1,15,30,30,15,10,3,7
789,q_learning,q_learning,game/agents/RL-Agents/q_tables/exp2_vs_rational_789987.pkl,game/agents/RL-Agents/q_tables/exp2_vs_rational_321123.pkl,J0,30,5,5,30,10,9,1
790,q_learning,q_learning,game/agents/RL-Agents/q_tables/exp2_vs_rational_789987.pkl,game/agents/RL-Agents/q_tables/exp2_vs_rational_321123.pkl,J0,30,22,22,30,15,8,7
791,q_learning,q_learning,game/agents/RL-Agents/q_tables/exp2_vs_rational_789987.pkl,game/agents/RL-Agents/q_tables/exp2_vs_rational_321123.pkl,J1,13,30,30,13,12,2,10
792,q_learning,q_learning,game/agents/RL-Agents/q_tables/exp2_vs_rational_789987.pkl,game/agents/RL-Agents/q_tables/exp2_vs_rational_321123.pkl,J0,30,11,11,30,11,7,4
793,q_learning,q_learning,game/agents/RL-Agents/q_tables/exp2_vs_rational_789987.pkl,game/agents/RL-Agents/q_tables/exp2_vs_rational_321123.pkl,J0,30,2,2,30,1,0,1
794,q_learning,q_learning,game/agents/RL-Agents/q_tables/exp2_vs_rational_789987.pkl,game/agents/RL-Agents/q_tables/exp2_vs_rational_321123.pkl,J0,30,3,3,30,1,0,1
795,q_learning,q_learning,game/agents/RL-Agents/q_tables/exp2_vs_rational_789987.pkl,game/agents/RL-Agents/q_tables/exp2_vs_rational_321123.pkl,J1,4,30,30,4,2,1,1
796,q_learning,q_learning,game/agents/RL-Agents/q_tables/exp2_vs_rational_789987.pkl,game/agents/RL-Agents/q_tables/exp2_vs_rational_321123.pkl,J1,21,30,30,21,13,6,7
797,q_learning,q_learning,game/agents/RL-Agents/q_tables/exp2_vs_rational_789987.pkl,game/agents/RL-Agents/q_tables/exp2_vs_rational_321123.pkl,J1,10,30,30,10,10,3,7
798,q_learning,q_learning,game/agents/RL-Agents/q_tables/exp2_vs_rational_789987.pkl,game/agents/RL-Agents/q_tables/exp2_vs_rational_321123.pkl,J1,0,30,30,0,0,0,0
799,q_learning,q_learning,game/agents/RL-Agents/q_tables/exp2_vs_rational_789987.pkl,game/agents/RL-Agents/q_tables/exp2_vs_rational_321123.pkl,J0,30,21,21,30,13,7,6
800,q_learning,q_learning,game/agents/RL-Agents/q_tables/exp2_vs_rational_789987.pkl,game/agents/RL-Agents/q_tables/exp2_vs_rational_321123.pkl,J0,30,20,20,30,14,8,6
801,q_learning,q_learning,game/agents/RL-Agents/q_tables/exp2_vs_rational_789987.pkl,game/agents/RL-Agents/q_tables/exp2_vs_rational_321123.pkl,J0,30,21,21,30,14,6,8
802,q_learning,q_learning,game/agents/RL-Agents/q_tables/exp2_vs_rational_789987.pkl,game/agents/RL-Agents/q_tables/exp2_vs_rational_321123.pkl,J0,30,0,0,30,0,0,0
803,q_learning,q_learning,game/agents/RL-Agents/q_tables/exp2_vs_rational_789987.pkl,game/agents/RL-Agents/q_tables/exp2_vs_rational_321123.pkl,J1,11,30,30,11,12,4,8
804,q_learning,q_learning,game/agents/RL-Agents/q_tables/exp2_vs_rational_789987.pkl,game/agents/RL-Agents/q_tables/exp2_vs_rational_321123.pkl,J1,14,30,30,14,11,4,7
805,q_learning,q_learning,game/agents/RL-Agents/q_tables/exp2_vs_rational_789987.pkl,game/agents/RL-Agents/q_tables/exp2_vs_rational_321123.pkl,J1,26,30,30,26,13,6,7
806,q_learning,q_learning,game/agents/RL-Agents/q_tables/exp2_vs_rational_789987.pkl,game/agents/RL-Agents/q_tables/exp2_vs_rational_321123.pkl,J1,15,30,30,15,10,3,7
807,q_learning,q_learning,game/agents/RL-Agents/q_tables/exp2_vs_rational_789987.pkl,game/agents/RL-Agents/q_tables/exp2_vs_rational_321123.pkl,J0,30,23,23,30,16,10,6
808,q_learning,q_learning,game/agents/RL-Agents/q_tables/exp2_vs_rational_789987.pkl,game/agents/RL-Agents/q_tables/exp2_vs_rational_321123.pkl,J1,26,30,30,26,14,7,7
809,q_learning,q_learning,game/agents/RL-Agents/q_tables/exp2_vs_rational_789987.pkl,game/agents/RL-Agents/q_tables/exp2_vs_rational_321123.pkl,J0,30,12,12,30,10,7,3
810,q_learning,q_learning,game/agents/RL-Agents/q_tables/exp2_vs_rational_789987.pkl,game/agents/RL-Agents/q_tables/exp2_vs_rational_321123.pkl,J0,30,8,8,30,3,0,3
811,q_learning,q_learning,game/agents/RL-Agents/q_tables/exp2_vs_rational_789987.pkl,game/agents/RL-Agents/q_tables/exp2_vs_rational_321123.pkl,J1,26,30,30,26,15,6,9
812,q_learning,q_learning,game/agents/RL-Agents/q_tables/exp2_vs_rational_789987.pkl,game/agents/RL-Agents/q_tables/exp2_vs_rational_321123.pkl,J0,30,1,1,30,1,0,1
813,q_learning,q_learning,game/agents/RL-Agents/q_tables/exp2_vs_rational_789987.pkl,game/agents/RL-Agents/q_tables/exp2_vs_rational_321123.pkl,J0,30,15,15,30,13,6,7
814,q_learning,q_learning,game/agents/RL-Agents/q_tables/exp2_vs_rational_789987.pkl,game/agents/RL-Agents/q_tables/exp2_vs_rational_321123.pkl,J1,23,30,30,23,9,6,3
815,q_learning,q_learning,game/agents/RL-Agents/q_tables/exp2_vs_rational_789987.pkl,game/agents/RL-Agents/q_tables/exp2_vs_rational_321123.pkl,J1,24,30,30,24,19,10,9
816,q_learning,q_learning,game/agents/RL-Agents/q_tables/exp2_vs_rational_789987.pkl,game/agents/RL-Agents/q_tables/exp2_vs_rational_321123.pkl,J1,2,30,30,2,1,1,0
817,q_learning,q_learning,game/agents/RL-Agents/q_tables/exp2_vs_rational_789987.pkl,game/agents/RL-Agents/q_tables/exp2_vs_rational_321123.pkl,J0,30,11,11,30,8,3,5
818,q_learning,q_learning,game/agents/RL-Agents/q_tables/exp2_vs_rational_789987.pkl,game/agents/RL-Agents/q_tables/exp2_vs_rational_321123.pkl,J0,30,11,11,30,8,6,2
819,q_learning,q_learning,game/agents/RL-Agents/q_tables/exp2_vs_rational_789987.pkl,game/agents/RL-Agents/q_tables/exp2_vs_rational_321123.pkl,J1,13,30,30,13,9,5,4
820,q_learning,q_learning,game/agents/RL-Agents/q_tables/exp2_vs_rational_789987.pkl,game/agents/RL-Agents/q_tables/exp2_vs_rational_321123.pkl,J1,24,30,30,24,13,8,5
821,q_learning,q_learning,game/agents/RL-Agents/q_tables/exp2_vs_rational_789987.pkl,game/agents/RL-Agents/q_tables/exp2_vs_rational_321123.pkl,J1,6,30,30,6,4,1,3
822,q_learning,q_learning,game/agents/RL-Agents/q_tables/exp2_vs_rational_789987.pkl,game/agents/RL-Agents/q_tables/exp2_vs_rational_321123.pkl,J1,20,30,30,20,13,4,9
823,q_learning,q_learning,game/agents/RL-Agents/q_tables/exp2_vs_rational_789987.pkl,game/agents/RL-Agents/q_tables/exp2_vs_rational_321123.pkl,J0,30,14,14,30,13,8,5
824,q_learning,q_learning,game/agents/RL-Agents/q_tables/exp2_vs_rational_789987.pkl,game/agents/RL-Agents/q_tables/exp2_vs_rational_321123.pkl,J0,30,26,26,30,9,6,3
825,q_learning,q_learning,game/agents/RL-Agents/q_tables/exp2_vs_rational_789987.pkl,game/agents/RL-Agents/q_tables/exp2_vs_rational_321123.pkl,J0,30,10,10,30,13,9,4
826,q_learning,q_learning,game/agents/RL-Agents/q_tables/exp2_vs_rational_789987.pkl,game/agents/RL-Agents/q_tables/exp2_vs_rational_321123.pkl,J1,11,30,30,11,6,2,4
827,q_learning,q_learning,game/agents/RL-Agents/q_tables/exp2_vs_rational_789987.pkl,game/agents/RL-Agents/q_tables/exp2_vs_rational_321123.pkl,J1,24,30,30,24,12,5,7
828,q_learning,q_learning,game/agents/RL-Agents/q_tables/exp2_vs_rational_789987.pkl,game/agents/RL-Agents/q_tables/exp2_vs_rational_321123.pkl,J0,30,17,17,30,9,5,4
829,q_learning,q_learning,game/agents/RL-Agents/q_tables/exp2_vs_rational_789987.pkl,game/agents/RL-Agents/q_tables/exp2_vs_rational_321123.pkl,J0,30,4,4,30,5,3,2
830,q_learning,q_learning,game/agents/RL-Agents/q_tables/exp2_vs_rational_789987.pkl,game/agents/RL-Agents/q_tables/exp2_vs_rational_321123.pkl,J1,28,30,30,28,13,7,6
831,q_learning,q_learning,game/agents/RL-Agents/q_tables/exp2_vs_rational_789987.pkl,game/agents/RL-Agents/q_tables/exp2_vs_rational_321123.pkl,J0,30,22,22,30,14,4,10
832,q_learning,q_learning,game/agents/RL-Agents/q_tables/exp2_vs_rational_789987.pkl,game/agents/RL-Agents/q_tables/exp2_vs_rational_321123.pkl,J1,18,30,30,18,10,6,4
833,q_learning,q_learning,game/agents/RL-Agents/q_tables/exp2_vs_rational_789987.pkl,game/agents/RL-Agents/q_tables/exp2_vs_rational_321123.pkl,J0,30,26,26,30,16,10,6
834,q_learning,q_learning,game/agents/RL-Agents/q_tables/exp2_vs_rational_789987.pkl,game/agents/RL-Agents/q_tables/exp2_vs_rational_321123.pkl,J0,30,16,16,30,16,8,8
835,q_learning,q_learning,game/agents/RL-Agents/q_tables/exp2_vs_rational_789987.pkl,game/agents/RL-Agents/q_tables/exp2_vs_rational_321123.pkl,J0,30,10,10,30,6,3,3
836,q_learning,q_learning,game/agents/RL-Agents/q_tables/exp2_vs_rational_789987.pkl,game/agents/RL-Agents/q_tables/exp2_vs_rational_321123.pkl,J0,30,0,0,30,0,0,0
837,q_learning,q_learning,game/agents/RL-Agents/q_tables/exp2_vs_rational_789987.pkl,game/agents/RL-Agents/q_tables/exp2_vs_rational_321123.pkl,J0,30,4,4,30,7,5,2
838,q_learning,q_learning,game/agents/RL-Agents/q_tables/exp2_vs_rational_789987.pkl,game/agents/RL-Agents/q_tables/exp2_vs_rational_321123.pkl,J1,0,30,30,0,0,0,0
839,q_learning,q_learning,game/agents/RL-Agents/q_tables/exp2_vs_rational_789987.pkl,game/agents/RL-Agents/q_tables/exp2_vs_rational_321123.pkl,J1,14,30,30,14,12,4,8
840,q_learning,q_learning,game/agents/RL-Agents/q_tables/exp2_vs_rational_789987.pkl,game/agents/RL-Agents/q_tables/exp2_vs_rational_321123.pkl,J1,29,30,30,29,16,7,9
841,q_learning,q_learning,game/agents/RL-Agents/q_tables/exp2_vs_rational_789987.pkl,game/agents/RL-Agents/q_tables/exp2_vs_rational_321123.pkl,J0,30,11,11,30,11,8,3
842,q_learning,q_learning,game/agents/RL-Agents/q_tables/exp2_vs_rational_789987.pkl,game/agents/RL-Agents/q_tables/exp2_vs_rational_321123.pkl,J0,30,12,12,30,10,7,3
843,q_learning,q_learning,game/agents/RL-Agents/q_tables/exp2_vs_rational_789987.pkl,game/agents/RL-Agents/q_tables/exp2_vs_rational_321123.pkl,J1,12,30,30,12,6,3,3
844,q_learning,q_learning,game/agents/RL-Agents/q_tables/exp2_vs_rational_789987.pkl,game/agents/RL-Agents/q_tables/exp2_vs_rational_321123.pkl,J0,30,0,0,30,0,0,0
845,q_learning,q_learning,game/agents/RL-Agents/q_tables/exp2_vs_rational_789987.pkl,game/agents/RL-Agents/q_tables/exp2_vs_rational_321123.pkl,J0,30,18,18,30,13,7,6
846,q_learning,q_learning,game/agents/RL-Agents/q_tables/exp2_vs_rational_789987.pkl,game/agents/RL-Agents/q_tables/exp2_vs_rational_321123.pkl,J1,12,30,30,12,12,5,7
847,q_learning,q_learning,game/agents/RL-Agents/q_tables/exp2_vs_rational_789987.pkl,game/agents/RL-Agents/q_tables/exp2_vs_rational_321123.pkl,J0,30,12,12,30,13,6,7
848,q_learning,q_learning,game/agents/RL-Agents/q_tables/exp2_vs_rational_789987.pkl,game/agents/RL-Agents/q_tables/exp2_vs_rational_321123.pkl,J0,30,5,5,30,4,2,2
849,q_learning,q_learning,game/agents/RL-Agents/q_tables/exp2_vs_rational_789987.pkl,game/agents/RL-Agents/q_tables/exp2_vs_rational_321123.pkl,J1,12,30,30,12,10,3,7
850,q_learning,q_learning,game/agents/RL-Agents/q_tables/exp2_vs_rational_789987.pkl,game/agents/RL-Agents/q_tables/exp2_vs_rational_321123.pkl,J0,30,9,9,30,8,6,2
851,q_learning,q_learning,game/agents/RL-Agents/q_tables/exp2_vs_rational_789987.pkl,game/agents/RL-Agents/q_tables/exp2_vs_rational_321123.pkl,J0,30,24,24,30,15,9,6
852,q_learning,q_learning,game/agents/RL-Agents/q_tables/exp2_vs_rational_789987.pkl,game/agents/RL-Agents/q_tables/exp2_vs_rational_321123.pkl,J0,30,23,23,30,12,6,6
853,q_learning,q_learning,game/agents/RL-Agents/q_tables/exp2_vs_rational_789987.pkl,game/agents/RL-Agents/q_tables/exp2_vs_rational_321123.pkl,J1,0,30,30,0,1,0,1
854,q_learning,q_learning,game/agents/RL-Agents/q_tables/exp2_vs_rational_789987.pkl,game/agents/RL-Agents/q_tables/exp2_vs_rational_321123.pkl,J0,30,26,26,30,14,7,7
855,q_learning,q_learning,game/agents/RL-Agents/q_tables/exp2_vs_rational_789987.pkl,game/agents/RL-Agents/q_tables/exp2_vs_rational_321123.pkl,J1,14,30,30,14,10,4,6
856,q_learning,q_learning,game/agents/RL-Agents/q_tables/exp2_vs_rational_789987.pkl,game/agents/RL-Agents/q_tables/exp2_vs_rational_321123.pkl,J1,28,30,30,28,19,8,11
857,q_learning,q_learning,game/agents/RL-Agents/q_tables/exp2_vs_rational_789987.pkl,game/agents/RL-Agents/q_tables/exp2_vs_rational_321123.pkl,J0,30,20,20,30,18,13,5
858,q_learning,q_learning,game/agents/RL-Agents/q_tables/exp2_vs_rational_789987.pkl,game/agents/RL-Agents/q_tables/exp2_vs_rational_321123.pkl,J1,6,30,30,6,5,1,4
859,q_learning,q_learning,game/agents/RL-Agents/q_tables/exp2_vs_rational_789987.pkl,game/agents/RL-Agents/q_tables/exp2_vs_rational_321123.pkl,J1,5,30,30,5,2,1,1
860,q_learning,q_learning,game/agents/RL-Agents/q_tables/exp2_vs_rational_789987.pkl,game/agents/RL-Agents/q_tables/exp2_vs_rational_321123.pkl,J0,30,16,16,30,13,8,5
861,q_learning,q_learning,game/agents/RL-Agents/q_tables/exp2_vs_rational_789987.pkl,game/agents/RL-Agents/q_tables/exp2_vs_rational_321123.pkl,J1,20,30,30,20,17,8,9
862,q_learning,q_learning,game/agents/RL-Agents/q_tables/exp2_vs_rational_789987.pkl,game/agents/RL-Agents/q_tables/exp2_vs_rational_321123.pkl,J1,25,30,30,25,18,8,10
863,q_learning,q_learning,game/agents/RL-Agents/q_tables/exp2_vs_rational_789987.pkl,game/agents/RL-Agents/q_tables/exp2_vs_rational_321123.pkl,J0,30,12,12,30,8,3,5
864,q_learning,q_learning,game/agents/RL-Agents/q_tables/exp2_vs_rational_789987.pkl,game/agents/RL-Agents/q_tables/exp2_vs_rational_321123.pkl,J1,7,30,30,7,13,3,10
865,q_learning,q_learning,game/agents/RL-Agents/q_tables/exp2_vs_rational_789987.pkl,game/agents/RL-Agents/q_tables/exp2_vs_rational_321123.pkl,J0,30,6,6,30,2,1,1
866,q_learning,q_learning,game/agents/RL-Agents/q_tables/exp2_vs_rational_789987.pkl,game/agents/RL-Agents/q_tables/exp2_vs_rational_321123.pkl,J1,0,30,30,0,0,0,0
867,q_learning,q_learning,game/agents/RL-Agents/q_tables/exp2_vs_rational_789987.pkl,game/agents/RL-Agents/q_tables/exp2_vs_rational_321123.pkl,J0,30,19,19,30,12,8,4
868,q_learning,q_learning,game/agents/RL-Agents/q_tables/exp2_vs_rational_789987.pkl,game/agents/RL-Agents/q_tables/exp2_vs_rational_321123.pkl,J1,11,30,30,11,10,3,7
869,q_learning,q_learning,game/agents/RL-Agents/q_tables/exp2_vs_rational_789987.pkl,game/agents/RL-Agents/q_tables/exp2_vs_rational_321123.pkl,J0,30,26,26,30,15,8,7
870,q_learning,q_learning,game/agents/RL-Agents/q_tables/exp2_vs_rational_789987.pkl,game/agents/RL-Agents/q_tables/exp2_vs_rational_321123.pkl,J1,24,30,30,24,14,5,9
871,q_learning,q_learning,game/agents/RL-Agents/q_tables/exp2_vs_rational_789987.pkl,game/agents/RL-Agents/q_tables/exp2_vs_rational_321123.pkl,J0,30,28,28,30,16,9,7
872,q_learning,q_learning,game/agents/RL-Agents/q_tables/exp2_vs_rational_789987.pkl,game/agents/RL-Agents/q_tables/exp2_vs_rational_321123.pkl,J1,25,30,30,25,15,8,7
873,q_learning,q_learning,game/agents/RL-Agents/q_tables/exp2_vs_rational_789987.pkl,game/agents/RL-Agents/q_tables/exp2_vs_rational_321123.pkl,J0,30,8,8,30,3,1,2
874,q_learning,q_learning,game/agents/RL-Agents/q_tables/exp2_vs_rational_789987.pkl,game/agents/RL-Agents/q_tables/exp2_vs_rational_321123.pkl,J0,30,26,26,30,20,9,11
875,q_learning,q_learning,game/agents/RL-Agents/q_tables/exp2_vs_rational_789987.pkl,game/agents/RL-Agents/q_tables/exp2_vs_rational_321123.pkl,J1,11,30,30,11,14,4,10
876,q_learning,q_learning,game/agents/RL-Agents/q_tables/exp2_vs_rational_789987.pkl,game/agents/RL-Agents/q_tables/exp2_vs_rational_321123.pkl,J1,0,30,30,0,0,0,0
877,q_learning,q_learning,game/agents/RL-Agents/q_tables/exp2_vs_rational_789987.pkl,game/agents/RL-Agents/q_tables/exp2_vs_rational_321123.pkl,J1,0,30,30,0,2,0,2
878,q_learning,q_learning,game/agents/RL-Agents/q_tables/exp2_vs_rational_789987.pkl,game/agents/RL-Agents/q_tables/exp2_vs_rational_321123.pkl,J0,30,9,9,30,6,3,3
879,q_learning,q_learning,game/agents/RL-Agents/q_tables/exp2_vs_rational_789987.pkl,game/agents/RL-Agents/q_tables/exp2_vs_rational_321123.pkl,J1,10,30,30,10,6,3,3
880,q_learning,q_learning,game/agents/RL-Agents/q_tables/exp2_vs_rational_789987.pkl,game/agents/RL-Agents/q_tables/exp2_vs_rational_321123.pkl,J1,10,30,30,10,9,2,7
881,q_learning,q_learning,game/agents/RL-Agents/q_tables/exp2_vs_rational_789987.pkl,game/agents/RL-Agents/q_tables/exp2_vs_rational_321123.pkl,J1,27,30,30,27,17,10,7
882,q_learning,q_learning,game/agents/RL-Agents/q_tables/exp2_vs_rational_789987.pkl,game/agents/RL-Agents/q_tables/exp2_vs_rational_321123.pkl,J1,25,30,30,25,15,8,7
883,q_learning,q_learning,game/agents/RL-Agents/q_tables/exp2_vs_rational_789987.pkl,game/agents/RL-Agents/q_tables/exp2_vs_rational_321123.pkl,J1,0,30,30,0,1,0,1
884,q_learning,q_learning,game/agents/RL-Agents/q_tables/exp2_vs_rational_789987.pkl,game/agents/RL-Agents/q_tables/exp2_vs_rational_321123.pkl,J1,19,30,30,19,13,6,7
885,q_learning,q_learning,game/agents/RL-Agents/q_tables/exp2_vs_rational_789987.pkl,game/agents/RL-Agents/q_tables/exp2_vs_rational_321123.pkl,J1,11,30,30,11,4,3,1
886,q_learning,q_learning,game/agents/RL-Agents/q_tables/exp2_vs_rational_789987.pkl,game/agents/RL-Agents/q_tables/exp2_vs_rational_321123.pkl,J0,30,17,17,30,16,11,5
887,q_learning,q_learning,game/agents/RL-Agents/q_tables/exp2_vs_rational_789987.pkl,game/agents/RL-Agents/q_tables/exp2_vs_rational_321123.pkl,J1,14,30,30,14,13,2,11
888,q_learning,q_learning,game/agents/RL-Agents/q_tables/exp2_vs_rational_789987.pkl,game/agents/RL-Agents/q_tables/exp2_vs_rational_321123.pkl,J1,1,30,30,1,1,1,0
889,q_learning,q_learning,game/agents/RL-Agents/q_tables/exp2_vs_rational_789987.pkl,game/agents/RL-Agents/q_tables/exp2_vs_rational_321123.pkl,J0,30,24,24,30,9,3,6
890,q_learning,q_learning,game/agents/RL-Agents/q_tables/exp2_vs_rational_789987.pkl,game/agents/RL-Agents/q_tables/exp2_vs_rational_321123.pkl,J0,30,12,12,30,12,7,5
891,q_learning,q_learning,game/agents/RL-Agents/q_tables/exp2_vs_rational_789987.pkl,game/agents/RL-Agents/q_tables/exp2_vs_rational_321123.pkl,J1,24,30,30,24,15,8,7
892,q_learning,q_learning,game/agents/RL-Agents/q_tables/exp2_vs_rational_789987.pkl,game/agents/RL-Agents/q_tables/exp2_vs_rational_321123.pkl,J1,1,30,30,1,2,1,1
893,q_learning,q_learning,game/agents/RL-Agents/q_tables/exp2_vs_rational_789987.pkl,game/agents/RL-Agents/q_tables/exp2_vs_rational_321123.pkl,J0,30,26,26,30,17,11,6
894,q_learning,q_learning,game/agents/RL-Agents/q_tables/exp2_vs_rational_789987.pkl,game/agents/RL-Agents/q_tables/exp2_vs_rational_321123.pkl,J0,30,9,9,30,4,1,3
895,q_learning,q_learning,game/agents/RL-Agents/q_tables/exp2_vs_rational_789987.pkl,game/agents/RL-Agents/q_tables/exp2_vs_rational_321123.pkl,J1,29,30,30,29,12,4,8
896,q_learning,q_learning,game/agents/RL-Agents/q_tables/exp2_vs_rational_789987.pkl,game/agents/RL-Agents/q_tables/exp2_vs_rational_321123.pkl,J0,30,9,9,30,8,5,3
897,q_learning,q_learning,game/agents/RL-Agents/q_tables/exp2_vs_rational_789987.pkl,game/agents/RL-Agents/q_tables/exp2_vs_rational_321123.pkl,J1,0,30,30,0,0,0,0
898,q_learning,q_learning,game/agents/RL-Agents/q_tables/exp2_vs_rational_789987.pkl,game/agents/RL-Agents/q_tables/exp2_vs_rational_321123.pkl,J0,30,2,2,30,2,1,1
899,q_learning,q_learning,game/agents/RL-Agents/q_tables/exp2_vs_rational_789987.pkl,game/agents/RL-Agents/q_tables/exp2_vs_rational_321123.pkl,J0,30,26,26,30,19,11,8
900,q_learning,q_learning,game/agents/RL-Agents/q_tables/exp2_vs_rational_789987.pkl,game/agents/RL-Agents/q_tables/exp2_vs_rational_321123.pkl,J0,30,29,29,30,14,8,6
901,q_learning,q_learning,game/agents/RL-Agents/q_tables/exp2_vs_rational_789987.pkl,game/agents/RL-Agents/q_tables/exp2_vs_rational_321123.pkl,J1,24,30,30,24,16,6,10
902,q_learning,q_learning,game/agents/RL-Agents/q_tables/exp2_vs_rational_789987.pkl,game/agents/RL-Agents/q_tables/exp2_vs_rational_321123.pkl,J0,30,0,0,30,0,0,0
903,q_learning,q_learning,game/agents/RL-Agents/q_tables/exp2_vs_rational_789987.pkl,game/agents/RL-Agents/q_tables/exp2_vs_rational_321123.pkl,J0,30,25,25,30,15,7,8
904,q_learning,q_learning,game/agents/RL-Agents/q_tables/exp2_vs_rational_789987.pkl,game/agents/RL-Agents/q_tables/exp2_vs_rational_321123.pkl,J0,30,23,23,30,12,4,8
905,q_learning,q_learning,game/agents/RL-Agents/q_tables/exp2_vs_rational_789987.pkl,game/agents/RL-Agents/q_tables/exp2_vs_rational_321123.pkl,J1,0,30,30,0,0,0,0
906,q_learning,q_learning,game/agents/RL-Agents/q_tables/exp2_vs_rational_789987.pkl,game/agents/RL-Agents/q_tables/exp2_vs_rational_321123.pkl,J1,6,30,30,6,7,3,4
907,q_learning,q_learning,game/agents/RL-Agents/q_tables/exp2_vs_rational_789987.pkl,game/agents/RL-Agents/q_tables/exp2_vs_rational_321123.pkl,J0,30,17,17,30,14,10,4
908,q_learning,q_learning,game/agents/RL-Agents/q_tables/exp2_vs_rational_789987.pkl,game/agents/RL-Agents/q_tables/exp2_vs_rational_321123.pkl,J1,21,30,30,21,16,6,10
909,q_learning,q_learning,game/agents/RL-Agents/q_tables/exp2_vs_rational_789987.pkl,game/agents/RL-Agents/q_tables/exp2_vs_rational_321123.pkl,J1,2,30,30,2,3,1,2
910,q_learning,q_learning,game/agents/RL-Agents/q_tables/exp2_vs_rational_789987.pkl,game/agents/RL-Agents/q_tables/exp2_vs_rational_321123.pkl,J1,1,30,30,1,3,0,3
911,q_learning,q_learning,game/agents/RL-Agents/q_tables/exp2_vs_rational_789987.pkl,game/agents/RL-Agents/q_tables/exp2_vs_rational_321123.pkl,J1,17,30,30,17,12,8,4
912,q_learning,q_learning,game/agents/RL-Agents/q_tables/exp2_vs_rational_789987.pkl,game/agents/RL-Agents/q_tables/exp2_vs_rational_321123.pkl,J0,30,21,21,30,13,8,5
913,q_learning,q_learning,game/agents/RL-Agents/q_tables/exp2_vs_rational_789987.pkl,game/agents/RL-Agents/q_tables/exp2_vs_rational_321123.pkl,J1,12,30,30,12,13,4,9
914,q_learning,q_learning,game/agents/RL-Agents/q_tables/exp2_vs_rational_789987.pkl,game/agents/RL-Agents/q_tables/exp2_vs_rational_321123.pkl,J1,28,30,30,28,17,10,7
915,q_learning,q_learning,game/agents/RL-Agents/q_tables/exp2_vs_rational_789987.pkl,game/agents/RL-Agents/q_tables/exp2_vs_rational_321123.pkl,J0,30,26,26,30,10,3,7
916,q_learning,q_learning,game/agents/RL-Agents/q_tables/exp2_vs_rational_789987.pkl,game/agents/RL-Agents/q_tables/exp2_vs_rational_321123.pkl,J1,5,30,30,5,3,2,1
917,q_learning,q_learning,game/agents/RL-Agents/q_tables/exp2_vs_rational_789987.pkl,game/agents/RL-Agents/q_tables/exp2_vs_rational_321123.pkl,J0,30,26,26,30,15,7,8
918,q_learning,q_learning,game/agents/RL-Agents/q_tables/exp2_vs_rational_789987.pkl,game/agents/RL-Agents/q_tables/exp2_vs_rational_321123.pkl,J0,30,11,11,30,11,7,4
919,q_learning,q_learning,game/agents/RL-Agents/q_tables/exp2_vs_rational_789987.pkl,game/agents/RL-Agents/q_tables/exp2_vs_rational_321123.pkl,J1,23,30,30,23,13,6,7
920,q_learning,q_learning,game/agents/RL-Agents/q_tables/exp2_vs_rational_789987.pkl,game/agents/RL-Agents/q_tables/exp2_vs_rational_321123.pkl,J1,16,30,30,16,4,3,1
921,q_learning,q_learning,game/agents/RL-Agents/q_tables/exp2_vs_rational_789987.pkl,game/agents/RL-Agents/q_tables/exp2_vs_rational_321123.pkl,J1,9,30,30,9,10,3,7
922,q_learning,q_learning,game/agents/RL-Agents/q_tables/exp2_vs_rational_789987.pkl,game/agents/RL-Agents/q_tables/exp2_vs_rational_321123.pkl,J0,30,8,8,30,10,7,3
923,q_learning,q_learning,game/agents/RL-Agents/q_tables/exp2_vs_rational_789987.pkl,game/agents/RL-Agents/q_tables/exp2_vs_rational_321123.pkl,J0,30,7,7,30,6,1,5
924,q_learning,q_learning,game/agents/RL-Agents/q_tables/exp2_vs_rational_789987.pkl,game/agents/RL-Agents/q_tables/exp2_vs_rational_321123.pkl,J0,30,14,14,30,12,8,4
925,q_learning,q_learning,game/agents/RL-Agents/q_tables/exp2_vs_rational_789987.pkl,game/agents/RL-Agents/q_tables/exp2_vs_rational_321123.pkl,J0,30,0,0,30,0,0,0
926,q_learning,q_learning,game/agents/RL-Agents/q_tables/exp2_vs_rational_789987.pkl,game/agents/RL-Agents/q_tables/exp2_vs_rational_321123.pkl,J0,30,1,1,30,2,2,0
927,q_learning,q_learning,game/agents/RL-Agents/q_tables/exp2_vs_rational_789987.pkl,game/agents/RL-Agents/q_tables/exp2_vs_rational_321123.pkl,J1,25,30,30,25,18,9,9
928,q_learning,q_learning,game/agents/RL-Agents/q_tables/exp2_vs_rational_789987.pkl,game/agents/RL-Agents/q_tables/exp2_vs_rational_321123.pkl,J1,18,30,30,18,13,5,8
929,q_learning,q_learning,game/agents/RL-Agents/q_tables/exp2_vs_rational_789987.pkl,game/agents/RL-Agents/q_tables/exp2_vs_rational_321123.pkl,J0,30,12,12,30,6,2,4
930,q_learning,q_learning,game/agents/RL-Agents/q_tables/exp2_vs_rational_789987.pkl,game/agents/RL-Agents/q_tables/exp2_vs_rational_321123.pkl,J0,30,16,16,30,15,9,6
931,q_learning,q_learning,game/agents/RL-Agents/q_tables/exp2_vs_rational_789987.pkl,game/agents/RL-Agents/q_tables/exp2_vs_rational_321123.pkl,J0,30,24,24,30,15,7,8
932,q_learning,q_learning,game/agents/RL-Agents/q_tables/exp2_vs_rational_789987.pkl,game/agents/RL-Agents/q_tables/exp2_vs_rational_321123.pkl,J0,30,8,8,30,5,1,4
933,q_learning,q_learning,game/agents/RL-Agents/q_tables/exp2_vs_rational_789987.pkl,game/agents/RL-Agents/q_tables/exp2_vs_rational_321123.pkl,J0,30,26,26,30,13,7,6
934,q_learning,q_learning,game/agents/RL-Agents/q_tables/exp2_vs_rational_789987.pkl,game/agents/RL-Agents/q_tables/exp2_vs_rational_321123.pkl,J1,20,30,30,20,13,5,8
935,q_learning,q_learning,game/agents/RL-Agents/q_tables/exp2_vs_rational_789987.pkl,game/agents/RL-Agents/q_tables/exp2_vs_rational_321123.pkl,J0,30,8,8,30,8,5,3
936,q_learning,q_learning,game/agents/RL-Agents/q_tables/exp2_vs_rational_789987.pkl,game/agents/RL-Agents/q_tables/exp2_vs_rational_321123.pkl,J1,24,30,30,24,15,6,9
937,q_learning,q_learning,game/agents/RL-Agents/q_tables/exp2_vs_rational_789987.pkl,game/agents/RL-Agents/q_tables/exp2_vs_rational_321123.pkl,J0,30,14,14,30,12,9,3
938,q_learning,q_learning,game/agents/RL-Agents/q_tables/exp2_vs_rational_789987.pkl,game/agents/RL-Agents/q_tables/exp2_vs_rational_321123.pkl,J0,30,0,0,30,0,0,0
939,q_learning,q_learning,game/agents/RL-Agents/q_tables/exp2_vs_rational_789987.pkl,game/agents/RL-Agents/q_tables/exp2_vs_rational_321123.pkl,J1,27,30,30,27,18,8,10
940,q_learning,q_learning,game/agents/RL-Agents/q_tables/exp2_vs_rational_789987.pkl,game/agents/RL-Agents/q_tables/exp2_vs_rational_321123.pkl,J0,30,11,11,30,11,7,4
941,q_learning,q_learning,game/agents/RL-Agents/q_tables/exp2_vs_rational_789987.pkl,game/agents/RL-Agents/q_tables/exp2_vs_rational_321123.pkl,J1,22,30,30,22,11,4,7
942,q_learning,q_learning,game/agents/RL-Agents/q_tables/exp2_vs_rational_789987.pkl,game/agents/RL-Agents/q_tables/exp2_vs_rational_321123.pkl,J0,30,10,10,30,7,3,4
943,q_learning,q_learning,game/agents/RL-Agents/q_tables/exp2_vs_rational_789987.pkl,game/agents/RL-Agents/q_tables/exp2_vs_rational_321123.pkl,J1,10,30,30,10,6,3,3
944,q_learning,q_learning,game/agents/RL-Agents/q_tables/exp2_vs_rational_789987.pkl,game/agents/RL-Agents/q_tables/exp2_vs_rational_321123.pkl,J1,23,30,30,23,12,7,5
945,q_learning,q_learning,game/agents/RL-Agents/q_tables/exp2_vs_rational_789987.pkl,game/agents/RL-Agents/q_tables/exp2_vs_rational_321123.pkl,J1,11,30,30,11,3,3,0
946,q_learning,q_learning,game/agents/RL-Agents/q_tables/exp2_vs_rational_789987.pkl,game/agents/RL-Agents/q_tables/exp2_vs_rational_321123.pkl,J0,30,24,24,30,7,2,5
947,q_learning,q_learning,game/agents/RL-Agents/q_tables/exp2_vs_rational_789987.pkl,game/agents/RL-Agents/q_tables/exp2_vs_rational_321123.pkl,J1,15,30,30,15,9,3,6
948,q_learning,q_learning,game/agents/RL-Agents/q_tables/exp2_vs_rational_789987.pkl,game/agents/RL-Agents/q_tables/exp2_vs_rational_321123.pkl,J0,30,0,0,30,0,0,0
949,q_learning,q_learning,game/agents/RL-Agents/q_tables/exp2_vs_rational_789987.pkl,game/agents/RL-Agents/q_tables/exp2_vs_rational_321123.pkl,J1,21,30,30,21,12,4,8
950,q_learning,q_learning,game/agents/RL-Agents/q_tables/exp2_vs_rational_789987.pkl,game/agents/RL-Agents/q_tables/exp2_vs_rational_321123.pkl,J0,30,6,6,30,12,9,3
951,q_learning,q_learning,game/agents/RL-Agents/q_tables/exp2_vs_rational_789987.pkl,game/agents/RL-Agents/q_tables/exp2_vs_rational_321123.pkl,J0,30,24,24,30,16,9,7
952,q_learning,q_learning,game/agents/RL-Agents/q_tables/exp2_vs_rational_789987.pkl,game/agents/RL-Agents/q_tables/exp2_vs_rational_321123.pkl,J0,30,11,11,30,5,2,3
953,q_learning,q_learning,game/agents/RL-Agents/q_tables/exp2_vs_rational_789987.pkl,game/agents/RL-Agents/q_tables/exp2_vs_rational_321123.pkl,J1,24,30,30,24,12,6,6
954,q_learning,q_learning,game/agents/RL-Agents/q_tables/exp2_vs_rational_789987.pkl,game/agents/RL-Agents/q_tables/exp2_vs_rational_321123.pkl,J1,24,30,30,24,16,7,9
955,q_learning,q_learning,game/agents/RL-Agents/q_tables/exp2_vs_rational_789987.pkl,game/agents/RL-Agents/q_tables/exp2_vs_rational_321123.pkl,J1,16,30,30,16,10,6,4
956,q_learning,q_learning,game/agents/RL-Agents/q_tables/exp2_vs_rational_789987.pkl,game/agents/RL-Agents/q_tables/exp2_vs_rational_321123.pkl,J1,13,30,30,13,10,4,6
957,q_learning,q_learning,game/agents/RL-Agents/q_tables/exp2_vs_rational_789987.pkl,game/agents/RL-Agents/q_tables/exp2_vs_rational_321123.pkl,J0,30,23,23,30,16,9,7
958,q_learning,q_learning,game/agents/RL-Agents/q_tables/exp2_vs_rational_789987.pkl,game/agents/RL-Agents/q_tables/exp2_vs_rational_321123.pkl,J1,29,30,30,29,14,7,7
959,q_learning,q_learning,game/agents/RL-Agents/q_tables/exp2_vs_rational_789987.pkl,game/agents/RL-Agents/q_tables/exp2_vs_rational_321123.pkl,J0,30,22,22,30,14,9,5
960,q_learning,q_learning,game/agents/RL-Agents/q_tables/exp2_vs_rational_789987.pkl,game/agents/RL-Agents/q_tables/exp2_vs_rational_321123.pkl,J1,0,30,30,0,1,0,1
961,q_learning,q_learning,game/agents/RL-Agents/q_tables/exp2_vs_rational_789987.pkl,game/agents/RL-Agents/q_tables/exp2_vs_rational_321123.pkl,J1,7,30,30,7,9,2,7
962,q_learning,q_learning,game/agents/RL-Agents/q_tables/exp2_vs_rational_789987.pkl,game/agents/RL-Agents/q_tables/exp2_vs_rational_321123.pkl,J0,30,21,21,30,16,10,6
963,q_learning,q_learning,game/agents/RL-Agents/q_tables/exp2_vs_rational_789987.pkl,game/agents/RL-Agents/q_tables/exp2_vs_rational_321123.pkl,J0,30,14,14,30,11,7,4
964,q_learning,q_learning,game/agents/RL-Agents/q_tables/exp2_vs_rational_789987.pkl,game/agents/RL-Agents/q_tables/exp2_vs_rational_321123.pkl,J0,30,13,13,30,13,10,3
965,q_learning,q_learning,game/agents/RL-Agents/q_tables/exp2_vs_rational_789987.pkl,game/agents/RL-Agents/q_tables/exp2_vs_rational_321123.pkl,J1,8,30,30,8,10,2,8
966,q_learning,q_learning,game/agents/RL-Agents/q_tables/exp2_vs_rational_789987.pkl,game/agents/RL-Agents/q_tables/exp2_vs_rational_321123.pkl,J1,18,30,30,18,13,5,8
967,q_learning,q_learning,game/agents/RL-Agents/q_tables/exp2_vs_rational_789987.pkl,game/agents/RL-Agents/q_tables/exp2_vs_rational_321123.pkl,J1,26,30,30,26,8,5,3
968,q_learning,q_learning,game/agents/RL-Agents/q_tables/exp2_vs_rational_789987.pkl,game/agents/RL-Agents/q_tables/exp2_vs_rational_321123.pkl,J1,11,30,30,11,6,4,2
969,q_learning,q_learning,game/agents/RL-Agents/q_tables/exp2_vs_rational_789987.pkl,game/agents/RL-Agents/q_tables/exp2_vs_rational_321123.pkl,J1,15,30,30,15,16,7,9
970,q_learning,q_learning,game/agents/RL-Agents/q_tables/exp2_vs_rational_789987.pkl,game/agents/RL-Agents/q_tables/exp2_vs_rational_321123.pkl,J0,30,16,16,30,9,5,4
971,q_learning,q_learning,game/agents/RL-Agents/q_tables/exp2_vs_rational_789987.pkl,game/agents/RL-Agents/q_tables/exp2_vs_rational_321123.pkl,J0,30,18,18,30,7,2,5
972,q_learning,q_learning,game/agents/RL-Agents/q_tables/exp2_vs_rational_789987.pkl,game/agents/RL-Agents/q_tables/exp2_vs_rational_321123.pkl,J1,8,30,30,8,12,4,8
973,q_learning,q_learning,game/agents/RL-Agents/q_tables/exp2_vs_rational_789987.pkl,game/agents/RL-Agents/q_tables/exp2_vs_rational_321123.pkl,J0,30,26,26,30,12,6,6
974,q_learning,q_learning,game/agents/RL-Agents/q_tables/exp2_vs_rational_789987.pkl,game/agents/RL-Agents/q_tables/exp2_vs_rational_321123.pkl,J1,20,30,30,20,13,5,8
975,q_learning,q_learning,game/agents/RL-Agents/q_tables/exp2_vs_rational_789987.pkl,game/agents/RL-Agents/q_tables/exp2_vs_rational_321123.pkl,J0,30,13,13,30,14,8,6
976,q_learning,q_learning,game/agents/RL-Agents/q_tables/exp2_vs_rational_789987.pkl,game/agents/RL-Agents/q_tables/exp2_vs_rational_321123.pkl,J1,8,30,30,8,5,2,3
977,q_learning,q_learning,game/agents/RL-Agents/q_tables/exp2_vs_rational_789987.pkl,game/agents/RL-Agents/q_tables/exp2_vs_rational_321123.pkl,J0,30,13,13,30,8,5,3
978,q_learning,q_learning,game/agents/RL-Agents/q_tables/exp2_vs_rational_789987.pkl,game/agents/RL-Agents/q_tables/exp2_vs_rational_321123.pkl,J0,30,7,7,30,5,3,2
979,q_learning,q_learning,game/agents/RL-Agents/q_tables/exp2_vs_rational_789987.pkl,game/agents/RL-Agents/q_tables/exp2_vs_rational_321123.pkl,J0,30,23,23,30,13,6,7
980,q_learning,q_learning,game/agents/RL-Agents/q_tables/exp2_vs_rational_789987.pkl,game/agents/RL-Agents/q_tables/exp2_vs_rational_321123.pkl,J0,30,21,21,30,5,1,4
981,q_learning,q_learning,game/agents/RL-Agents/q_tables/exp2_vs_rational_789987.pkl,game/agents/RL-Agents/q_tables/exp2_vs_rational_321123.pkl,J0,30,17,17,30,12,8,4
982,q_learning,q_learning,game/agents/RL-Agents/q_tables/exp2_vs_rational_789987.pkl,game/agents/RL-Agents/q_tables/exp2_vs_rational_321123.pkl,J0,30,9,9,30,10,9,1
983,q_learning,q_learning,game/agents/RL-Agents/q_tables/exp2_vs_rational_789987.pkl,game/agents/RL-Agents/q_tables/exp2_vs_rational_321123.pkl,J1,14,30,30,14,12,3,9
984,q_learning,q_learning,game/agents/RL-Agents/q_tables/exp2_vs_rational_789987.pkl,game/agents/RL-Agents/q_tables/exp2_vs_rational_321123.pkl,J0,30,5,5,30,3,2,1
985,q_learning,q_learning,game/agents/RL-Agents/q_tables/exp2_vs_rational_789987.pkl,game/agents/RL-Agents/q_tables/exp2_vs_rational_321123.pkl,J0,30,11,11,30,7,4,3
986,q_learning,q_learning,game/agents/RL-Agents/q_tables/exp2_vs_rational_789987.pkl,game/agents/RL-Agents/q_tables/exp2_vs_rational_321123.pkl,J1,19,30,30,19,10,4,6
987,q_learning,q_learning,game/agents/RL-Agents/q_tables/exp2_vs_rational_789987.pkl,game/agents/RL-Agents/q_tables/exp2_vs_rational_321123.pkl,J1,1,30,30,1,2,0,2
988,q_learning,q_learning,game/agents/RL-Agents/q_tables/exp2_vs_rational_789987.pkl,game/agents/RL-Agents/q_tables/exp2_vs_rational_321123.pkl,J0,30,23,23,30,22,10,12
989,q_learning,q_learning,game/agents/RL-Agents/q_tables/exp2_vs_rational_789987.pkl,game/agents/RL-Agents/q_tables/exp2_vs_rational_321123.pkl,J0,30,10,10,30,6,4,2
990,q_learning,q_learning,game/agents/RL-Agents/q_tables/exp2_vs_rational_789987.pkl,game/agents/RL-Agents/q_tables/exp2_vs_rational_321123.pkl,J1,14,30,30,14,10,4,6
991,q_learning,q_learning,game/agents/RL-Agents/q_tables/exp2_vs_rational_789987.pkl,game/agents/RL-Agents/q_tables/exp2_vs_rational_321123.pkl,J0,30,2,2,30,2,0,2
992,q_learning,q_learning,game/agents/RL-Agents/q_tables/exp2_vs_rational_789987.pkl,game/agents/RL-Agents/q_tables/exp2_vs_rational_321123.pkl,J0,30,27,27,30,18,8,10
993,q_learning,q_learning,game/agents/RL-Agents/q_tables/exp2_vs_rational_789987.pkl,game/agents/RL-Agents/q_tables/exp2_vs_rational_321123.pkl,J1,20,30,30,20,14,3,11
994,q_learning,q_learning,game/agents/RL-Agents/q_tables/exp2_vs_rational_789987.pkl,game/agents/RL-Agents/q_tables/exp2_vs_rational_321123.pkl,J0,30,23,23,30,8,1,7
995,q_learning,q_learning,game/agents/RL-Agents/q_tables/exp2_vs_rational_789987.pkl,game/agents/RL-Agents/q_tables/exp2_vs_rational_321123.pkl,J1,7,30,30,7,9,1,8
996,q_learning,q_learning,game/agents/RL-Agents/q_tables/exp2_vs_rational_789987.pkl,game/agents/RL-Agents/q_tables/exp2_vs_rational_321123.pkl,J0,30,22,22,30,11,5,6
997,q_learning,q_learning,game/agents/RL-Agents/q_tables/exp2_vs_rational_789987.pkl,game/agents/RL-Agents/q_tables/exp2_vs_rational_321123.pkl,J1,23,30,30,23,12,7,5
998,q_learning,q_learning,game/agents/RL-Agents/q_tables/exp2_vs_rational_789987.pkl,game/agents/RL-Agents/q_tables/exp2_vs_rational_321123.pkl,J1,23,30,30,23,14,7,7
999,q_learning,q_learning,game/agents/RL-Agents/q_tables/exp2_vs_rational_789987.pkl,game/agents/RL-Agents/q_tables/exp2_vs_rational_321123.pkl,J0,30,9,9,30,7,3,4
1000,q_learning,q_learning,game/agents/RL-Agents/q_tables/exp2_vs_rational_789987.pkl,game/agents/RL-Agents/q_tables/exp2_vs_rational_321123.pkl,J0,30,29,29,30,16,8,8
