game,agent_0,agent_1,q_table_j0,q_table_j1,winner,points_j0,points_j1,points_lost_j0,points_lost_j1,hands_played,hands_won_j0,hands_won_j1
1,random,q_learning,N/A,/home/renzo/Escritorio/fac/IA1/Truco-AI/game/agents/RL-Agents/q_tables/exp2_vs_rational_789987.pkl,J1,19,30,30,19,7,0,7
2,random,q_learning,N/A,/home/renzo/Escritorio/fac/IA1/Truco-AI/game/agents/RL-Agents/q_tables/exp2_vs_rational_789987.pkl,J1,2,30,30,2,6,0,6
3,random,q_learning,N/A,/home/renzo/Escritorio/fac/IA1/Truco-AI/game/agents/RL-Agents/q_tables/exp2_vs_rational_789987.pkl,J0,30,0,0,30,0,0,0
4,random,q_learning,N/A,/home/renzo/Escritorio/fac/IA1/Truco-AI/game/agents/RL-Agents/q_tables/exp2_vs_rational_789987.pkl,J1,3,30,30,3,4,0,4
5,random,q_learning,N/A,/home/renzo/Escritorio/fac/IA1/Truco-AI/game/agents/RL-Agents/q_tables/exp2_vs_rational_789987.pkl,J0,30,8,8,30,2,0,2
6,random,q_learning,N/A,/home/renzo/Escritorio/fac/IA1/Truco-AI/game/agents/RL-Agents/q_tables/exp2_vs_rational_789987.pkl,J1,12,30,30,12,9,1,8
7,random,q_learning,N/A,/home/renzo/Escritorio/fac/IA1/Truco-AI/game/agents/RL-Agents/q_tables/exp2_vs_rational_789987.pkl,J1,15,30,30,15,11,2,9
8,random,q_learning,N/A,/home/renzo/Escritorio/fac/IA1/Truco-AI/game/agents/RL-Agents/q_tables/exp2_vs_rational_789987.pkl,J0,30,1,1,30,1,0,1
9,random,q_learning,N/A,/home/renzo/Escritorio/fac/IA1/Truco-AI/game/agents/RL-Agents/q_tables/exp2_vs_rational_789987.pkl,J1,7,30,30,7,9,3,6
10,random,q_learning,N/A,/home/renzo/Escritorio/fac/IA1/Truco-AI/game/agents/RL-Agents/q_tables/exp2_vs_rational_789987.pkl,J1,6,30,30,6,11,1,10
11,random,q_learning,N/A,/home/renzo/Escritorio/fac/IA1/Truco-AI/game/agents/RL-Agents/q_tables/exp2_vs_rational_789987.pkl,J0,30,9,9,30,5,0,5
12,random,q_learning,N/A,/home/renzo/Escritorio/fac/IA1/Truco-AI/game/agents/RL-Agents/q_tables/exp2_vs_rational_789987.pkl,J1,0,30,30,0,3,0,3
13,random,q_learning,N/A,/home/renzo/Escritorio/fac/IA1/Truco-AI/game/agents/RL-Agents/q_tables/exp2_vs_rational_789987.pkl,J1,8,30,30,8,7,3,4
14,random,q_learning,N/A,/home/renzo/Escritorio/fac/IA1/Truco-AI/game/agents/RL-Agents/q_tables/exp2_vs_rational_789987.pkl,J1,10,30,30,10,10,1,9
15,random,q_learning,N/A,/home/renzo/Escritorio/fac/IA1/Truco-AI/game/agents/RL-Agents/q_tables/exp2_vs_rational_789987.pkl,J1,2,30,30,2,2,0,2
16,random,q_learning,N/A,/home/renzo/Escritorio/fac/IA1/Truco-AI/game/agents/RL-Agents/q_tables/exp2_vs_rational_789987.pkl,J1,6,30,30,6,9,0,9
17,random,q_learning,N/A,/home/renzo/Escritorio/fac/IA1/Truco-AI/game/agents/RL-Agents/q_tables/exp2_vs_rational_789987.pkl,J1,12,30,30,12,12,3,9
18,random,q_learning,N/A,/home/renzo/Escritorio/fac/IA1/Truco-AI/game/agents/RL-Agents/q_tables/exp2_vs_rational_789987.pkl,J0,30,2,2,30,3,1,2
19,random,q_learning,N/A,/home/renzo/Escritorio/fac/IA1/Truco-AI/game/agents/RL-Agents/q_tables/exp2_vs_rational_789987.pkl,J1,20,30,30,20,12,2,10
20,random,q_learning,N/A,/home/renzo/Escritorio/fac/IA1/Truco-AI/game/agents/RL-Agents/q_tables/exp2_vs_rational_789987.pkl,J1,7,30,30,7,12,0,12
21,random,q_learning,N/A,/home/renzo/Escritorio/fac/IA1/Truco-AI/game/agents/RL-Agents/q_tables/exp2_vs_rational_789987.pkl,J0,30,6,6,30,3,1,2
22,random,q_learning,N/A,/home/renzo/Escritorio/fac/IA1/Truco-AI/game/agents/RL-Agents/q_tables/exp2_vs_rational_789987.pkl,J1,0,30,30,0,0,0,0
23,random,q_learning,N/A,/home/renzo/Escritorio/fac/IA1/Truco-AI/game/agents/RL-Agents/q_tables/exp2_vs_rational_789987.pkl,J1,3,30,30,3,7,0,7
24,random,q_learning,N/A,/home/renzo/Escritorio/fac/IA1/Truco-AI/game/agents/RL-Agents/q_tables/exp2_vs_rational_789987.pkl,J0,30,13,13,30,7,1,6
25,random,q_learning,N/A,/home/renzo/Escritorio/fac/IA1/Truco-AI/game/agents/RL-Agents/q_tables/exp2_vs_rational_789987.pkl,J0,30,21,21,30,9,0,9
26,random,q_learning,N/A,/home/renzo/Escritorio/fac/IA1/Truco-AI/game/agents/RL-Agents/q_tables/exp2_vs_rational_789987.pkl,J1,7,30,30,7,7,0,7
27,random,q_learning,N/A,/home/renzo/Escritorio/fac/IA1/Truco-AI/game/agents/RL-Agents/q_tables/exp2_vs_rational_789987.pkl,J0,30,22,22,30,22,9,13
28,random,q_learning,N/A,/home/renzo/Escritorio/fac/IA1/Truco-AI/game/agents/RL-Agents/q_tables/exp2_vs_rational_789987.pkl,J0,30,0,0,30,0,0,0
29,random,q_learning,N/A,/home/renzo/Escritorio/fac/IA1/Truco-AI/game/agents/RL-Agents/q_tables/exp2_vs_rational_789987.pkl,J1,10,30,30,10,9,0,9
30,random,q_learning,N/A,/home/renzo/Escritorio/fac/IA1/Truco-AI/game/agents/RL-Agents/q_tables/exp2_vs_rational_789987.pkl,J1,23,30,30,23,16,4,12
31,random,q_learning,N/A,/home/renzo/Escritorio/fac/IA1/Truco-AI/game/agents/RL-Agents/q_tables/exp2_vs_rational_789987.pkl,J0,30,3,3,30,4,2,2
32,random,q_learning,N/A,/home/renzo/Escritorio/fac/IA1/Truco-AI/game/agents/RL-Agents/q_tables/exp2_vs_rational_789987.pkl,J0,30,4,4,30,3,0,3
33,random,q_learning,N/A,/home/renzo/Escritorio/fac/IA1/Truco-AI/game/agents/RL-Agents/q_tables/exp2_vs_rational_789987.pkl,J0,30,15,15,30,8,4,4
34,random,q_learning,N/A,/home/renzo/Escritorio/fac/IA1/Truco-AI/game/agents/RL-Agents/q_tables/exp2_vs_rational_789987.pkl,J0,30,19,19,30,8,1,7
35,random,q_learning,N/A,/home/renzo/Escritorio/fac/IA1/Truco-AI/game/agents/RL-Agents/q_tables/exp2_vs_rational_789987.pkl,J0,30,7,7,30,6,2,4
36,random,q_learning,N/A,/home/renzo/Escritorio/fac/IA1/Truco-AI/game/agents/RL-Agents/q_tables/exp2_vs_rational_789987.pkl,J1,0,30,30,0,0,0,0
37,random,q_learning,N/A,/home/renzo/Escritorio/fac/IA1/Truco-AI/game/agents/RL-Agents/q_tables/exp2_vs_rational_789987.pkl,J0,30,1,1,30,1,0,1
38,random,q_learning,N/A,/home/renzo/Escritorio/fac/IA1/Truco-AI/game/agents/RL-Agents/q_tables/exp2_vs_rational_789987.pkl,J0,30,0,0,30,0,0,0
39,random,q_learning,N/A,/home/renzo/Escritorio/fac/IA1/Truco-AI/game/agents/RL-Agents/q_tables/exp2_vs_rational_789987.pkl,J1,5,30,30,5,14,2,12
40,random,q_learning,N/A,/home/renzo/Escritorio/fac/IA1/Truco-AI/game/agents/RL-Agents/q_tables/exp2_vs_rational_789987.pkl,J0,30,23,23,30,17,5,12
41,random,q_learning,N/A,/home/renzo/Escritorio/fac/IA1/Truco-AI/game/agents/RL-Agents/q_tables/exp2_vs_rational_789987.pkl,J1,11,30,30,11,6,3,3
42,random,q_learning,N/A,/home/renzo/Escritorio/fac/IA1/Truco-AI/game/agents/RL-Agents/q_tables/exp2_vs_rational_789987.pkl,J1,28,30,30,28,15,1,14
43,random,q_learning,N/A,/home/renzo/Escritorio/fac/IA1/Truco-AI/game/agents/RL-Agents/q_tables/exp2_vs_rational_789987.pkl,J1,1,30,30,1,1,0,1
44,random,q_learning,N/A,/home/renzo/Escritorio/fac/IA1/Truco-AI/game/agents/RL-Agents/q_tables/exp2_vs_rational_789987.pkl,J1,4,30,30,4,10,2,8
45,random,q_learning,N/A,/home/renzo/Escritorio/fac/IA1/Truco-AI/game/agents/RL-Agents/q_tables/exp2_vs_rational_789987.pkl,J1,0,30,30,0,0,0,0
46,random,q_learning,N/A,/home/renzo/Escritorio/fac/IA1/Truco-AI/game/agents/RL-Agents/q_tables/exp2_vs_rational_789987.pkl,J1,23,30,30,23,18,7,11
47,random,q_learning,N/A,/home/renzo/Escritorio/fac/IA1/Truco-AI/game/agents/RL-Agents/q_tables/exp2_vs_rational_789987.pkl,J1,10,30,30,10,10,2,8
48,random,q_learning,N/A,/home/renzo/Escritorio/fac/IA1/Truco-AI/game/agents/RL-Agents/q_tables/exp2_vs_rational_789987.pkl,J1,9,30,30,9,9,1,8
49,random,q_learning,N/A,/home/renzo/Escritorio/fac/IA1/Truco-AI/game/agents/RL-Agents/q_tables/exp2_vs_rational_789987.pkl,J1,7,30,30,7,10,1,9
50,random,q_learning,N/A,/home/renzo/Escritorio/fac/IA1/Truco-AI/game/agents/RL-Agents/q_tables/exp2_vs_rational_789987.pkl,J0,30,2,2,30,2,0,2
51,random,q_learning,N/A,/home/renzo/Escritorio/fac/IA1/Truco-AI/game/agents/RL-Agents/q_tables/exp2_vs_rational_789987.pkl,J1,16,30,30,16,6,3,3
52,random,q_learning,N/A,/home/renzo/Escritorio/fac/IA1/Truco-AI/game/agents/RL-Agents/q_tables/exp2_vs_rational_789987.pkl,J1,10,30,30,10,13,3,10
53,random,q_learning,N/A,/home/renzo/Escritorio/fac/IA1/Truco-AI/game/agents/RL-Agents/q_tables/exp2_vs_rational_789987.pkl,J1,14,30,30,14,14,3,11
54,random,q_learning,N/A,/home/renzo/Escritorio/fac/IA1/Truco-AI/game/agents/RL-Agents/q_tables/exp2_vs_rational_789987.pkl,J0,30,7,7,30,3,0,3
55,random,q_learning,N/A,/home/renzo/Escritorio/fac/IA1/Truco-AI/game/agents/RL-Agents/q_tables/exp2_vs_rational_789987.pkl,J1,12,30,30,12,5,1,4
56,random,q_learning,N/A,/home/renzo/Escritorio/fac/IA1/Truco-AI/game/agents/RL-Agents/q_tables/exp2_vs_rational_789987.pkl,J0,30,19,19,30,10,5,5
57,random,q_learning,N/A,/home/renzo/Escritorio/fac/IA1/Truco-AI/game/agents/RL-Agents/q_tables/exp2_vs_rational_789987.pkl,J1,9,30,30,9,15,3,12
58,random,q_learning,N/A,/home/renzo/Escritorio/fac/IA1/Truco-AI/game/agents/RL-Agents/q_tables/exp2_vs_rational_789987.pkl,J0,30,8,8,30,3,2,1
59,random,q_learning,N/A,/home/renzo/Escritorio/fac/IA1/Truco-AI/game/agents/RL-Agents/q_tables/exp2_vs_rational_789987.pkl,J0,30,0,0,30,0,0,0
60,random,q_learning,N/A,/home/renzo/Escritorio/fac/IA1/Truco-AI/game/agents/RL-Agents/q_tables/exp2_vs_rational_789987.pkl,J0,30,1,1,30,2,2,0
61,random,q_learning,N/A,/home/renzo/Escritorio/fac/IA1/Truco-AI/game/agents/RL-Agents/q_tables/exp2_vs_rational_789987.pkl,J1,3,30,30,3,3,1,2
62,random,q_learning,N/A,/home/renzo/Escritorio/fac/IA1/Truco-AI/game/agents/RL-Agents/q_tables/exp2_vs_rational_789987.pkl,J0,30,0,0,30,0,0,0
63,random,q_learning,N/A,/home/renzo/Escritorio/fac/IA1/Truco-AI/game/agents/RL-Agents/q_tables/exp2_vs_rational_789987.pkl,J0,30,23,23,30,7,0,7
64,random,q_learning,N/A,/home/renzo/Escritorio/fac/IA1/Truco-AI/game/agents/RL-Agents/q_tables/exp2_vs_rational_789987.pkl,J1,0,30,30,0,3,0,3
65,random,q_learning,N/A,/home/renzo/Escritorio/fac/IA1/Truco-AI/game/agents/RL-Agents/q_tables/exp2_vs_rational_789987.pkl,J1,0,30,30,0,1,0,1
66,random,q_learning,N/A,/home/renzo/Escritorio/fac/IA1/Truco-AI/game/agents/RL-Agents/q_tables/exp2_vs_rational_789987.pkl,J1,9,30,30,9,10,2,8
67,random,q_learning,N/A,/home/renzo/Escritorio/fac/IA1/Truco-AI/game/agents/RL-Agents/q_tables/exp2_vs_rational_789987.pkl,J0,30,1,1,30,1,0,1
68,random,q_learning,N/A,/home/renzo/Escritorio/fac/IA1/Truco-AI/game/agents/RL-Agents/q_tables/exp2_vs_rational_789987.pkl,J1,0,30,30,0,3,0,3
69,random,q_learning,N/A,/home/renzo/Escritorio/fac/IA1/Truco-AI/game/agents/RL-Agents/q_tables/exp2_vs_rational_789987.pkl,J1,28,30,30,28,13,2,11
70,random,q_learning,N/A,/home/renzo/Escritorio/fac/IA1/Truco-AI/game/agents/RL-Agents/q_tables/exp2_vs_rational_789987.pkl,J0,30,8,8,30,6,0,6
71,random,q_learning,N/A,/home/renzo/Escritorio/fac/IA1/Truco-AI/game/agents/RL-Agents/q_tables/exp2_vs_rational_789987.pkl,J1,0,30,30,0,2,0,2
72,random,q_learning,N/A,/home/renzo/Escritorio/fac/IA1/Truco-AI/game/agents/RL-Agents/q_tables/exp2_vs_rational_789987.pkl,J1,8,30,30,8,13,2,11
73,random,q_learning,N/A,/home/renzo/Escritorio/fac/IA1/Truco-AI/game/agents/RL-Agents/q_tables/exp2_vs_rational_789987.pkl,J1,17,30,30,17,19,5,14
74,random,q_learning,N/A,/home/renzo/Escritorio/fac/IA1/Truco-AI/game/agents/RL-Agents/q_tables/exp2_vs_rational_789987.pkl,J1,11,30,30,11,10,0,10
75,random,q_learning,N/A,/home/renzo/Escritorio/fac/IA1/Truco-AI/game/agents/RL-Agents/q_tables/exp2_vs_rational_789987.pkl,J1,6,30,30,6,14,2,12
76,random,q_learning,N/A,/home/renzo/Escritorio/fac/IA1/Truco-AI/game/agents/RL-Agents/q_tables/exp2_vs_rational_789987.pkl,J0,30,12,12,30,5,1,4
77,random,q_learning,N/A,/home/renzo/Escritorio/fac/IA1/Truco-AI/game/agents/RL-Agents/q_tables/exp2_vs_rational_789987.pkl,J0,30,4,4,30,3,1,2
78,random,q_learning,N/A,/home/renzo/Escritorio/fac/IA1/Truco-AI/game/agents/RL-Agents/q_tables/exp2_vs_rational_789987.pkl,J1,8,30,30,8,11,2,9
79,random,q_learning,N/A,/home/renzo/Escritorio/fac/IA1/Truco-AI/game/agents/RL-Agents/q_tables/exp2_vs_rational_789987.pkl,J1,0,30,30,0,0,0,0
80,random,q_learning,N/A,/home/renzo/Escritorio/fac/IA1/Truco-AI/game/agents/RL-Agents/q_tables/exp2_vs_rational_789987.pkl,J0,30,0,0,30,0,0,0
81,random,q_learning,N/A,/home/renzo/Escritorio/fac/IA1/Truco-AI/game/agents/RL-Agents/q_tables/exp2_vs_rational_789987.pkl,J0,30,5,5,30,4,1,3
82,random,q_learning,N/A,/home/renzo/Escritorio/fac/IA1/Truco-AI/game/agents/RL-Agents/q_tables/exp2_vs_rational_789987.pkl,J1,2,30,30,2,6,1,5
83,random,q_learning,N/A,/home/renzo/Escritorio/fac/IA1/Truco-AI/game/agents/RL-Agents/q_tables/exp2_vs_rational_789987.pkl,J1,1,30,30,1,3,0,3
84,random,q_learning,N/A,/home/renzo/Escritorio/fac/IA1/Truco-AI/game/agents/RL-Agents/q_tables/exp2_vs_rational_789987.pkl,J1,0,30,30,0,1,0,1
85,random,q_learning,N/A,/home/renzo/Escritorio/fac/IA1/Truco-AI/game/agents/RL-Agents/q_tables/exp2_vs_rational_789987.pkl,J1,11,30,30,11,10,4,6
86,random,q_learning,N/A,/home/renzo/Escritorio/fac/IA1/Truco-AI/game/agents/RL-Agents/q_tables/exp2_vs_rational_789987.pkl,J0,30,13,13,30,7,4,3
87,random,q_learning,N/A,/home/renzo/Escritorio/fac/IA1/Truco-AI/game/agents/RL-Agents/q_tables/exp2_vs_rational_789987.pkl,J0,30,2,2,30,1,0,1
88,random,q_learning,N/A,/home/renzo/Escritorio/fac/IA1/Truco-AI/game/agents/RL-Agents/q_tables/exp2_vs_rational_789987.pkl,J0,30,17,17,30,8,1,7
89,random,q_learning,N/A,/home/renzo/Escritorio/fac/IA1/Truco-AI/game/agents/RL-Agents/q_tables/exp2_vs_rational_789987.pkl,J0,30,7,7,30,2,0,2
90,random,q_learning,N/A,/home/renzo/Escritorio/fac/IA1/Truco-AI/game/agents/RL-Agents/q_tables/exp2_vs_rational_789987.pkl,J0,30,8,8,30,4,1,3
91,random,q_learning,N/A,/home/renzo/Escritorio/fac/IA1/Truco-AI/game/agents/RL-Agents/q_tables/exp2_vs_rational_789987.pkl,J1,0,30,30,0,0,0,0
92,random,q_learning,N/A,/home/renzo/Escritorio/fac/IA1/Truco-AI/game/agents/RL-Agents/q_tables/exp2_vs_rational_789987.pkl,J0,30,0,0,30,0,0,0
93,random,q_learning,N/A,/home/renzo/Escritorio/fac/IA1/Truco-AI/game/agents/RL-Agents/q_tables/exp2_vs_rational_789987.pkl,J1,9,30,30,9,12,1,11
94,random,q_learning,N/A,/home/renzo/Escritorio/fac/IA1/Truco-AI/game/agents/RL-Agents/q_tables/exp2_vs_rational_789987.pkl,J1,8,30,30,8,11,2,9
95,random,q_learning,N/A,/home/renzo/Escritorio/fac/IA1/Truco-AI/game/agents/RL-Agents/q_tables/exp2_vs_rational_789987.pkl,J1,20,30,30,20,12,2,10
96,random,q_learning,N/A,/home/renzo/Escritorio/fac/IA1/Truco-AI/game/agents/RL-Agents/q_tables/exp2_vs_rational_789987.pkl,J1,8,30,30,8,4,3,1
97,random,q_learning,N/A,/home/renzo/Escritorio/fac/IA1/Truco-AI/game/agents/RL-Agents/q_tables/exp2_vs_rational_789987.pkl,J1,17,30,30,17,7,4,3
98,random,q_learning,N/A,/home/renzo/Escritorio/fac/IA1/Truco-AI/game/agents/RL-Agents/q_tables/exp2_vs_rational_789987.pkl,J0,30,17,17,30,8,1,7
99,random,q_learning,N/A,/home/renzo/Escritorio/fac/IA1/Truco-AI/game/agents/RL-Agents/q_tables/exp2_vs_rational_789987.pkl,J0,30,0,0,30,0,0,0
100,random,q_learning,N/A,/home/renzo/Escritorio/fac/IA1/Truco-AI/game/agents/RL-Agents/q_tables/exp2_vs_rational_789987.pkl,J1,3,30,30,3,4,1,3
101,random,q_learning,N/A,/home/renzo/Escritorio/fac/IA1/Truco-AI/game/agents/RL-Agents/q_tables/exp2_vs_rational_789987.pkl,J0,30,12,12,30,7,3,4
102,random,q_learning,N/A,/home/renzo/Escritorio/fac/IA1/Truco-AI/game/agents/RL-Agents/q_tables/exp2_vs_rational_789987.pkl,J0,30,20,20,30,9,2,7
103,random,q_learning,N/A,/home/renzo/Escritorio/fac/IA1/Truco-AI/game/agents/RL-Agents/q_tables/exp2_vs_rational_789987.pkl,J1,8,30,30,8,6,2,4
104,random,q_learning,N/A,/home/renzo/Escritorio/fac/IA1/Truco-AI/game/agents/RL-Agents/q_tables/exp2_vs_rational_789987.pkl,J1,0,30,30,0,4,0,4
105,random,q_learning,N/A,/home/renzo/Escritorio/fac/IA1/Truco-AI/game/agents/RL-Agents/q_tables/exp2_vs_rational_789987.pkl,J0,30,20,20,30,9,1,8
106,random,q_learning,N/A,/home/renzo/Escritorio/fac/IA1/Truco-AI/game/agents/RL-Agents/q_tables/exp2_vs_rational_789987.pkl,J0,30,4,4,30,3,0,3
107,random,q_learning,N/A,/home/renzo/Escritorio/fac/IA1/Truco-AI/game/agents/RL-Agents/q_tables/exp2_vs_rational_789987.pkl,J1,29,30,30,29,12,2,10
108,random,q_learning,N/A,/home/renzo/Escritorio/fac/IA1/Truco-AI/game/agents/RL-Agents/q_tables/exp2_vs_rational_789987.pkl,J0,30,0,0,30,0,0,0
109,random,q_learning,N/A,/home/renzo/Escritorio/fac/IA1/Truco-AI/game/agents/RL-Agents/q_tables/exp2_vs_rational_789987.pkl,J1,2,30,30,2,2,1,1
110,random,q_learning,N/A,/home/renzo/Escritorio/fac/IA1/Truco-AI/game/agents/RL-Agents/q_tables/exp2_vs_rational_789987.pkl,J0,30,15,15,30,10,3,7
111,random,q_learning,N/A,/home/renzo/Escritorio/fac/IA1/Truco-AI/game/agents/RL-Agents/q_tables/exp2_vs_rational_789987.pkl,J0,30,15,15,30,7,2,5
112,random,q_learning,N/A,/home/renzo/Escritorio/fac/IA1/Truco-AI/game/agents/RL-Agents/q_tables/exp2_vs_rational_789987.pkl,J0,30,1,1,30,1,0,1
113,random,q_learning,N/A,/home/renzo/Escritorio/fac/IA1/Truco-AI/game/agents/RL-Agents/q_tables/exp2_vs_rational_789987.pkl,J1,1,30,30,1,1,1,0
114,random,q_learning,N/A,/home/renzo/Escritorio/fac/IA1/Truco-AI/game/agents/RL-Agents/q_tables/exp2_vs_rational_789987.pkl,J0,30,7,7,30,4,1,3
115,random,q_learning,N/A,/home/renzo/Escritorio/fac/IA1/Truco-AI/game/agents/RL-Agents/q_tables/exp2_vs_rational_789987.pkl,J1,1,30,30,1,1,0,1
116,random,q_learning,N/A,/home/renzo/Escritorio/fac/IA1/Truco-AI/game/agents/RL-Agents/q_tables/exp2_vs_rational_789987.pkl,J1,7,30,30,7,6,1,5
117,random,q_learning,N/A,/home/renzo/Escritorio/fac/IA1/Truco-AI/game/agents/RL-Agents/q_tables/exp2_vs_rational_789987.pkl,J1,11,30,30,11,10,3,7
118,random,q_learning,N/A,/home/renzo/Escritorio/fac/IA1/Truco-AI/game/agents/RL-Agents/q_tables/exp2_vs_rational_789987.pkl,J0,30,0,0,30,0,0,0
119,random,q_learning,N/A,/home/renzo/Escritorio/fac/IA1/Truco-AI/game/agents/RL-Agents/q_tables/exp2_vs_rational_789987.pkl,J0,30,27,27,30,10,2,8
120,random,q_learning,N/A,/home/renzo/Escritorio/fac/IA1/Truco-AI/game/agents/RL-Agents/q_tables/exp2_vs_rational_789987.pkl,J0,30,8,8,30,5,0,5
121,random,q_learning,N/A,/home/renzo/Escritorio/fac/IA1/Truco-AI/game/agents/RL-Agents/q_tables/exp2_vs_rational_789987.pkl,J1,5,30,30,5,4,1,3
122,random,q_learning,N/A,/home/renzo/Escritorio/fac/IA1/Truco-AI/game/agents/RL-Agents/q_tables/exp2_vs_rational_789987.pkl,J0,30,6,6,30,4,0,4
123,random,q_learning,N/A,/home/renzo/Escritorio/fac/IA1/Truco-AI/game/agents/RL-Agents/q_tables/exp2_vs_rational_789987.pkl,J1,23,30,30,23,12,3,9
124,random,q_learning,N/A,/home/renzo/Escritorio/fac/IA1/Truco-AI/game/agents/RL-Agents/q_tables/exp2_vs_rational_789987.pkl,J0,30,0,0,30,0,0,0
125,random,q_learning,N/A,/home/renzo/Escritorio/fac/IA1/Truco-AI/game/agents/RL-Agents/q_tables/exp2_vs_rational_789987.pkl,J0,30,21,21,30,8,0,8
126,random,q_learning,N/A,/home/renzo/Escritorio/fac/IA1/Truco-AI/game/agents/RL-Agents/q_tables/exp2_vs_rational_789987.pkl,J1,0,30,30,0,1,0,1
127,random,q_learning,N/A,/home/renzo/Escritorio/fac/IA1/Truco-AI/game/agents/RL-Agents/q_tables/exp2_vs_rational_789987.pkl,J1,1,30,30,1,7,1,6
128,random,q_learning,N/A,/home/renzo/Escritorio/fac/IA1/Truco-AI/game/agents/RL-Agents/q_tables/exp2_vs_rational_789987.pkl,J0,30,0,0,30,1,1,0
129,random,q_learning,N/A,/home/renzo/Escritorio/fac/IA1/Truco-AI/game/agents/RL-Agents/q_tables/exp2_vs_rational_789987.pkl,J1,15,30,30,15,10,2,8
130,random,q_learning,N/A,/home/renzo/Escritorio/fac/IA1/Truco-AI/game/agents/RL-Agents/q_tables/exp2_vs_rational_789987.pkl,J1,0,30,30,0,1,0,1
131,random,q_learning,N/A,/home/renzo/Escritorio/fac/IA1/Truco-AI/game/agents/RL-Agents/q_tables/exp2_vs_rational_789987.pkl,J1,11,30,30,11,12,1,11
132,random,q_learning,N/A,/home/renzo/Escritorio/fac/IA1/Truco-AI/game/agents/RL-Agents/q_tables/exp2_vs_rational_789987.pkl,J1,13,30,30,13,9,1,8
133,random,q_learning,N/A,/home/renzo/Escritorio/fac/IA1/Truco-AI/game/agents/RL-Agents/q_tables/exp2_vs_rational_789987.pkl,J1,1,30,30,1,5,1,4
134,random,q_learning,N/A,/home/renzo/Escritorio/fac/IA1/Truco-AI/game/agents/RL-Agents/q_tables/exp2_vs_rational_789987.pkl,J0,30,12,12,30,4,0,4
135,random,q_learning,N/A,/home/renzo/Escritorio/fac/IA1/Truco-AI/game/agents/RL-Agents/q_tables/exp2_vs_rational_789987.pkl,J1,3,30,30,3,6,0,6
136,random,q_learning,N/A,/home/renzo/Escritorio/fac/IA1/Truco-AI/game/agents/RL-Agents/q_tables/exp2_vs_rational_789987.pkl,J0,30,4,4,30,2,0,2
137,random,q_learning,N/A,/home/renzo/Escritorio/fac/IA1/Truco-AI/game/agents/RL-Agents/q_tables/exp2_vs_rational_789987.pkl,J1,27,30,30,27,13,2,11
138,random,q_learning,N/A,/home/renzo/Escritorio/fac/IA1/Truco-AI/game/agents/RL-Agents/q_tables/exp2_vs_rational_789987.pkl,J1,3,30,30,3,2,0,2
139,random,q_learning,N/A,/home/renzo/Escritorio/fac/IA1/Truco-AI/game/agents/RL-Agents/q_tables/exp2_vs_rational_789987.pkl,J0,30,0,0,30,0,0,0
140,random,q_learning,N/A,/home/renzo/Escritorio/fac/IA1/Truco-AI/game/agents/RL-Agents/q_tables/exp2_vs_rational_789987.pkl,J0,30,0,0,30,0,0,0
141,random,q_learning,N/A,/home/renzo/Escritorio/fac/IA1/Truco-AI/game/agents/RL-Agents/q_tables/exp2_vs_rational_789987.pkl,J1,7,30,30,7,11,0,11
142,random,q_learning,N/A,/home/renzo/Escritorio/fac/IA1/Truco-AI/game/agents/RL-Agents/q_tables/exp2_vs_rational_789987.pkl,J1,2,30,30,2,1,1,0
143,random,q_learning,N/A,/home/renzo/Escritorio/fac/IA1/Truco-AI/game/agents/RL-Agents/q_tables/exp2_vs_rational_789987.pkl,J0,30,23,23,30,17,5,12
144,random,q_learning,N/A,/home/renzo/Escritorio/fac/IA1/Truco-AI/game/agents/RL-Agents/q_tables/exp2_vs_rational_789987.pkl,J0,30,0,0,30,0,0,0
145,random,q_learning,N/A,/home/renzo/Escritorio/fac/IA1/Truco-AI/game/agents/RL-Agents/q_tables/exp2_vs_rational_789987.pkl,J1,6,30,30,6,9,3,6
146,random,q_learning,N/A,/home/renzo/Escritorio/fac/IA1/Truco-AI/game/agents/RL-Agents/q_tables/exp2_vs_rational_789987.pkl,J1,0,30,30,0,1,0,1
147,random,q_learning,N/A,/home/renzo/Escritorio/fac/IA1/Truco-AI/game/agents/RL-Agents/q_tables/exp2_vs_rational_789987.pkl,J0,30,2,2,30,1,1,0
148,random,q_learning,N/A,/home/renzo/Escritorio/fac/IA1/Truco-AI/game/agents/RL-Agents/q_tables/exp2_vs_rational_789987.pkl,J1,17,30,30,17,4,0,4
149,random,q_learning,N/A,/home/renzo/Escritorio/fac/IA1/Truco-AI/game/agents/RL-Agents/q_tables/exp2_vs_rational_789987.pkl,J0,30,17,17,30,14,5,9
150,random,q_learning,N/A,/home/renzo/Escritorio/fac/IA1/Truco-AI/game/agents/RL-Agents/q_tables/exp2_vs_rational_789987.pkl,J1,11,30,30,11,13,3,10
151,random,q_learning,N/A,/home/renzo/Escritorio/fac/IA1/Truco-AI/game/agents/RL-Agents/q_tables/exp2_vs_rational_789987.pkl,J1,0,30,30,0,0,0,0
152,random,q_learning,N/A,/home/renzo/Escritorio/fac/IA1/Truco-AI/game/agents/RL-Agents/q_tables/exp2_vs_rational_789987.pkl,J1,16,30,30,16,10,1,9
153,random,q_learning,N/A,/home/renzo/Escritorio/fac/IA1/Truco-AI/game/agents/RL-Agents/q_tables/exp2_vs_rational_789987.pkl,J0,30,0,0,30,0,0,0
154,random,q_learning,N/A,/home/renzo/Escritorio/fac/IA1/Truco-AI/game/agents/RL-Agents/q_tables/exp2_vs_rational_789987.pkl,J1,1,30,30,1,2,1,1
155,random,q_learning,N/A,/home/renzo/Escritorio/fac/IA1/Truco-AI/game/agents/RL-Agents/q_tables/exp2_vs_rational_789987.pkl,J1,5,30,30,5,8,2,6
156,random,q_learning,N/A,/home/renzo/Escritorio/fac/IA1/Truco-AI/game/agents/RL-Agents/q_tables/exp2_vs_rational_789987.pkl,J0,30,2,2,30,2,0,2
157,random,q_learning,N/A,/home/renzo/Escritorio/fac/IA1/Truco-AI/game/agents/RL-Agents/q_tables/exp2_vs_rational_789987.pkl,J1,4,30,30,4,6,1,5
158,random,q_learning,N/A,/home/renzo/Escritorio/fac/IA1/Truco-AI/game/agents/RL-Agents/q_tables/exp2_vs_rational_789987.pkl,J1,2,30,30,2,1,0,1
159,random,q_learning,N/A,/home/renzo/Escritorio/fac/IA1/Truco-AI/game/agents/RL-Agents/q_tables/exp2_vs_rational_789987.pkl,J0,30,14,14,30,4,0,4
160,random,q_learning,N/A,/home/renzo/Escritorio/fac/IA1/Truco-AI/game/agents/RL-Agents/q_tables/exp2_vs_rational_789987.pkl,J0,30,0,0,30,0,0,0
161,random,q_learning,N/A,/home/renzo/Escritorio/fac/IA1/Truco-AI/game/agents/RL-Agents/q_tables/exp2_vs_rational_789987.pkl,J1,28,30,30,28,10,1,9
162,random,q_learning,N/A,/home/renzo/Escritorio/fac/IA1/Truco-AI/game/agents/RL-Agents/q_tables/exp2_vs_rational_789987.pkl,J0,30,9,9,30,4,0,4
163,random,q_learning,N/A,/home/renzo/Escritorio/fac/IA1/Truco-AI/game/agents/RL-Agents/q_tables/exp2_vs_rational_789987.pkl,J0,30,13,13,30,5,0,5
164,random,q_learning,N/A,/home/renzo/Escritorio/fac/IA1/Truco-AI/game/agents/RL-Agents/q_tables/exp2_vs_rational_789987.pkl,J1,3,30,30,3,3,1,2
165,random,q_learning,N/A,/home/renzo/Escritorio/fac/IA1/Truco-AI/game/agents/RL-Agents/q_tables/exp2_vs_rational_789987.pkl,J1,1,30,30,1,5,1,4
166,random,q_learning,N/A,/home/renzo/Escritorio/fac/IA1/Truco-AI/game/agents/RL-Agents/q_tables/exp2_vs_rational_789987.pkl,J0,30,24,24,30,14,2,12
167,random,q_learning,N/A,/home/renzo/Escritorio/fac/IA1/Truco-AI/game/agents/RL-Agents/q_tables/exp2_vs_rational_789987.pkl,J1,8,30,30,8,10,3,7
168,random,q_learning,N/A,/home/renzo/Escritorio/fac/IA1/Truco-AI/game/agents/RL-Agents/q_tables/exp2_vs_rational_789987.pkl,J1,4,30,30,4,4,1,3
169,random,q_learning,N/A,/home/renzo/Escritorio/fac/IA1/Truco-AI/game/agents/RL-Agents/q_tables/exp2_vs_rational_789987.pkl,J1,1,30,30,1,3,0,3
170,random,q_learning,N/A,/home/renzo/Escritorio/fac/IA1/Truco-AI/game/agents/RL-Agents/q_tables/exp2_vs_rational_789987.pkl,J0,30,0,0,30,0,0,0
171,random,q_learning,N/A,/home/renzo/Escritorio/fac/IA1/Truco-AI/game/agents/RL-Agents/q_tables/exp2_vs_rational_789987.pkl,J1,19,30,30,19,8,1,7
172,random,q_learning,N/A,/home/renzo/Escritorio/fac/IA1/Truco-AI/game/agents/RL-Agents/q_tables/exp2_vs_rational_789987.pkl,J1,2,30,30,2,2,0,2
173,random,q_learning,N/A,/home/renzo/Escritorio/fac/IA1/Truco-AI/game/agents/RL-Agents/q_tables/exp2_vs_rational_789987.pkl,J1,9,30,30,9,13,2,11
174,random,q_learning,N/A,/home/renzo/Escritorio/fac/IA1/Truco-AI/game/agents/RL-Agents/q_tables/exp2_vs_rational_789987.pkl,J1,0,30,30,0,0,0,0
175,random,q_learning,N/A,/home/renzo/Escritorio/fac/IA1/Truco-AI/game/agents/RL-Agents/q_tables/exp2_vs_rational_789987.pkl,J1,1,30,30,1,3,0,3
176,random,q_learning,N/A,/home/renzo/Escritorio/fac/IA1/Truco-AI/game/agents/RL-Agents/q_tables/exp2_vs_rational_789987.pkl,J1,7,30,30,7,13,0,13
177,random,q_learning,N/A,/home/renzo/Escritorio/fac/IA1/Truco-AI/game/agents/RL-Agents/q_tables/exp2_vs_rational_789987.pkl,J0,30,0,0,30,2,2,0
178,random,q_learning,N/A,/home/renzo/Escritorio/fac/IA1/Truco-AI/game/agents/RL-Agents/q_tables/exp2_vs_rational_789987.pkl,J1,0,30,30,0,1,0,1
179,random,q_learning,N/A,/home/renzo/Escritorio/fac/IA1/Truco-AI/game/agents/RL-Agents/q_tables/exp2_vs_rational_789987.pkl,J1,8,30,30,8,8,2,6
180,random,q_learning,N/A,/home/renzo/Escritorio/fac/IA1/Truco-AI/game/agents/RL-Agents/q_tables/exp2_vs_rational_789987.pkl,J1,19,30,30,19,14,3,11
181,random,q_learning,N/A,/home/renzo/Escritorio/fac/IA1/Truco-AI/game/agents/RL-Agents/q_tables/exp2_vs_rational_789987.pkl,J1,4,30,30,4,4,0,4
182,random,q_learning,N/A,/home/renzo/Escritorio/fac/IA1/Truco-AI/game/agents/RL-Agents/q_tables/exp2_vs_rational_789987.pkl,J1,6,30,30,6,8,1,7
183,random,q_learning,N/A,/home/renzo/Escritorio/fac/IA1/Truco-AI/game/agents/RL-Agents/q_tables/exp2_vs_rational_789987.pkl,J1,14,30,30,14,9,2,7
184,random,q_learning,N/A,/home/renzo/Escritorio/fac/IA1/Truco-AI/game/agents/RL-Agents/q_tables/exp2_vs_rational_789987.pkl,J1,24,30,30,24,9,0,9
185,random,q_learning,N/A,/home/renzo/Escritorio/fac/IA1/Truco-AI/game/agents/RL-Agents/q_tables/exp2_vs_rational_789987.pkl,J1,0,30,30,0,1,0,1
186,random,q_learning,N/A,/home/renzo/Escritorio/fac/IA1/Truco-AI/game/agents/RL-Agents/q_tables/exp2_vs_rational_789987.pkl,J1,0,30,30,0,0,0,0
187,random,q_learning,N/A,/home/renzo/Escritorio/fac/IA1/Truco-AI/game/agents/RL-Agents/q_tables/exp2_vs_rational_789987.pkl,J1,1,30,30,1,2,0,2
188,random,q_learning,N/A,/home/renzo/Escritorio/fac/IA1/Truco-AI/game/agents/RL-Agents/q_tables/exp2_vs_rational_789987.pkl,J0,30,1,1,30,1,0,1
189,random,q_learning,N/A,/home/renzo/Escritorio/fac/IA1/Truco-AI/game/agents/RL-Agents/q_tables/exp2_vs_rational_789987.pkl,J1,4,30,30,4,8,0,8
190,random,q_learning,N/A,/home/renzo/Escritorio/fac/IA1/Truco-AI/game/agents/RL-Agents/q_tables/exp2_vs_rational_789987.pkl,J1,6,30,30,6,2,2,0
191,random,q_learning,N/A,/home/renzo/Escritorio/fac/IA1/Truco-AI/game/agents/RL-Agents/q_tables/exp2_vs_rational_789987.pkl,J1,17,30,30,17,11,1,10
192,random,q_learning,N/A,/home/renzo/Escritorio/fac/IA1/Truco-AI/game/agents/RL-Agents/q_tables/exp2_vs_rational_789987.pkl,J1,16,30,30,16,11,2,9
193,random,q_learning,N/A,/home/renzo/Escritorio/fac/IA1/Truco-AI/game/agents/RL-Agents/q_tables/exp2_vs_rational_789987.pkl,J1,9,30,30,9,13,1,12
194,random,q_learning,N/A,/home/renzo/Escritorio/fac/IA1/Truco-AI/game/agents/RL-Agents/q_tables/exp2_vs_rational_789987.pkl,J0,30,12,12,30,8,2,6
195,random,q_learning,N/A,/home/renzo/Escritorio/fac/IA1/Truco-AI/game/agents/RL-Agents/q_tables/exp2_vs_rational_789987.pkl,J1,3,30,30,3,5,2,3
196,random,q_learning,N/A,/home/renzo/Escritorio/fac/IA1/Truco-AI/game/agents/RL-Agents/q_tables/exp2_vs_rational_789987.pkl,J0,30,26,26,30,10,1,9
197,random,q_learning,N/A,/home/renzo/Escritorio/fac/IA1/Truco-AI/game/agents/RL-Agents/q_tables/exp2_vs_rational_789987.pkl,J1,27,30,30,27,10,1,9
198,random,q_learning,N/A,/home/renzo/Escritorio/fac/IA1/Truco-AI/game/agents/RL-Agents/q_tables/exp2_vs_rational_789987.pkl,J1,3,30,30,3,4,0,4
199,random,q_learning,N/A,/home/renzo/Escritorio/fac/IA1/Truco-AI/game/agents/RL-Agents/q_tables/exp2_vs_rational_789987.pkl,J0,30,11,11,30,5,3,2
200,random,q_learning,N/A,/home/renzo/Escritorio/fac/IA1/Truco-AI/game/agents/RL-Agents/q_tables/exp2_vs_rational_789987.pkl,J1,28,30,30,28,9,2,7
201,random,q_learning,N/A,/home/renzo/Escritorio/fac/IA1/Truco-AI/game/agents/RL-Agents/q_tables/exp2_vs_rational_789987.pkl,J1,1,30,30,1,3,1,2
202,random,q_learning,N/A,/home/renzo/Escritorio/fac/IA1/Truco-AI/game/agents/RL-Agents/q_tables/exp2_vs_rational_789987.pkl,J1,3,30,30,3,2,1,1
203,random,q_learning,N/A,/home/renzo/Escritorio/fac/IA1/Truco-AI/game/agents/RL-Agents/q_tables/exp2_vs_rational_789987.pkl,J0,30,0,0,30,0,0,0
204,random,q_learning,N/A,/home/renzo/Escritorio/fac/IA1/Truco-AI/game/agents/RL-Agents/q_tables/exp2_vs_rational_789987.pkl,J1,4,30,30,4,3,1,2
205,random,q_learning,N/A,/home/renzo/Escritorio/fac/IA1/Truco-AI/game/agents/RL-Agents/q_tables/exp2_vs_rational_789987.pkl,J0,30,16,16,30,5,1,4
206,random,q_learning,N/A,/home/renzo/Escritorio/fac/IA1/Truco-AI/game/agents/RL-Agents/q_tables/exp2_vs_rational_789987.pkl,J1,13,30,30,13,9,1,8
207,random,q_learning,N/A,/home/renzo/Escritorio/fac/IA1/Truco-AI/game/agents/RL-Agents/q_tables/exp2_vs_rational_789987.pkl,J1,25,30,30,25,15,2,13
208,random,q_learning,N/A,/home/renzo/Escritorio/fac/IA1/Truco-AI/game/agents/RL-Agents/q_tables/exp2_vs_rational_789987.pkl,J0,30,14,14,30,7,0,7
209,random,q_learning,N/A,/home/renzo/Escritorio/fac/IA1/Truco-AI/game/agents/RL-Agents/q_tables/exp2_vs_rational_789987.pkl,J0,30,1,1,30,1,0,1
210,random,q_learning,N/A,/home/renzo/Escritorio/fac/IA1/Truco-AI/game/agents/RL-Agents/q_tables/exp2_vs_rational_789987.pkl,J1,6,30,30,6,9,0,9
211,random,q_learning,N/A,/home/renzo/Escritorio/fac/IA1/Truco-AI/game/agents/RL-Agents/q_tables/exp2_vs_rational_789987.pkl,J1,1,30,30,1,2,1,1
212,random,q_learning,N/A,/home/renzo/Escritorio/fac/IA1/Truco-AI/game/agents/RL-Agents/q_tables/exp2_vs_rational_789987.pkl,J1,5,30,30,5,11,0,11
213,random,q_learning,N/A,/home/renzo/Escritorio/fac/IA1/Truco-AI/game/agents/RL-Agents/q_tables/exp2_vs_rational_789987.pkl,J0,30,9,9,30,5,2,3
214,random,q_learning,N/A,/home/renzo/Escritorio/fac/IA1/Truco-AI/game/agents/RL-Agents/q_tables/exp2_vs_rational_789987.pkl,J1,24,30,30,24,11,3,8
215,random,q_learning,N/A,/home/renzo/Escritorio/fac/IA1/Truco-AI/game/agents/RL-Agents/q_tables/exp2_vs_rational_789987.pkl,J1,0,30,30,0,0,0,0
216,random,q_learning,N/A,/home/renzo/Escritorio/fac/IA1/Truco-AI/game/agents/RL-Agents/q_tables/exp2_vs_rational_789987.pkl,J1,25,30,30,25,14,2,12
217,random,q_learning,N/A,/home/renzo/Escritorio/fac/IA1/Truco-AI/game/agents/RL-Agents/q_tables/exp2_vs_rational_789987.pkl,J1,18,30,30,18,8,2,6
218,random,q_learning,N/A,/home/renzo/Escritorio/fac/IA1/Truco-AI/game/agents/RL-Agents/q_tables/exp2_vs_rational_789987.pkl,J1,9,30,30,9,5,3,2
219,random,q_learning,N/A,/home/renzo/Escritorio/fac/IA1/Truco-AI/game/agents/RL-Agents/q_tables/exp2_vs_rational_789987.pkl,J0,30,0,0,30,1,1,0
220,random,q_learning,N/A,/home/renzo/Escritorio/fac/IA1/Truco-AI/game/agents/RL-Agents/q_tables/exp2_vs_rational_789987.pkl,J1,15,30,30,15,11,1,10
221,random,q_learning,N/A,/home/renzo/Escritorio/fac/IA1/Truco-AI/game/agents/RL-Agents/q_tables/exp2_vs_rational_789987.pkl,J1,8,30,30,8,6,2,4
222,random,q_learning,N/A,/home/renzo/Escritorio/fac/IA1/Truco-AI/game/agents/RL-Agents/q_tables/exp2_vs_rational_789987.pkl,J0,30,19,19,30,6,2,4
223,random,q_learning,N/A,/home/renzo/Escritorio/fac/IA1/Truco-AI/game/agents/RL-Agents/q_tables/exp2_vs_rational_789987.pkl,J0,30,0,0,30,0,0,0
224,random,q_learning,N/A,/home/renzo/Escritorio/fac/IA1/Truco-AI/game/agents/RL-Agents/q_tables/exp2_vs_rational_789987.pkl,J1,6,30,30,6,6,1,5
225,random,q_learning,N/A,/home/renzo/Escritorio/fac/IA1/Truco-AI/game/agents/RL-Agents/q_tables/exp2_vs_rational_789987.pkl,J0,30,0,0,30,0,0,0
226,random,q_learning,N/A,/home/renzo/Escritorio/fac/IA1/Truco-AI/game/agents/RL-Agents/q_tables/exp2_vs_rational_789987.pkl,J0,30,14,14,30,5,0,5
227,random,q_learning,N/A,/home/renzo/Escritorio/fac/IA1/Truco-AI/game/agents/RL-Agents/q_tables/exp2_vs_rational_789987.pkl,J0,30,22,22,30,6,1,5
228,random,q_learning,N/A,/home/renzo/Escritorio/fac/IA1/Truco-AI/game/agents/RL-Agents/q_tables/exp2_vs_rational_789987.pkl,J1,1,30,30,1,5,0,5
229,random,q_learning,N/A,/home/renzo/Escritorio/fac/IA1/Truco-AI/game/agents/RL-Agents/q_tables/exp2_vs_rational_789987.pkl,J0,30,18,18,30,10,2,8
230,random,q_learning,N/A,/home/renzo/Escritorio/fac/IA1/Truco-AI/game/agents/RL-Agents/q_tables/exp2_vs_rational_789987.pkl,J0,30,4,4,30,3,1,2
231,random,q_learning,N/A,/home/renzo/Escritorio/fac/IA1/Truco-AI/game/agents/RL-Agents/q_tables/exp2_vs_rational_789987.pkl,J1,6,30,30,6,9,2,7
232,random,q_learning,N/A,/home/renzo/Escritorio/fac/IA1/Truco-AI/game/agents/RL-Agents/q_tables/exp2_vs_rational_789987.pkl,J0,30,11,11,30,4,1,3
233,random,q_learning,N/A,/home/renzo/Escritorio/fac/IA1/Truco-AI/game/agents/RL-Agents/q_tables/exp2_vs_rational_789987.pkl,J0,30,3,3,30,2,0,2
234,random,q_learning,N/A,/home/renzo/Escritorio/fac/IA1/Truco-AI/game/agents/RL-Agents/q_tables/exp2_vs_rational_789987.pkl,J1,1,30,30,1,1,0,1
235,random,q_learning,N/A,/home/renzo/Escritorio/fac/IA1/Truco-AI/game/agents/RL-Agents/q_tables/exp2_vs_rational_789987.pkl,J1,11,30,30,11,9,0,9
236,random,q_learning,N/A,/home/renzo/Escritorio/fac/IA1/Truco-AI/game/agents/RL-Agents/q_tables/exp2_vs_rational_789987.pkl,J0,30,0,0,30,0,0,0
237,random,q_learning,N/A,/home/renzo/Escritorio/fac/IA1/Truco-AI/game/agents/RL-Agents/q_tables/exp2_vs_rational_789987.pkl,J1,5,30,30,5,4,1,3
238,random,q_learning,N/A,/home/renzo/Escritorio/fac/IA1/Truco-AI/game/agents/RL-Agents/q_tables/exp2_vs_rational_789987.pkl,J1,25,30,30,25,11,0,11
239,random,q_learning,N/A,/home/renzo/Escritorio/fac/IA1/Truco-AI/game/agents/RL-Agents/q_tables/exp2_vs_rational_789987.pkl,J0,30,16,16,30,13,3,10
240,random,q_learning,N/A,/home/renzo/Escritorio/fac/IA1/Truco-AI/game/agents/RL-Agents/q_tables/exp2_vs_rational_789987.pkl,J0,30,12,12,30,6,0,6
241,random,q_learning,N/A,/home/renzo/Escritorio/fac/IA1/Truco-AI/game/agents/RL-Agents/q_tables/exp2_vs_rational_789987.pkl,J1,0,30,30,0,1,0,1
242,random,q_learning,N/A,/home/renzo/Escritorio/fac/IA1/Truco-AI/game/agents/RL-Agents/q_tables/exp2_vs_rational_789987.pkl,J0,30,0,0,30,1,1,0
243,random,q_learning,N/A,/home/renzo/Escritorio/fac/IA1/Truco-AI/game/agents/RL-Agents/q_tables/exp2_vs_rational_789987.pkl,J0,30,19,19,30,12,3,9
244,random,q_learning,N/A,/home/renzo/Escritorio/fac/IA1/Truco-AI/game/agents/RL-Agents/q_tables/exp2_vs_rational_789987.pkl,J1,0,30,30,0,0,0,0
245,random,q_learning,N/A,/home/renzo/Escritorio/fac/IA1/Truco-AI/game/agents/RL-Agents/q_tables/exp2_vs_rational_789987.pkl,J1,0,30,30,0,0,0,0
246,random,q_learning,N/A,/home/renzo/Escritorio/fac/IA1/Truco-AI/game/agents/RL-Agents/q_tables/exp2_vs_rational_789987.pkl,J0,30,8,8,30,4,0,4
247,random,q_learning,N/A,/home/renzo/Escritorio/fac/IA1/Truco-AI/game/agents/RL-Agents/q_tables/exp2_vs_rational_789987.pkl,J1,26,30,30,26,10,1,9
248,random,q_learning,N/A,/home/renzo/Escritorio/fac/IA1/Truco-AI/game/agents/RL-Agents/q_tables/exp2_vs_rational_789987.pkl,J1,0,30,30,0,0,0,0
249,random,q_learning,N/A,/home/renzo/Escritorio/fac/IA1/Truco-AI/game/agents/RL-Agents/q_tables/exp2_vs_rational_789987.pkl,J1,3,30,30,3,2,0,2
250,random,q_learning,N/A,/home/renzo/Escritorio/fac/IA1/Truco-AI/game/agents/RL-Agents/q_tables/exp2_vs_rational_789987.pkl,J1,2,30,30,2,3,0,3
251,random,q_learning,N/A,/home/renzo/Escritorio/fac/IA1/Truco-AI/game/agents/RL-Agents/q_tables/exp2_vs_rational_789987.pkl,J1,0,30,30,0,0,0,0
252,random,q_learning,N/A,/home/renzo/Escritorio/fac/IA1/Truco-AI/game/agents/RL-Agents/q_tables/exp2_vs_rational_789987.pkl,J1,6,30,30,6,10,3,7
253,random,q_learning,N/A,/home/renzo/Escritorio/fac/IA1/Truco-AI/game/agents/RL-Agents/q_tables/exp2_vs_rational_789987.pkl,J1,8,30,30,8,2,1,1
254,random,q_learning,N/A,/home/renzo/Escritorio/fac/IA1/Truco-AI/game/agents/RL-Agents/q_tables/exp2_vs_rational_789987.pkl,J0,30,0,0,30,1,1,0
255,random,q_learning,N/A,/home/renzo/Escritorio/fac/IA1/Truco-AI/game/agents/RL-Agents/q_tables/exp2_vs_rational_789987.pkl,J1,7,30,30,7,8,1,7
256,random,q_learning,N/A,/home/renzo/Escritorio/fac/IA1/Truco-AI/game/agents/RL-Agents/q_tables/exp2_vs_rational_789987.pkl,J1,9,30,30,9,16,3,13
257,random,q_learning,N/A,/home/renzo/Escritorio/fac/IA1/Truco-AI/game/agents/RL-Agents/q_tables/exp2_vs_rational_789987.pkl,J0,30,14,14,30,5,1,4
258,random,q_learning,N/A,/home/renzo/Escritorio/fac/IA1/Truco-AI/game/agents/RL-Agents/q_tables/exp2_vs_rational_789987.pkl,J1,0,30,30,0,0,0,0
259,random,q_learning,N/A,/home/renzo/Escritorio/fac/IA1/Truco-AI/game/agents/RL-Agents/q_tables/exp2_vs_rational_789987.pkl,J1,1,30,30,1,1,0,1
260,random,q_learning,N/A,/home/renzo/Escritorio/fac/IA1/Truco-AI/game/agents/RL-Agents/q_tables/exp2_vs_rational_789987.pkl,J1,5,30,30,5,4,0,4
261,random,q_learning,N/A,/home/renzo/Escritorio/fac/IA1/Truco-AI/game/agents/RL-Agents/q_tables/exp2_vs_rational_789987.pkl,J1,0,30,30,0,0,0,0
262,random,q_learning,N/A,/home/renzo/Escritorio/fac/IA1/Truco-AI/game/agents/RL-Agents/q_tables/exp2_vs_rational_789987.pkl,J0,30,0,0,30,0,0,0
263,random,q_learning,N/A,/home/renzo/Escritorio/fac/IA1/Truco-AI/game/agents/RL-Agents/q_tables/exp2_vs_rational_789987.pkl,J1,4,30,30,4,3,0,3
264,random,q_learning,N/A,/home/renzo/Escritorio/fac/IA1/Truco-AI/game/agents/RL-Agents/q_tables/exp2_vs_rational_789987.pkl,J1,27,30,30,27,14,1,13
265,random,q_learning,N/A,/home/renzo/Escritorio/fac/IA1/Truco-AI/game/agents/RL-Agents/q_tables/exp2_vs_rational_789987.pkl,J1,0,30,30,0,0,0,0
266,random,q_learning,N/A,/home/renzo/Escritorio/fac/IA1/Truco-AI/game/agents/RL-Agents/q_tables/exp2_vs_rational_789987.pkl,J1,10,30,30,10,5,0,5
267,random,q_learning,N/A,/home/renzo/Escritorio/fac/IA1/Truco-AI/game/agents/RL-Agents/q_tables/exp2_vs_rational_789987.pkl,J1,5,30,30,5,11,0,11
268,random,q_learning,N/A,/home/renzo/Escritorio/fac/IA1/Truco-AI/game/agents/RL-Agents/q_tables/exp2_vs_rational_789987.pkl,J0,30,1,1,30,2,1,1
269,random,q_learning,N/A,/home/renzo/Escritorio/fac/IA1/Truco-AI/game/agents/RL-Agents/q_tables/exp2_vs_rational_789987.pkl,J0,30,17,17,30,7,2,5
270,random,q_learning,N/A,/home/renzo/Escritorio/fac/IA1/Truco-AI/game/agents/RL-Agents/q_tables/exp2_vs_rational_789987.pkl,J0,30,12,12,30,8,2,6
271,random,q_learning,N/A,/home/renzo/Escritorio/fac/IA1/Truco-AI/game/agents/RL-Agents/q_tables/exp2_vs_rational_789987.pkl,J1,1,30,30,1,3,1,2
272,random,q_learning,N/A,/home/renzo/Escritorio/fac/IA1/Truco-AI/game/agents/RL-Agents/q_tables/exp2_vs_rational_789987.pkl,J0,30,15,15,30,14,4,10
273,random,q_learning,N/A,/home/renzo/Escritorio/fac/IA1/Truco-AI/game/agents/RL-Agents/q_tables/exp2_vs_rational_789987.pkl,J1,27,30,30,27,9,0,9
274,random,q_learning,N/A,/home/renzo/Escritorio/fac/IA1/Truco-AI/game/agents/RL-Agents/q_tables/exp2_vs_rational_789987.pkl,J0,30,10,10,30,6,2,4
275,random,q_learning,N/A,/home/renzo/Escritorio/fac/IA1/Truco-AI/game/agents/RL-Agents/q_tables/exp2_vs_rational_789987.pkl,J0,30,0,0,30,2,2,0
276,random,q_learning,N/A,/home/renzo/Escritorio/fac/IA1/Truco-AI/game/agents/RL-Agents/q_tables/exp2_vs_rational_789987.pkl,J1,0,30,30,0,0,0,0
277,random,q_learning,N/A,/home/renzo/Escritorio/fac/IA1/Truco-AI/game/agents/RL-Agents/q_tables/exp2_vs_rational_789987.pkl,J0,30,6,6,30,4,0,4
278,random,q_learning,N/A,/home/renzo/Escritorio/fac/IA1/Truco-AI/game/agents/RL-Agents/q_tables/exp2_vs_rational_789987.pkl,J1,17,30,30,17,9,2,7
279,random,q_learning,N/A,/home/renzo/Escritorio/fac/IA1/Truco-AI/game/agents/RL-Agents/q_tables/exp2_vs_rational_789987.pkl,J1,25,30,30,25,10,1,9
280,random,q_learning,N/A,/home/renzo/Escritorio/fac/IA1/Truco-AI/game/agents/RL-Agents/q_tables/exp2_vs_rational_789987.pkl,J0,30,13,13,30,7,1,6
281,random,q_learning,N/A,/home/renzo/Escritorio/fac/IA1/Truco-AI/game/agents/RL-Agents/q_tables/exp2_vs_rational_789987.pkl,J1,0,30,30,0,0,0,0
282,random,q_learning,N/A,/home/renzo/Escritorio/fac/IA1/Truco-AI/game/agents/RL-Agents/q_tables/exp2_vs_rational_789987.pkl,J1,2,30,30,2,3,0,3
283,random,q_learning,N/A,/home/renzo/Escritorio/fac/IA1/Truco-AI/game/agents/RL-Agents/q_tables/exp2_vs_rational_789987.pkl,J1,8,30,30,8,2,0,2
284,random,q_learning,N/A,/home/renzo/Escritorio/fac/IA1/Truco-AI/game/agents/RL-Agents/q_tables/exp2_vs_rational_789987.pkl,J0,30,4,4,30,2,0,2
285,random,q_learning,N/A,/home/renzo/Escritorio/fac/IA1/Truco-AI/game/agents/RL-Agents/q_tables/exp2_vs_rational_789987.pkl,J1,2,30,30,2,2,0,2
286,random,q_learning,N/A,/home/renzo/Escritorio/fac/IA1/Truco-AI/game/agents/RL-Agents/q_tables/exp2_vs_rational_789987.pkl,J1,5,30,30,5,8,2,6
287,random,q_learning,N/A,/home/renzo/Escritorio/fac/IA1/Truco-AI/game/agents/RL-Agents/q_tables/exp2_vs_rational_789987.pkl,J0,30,7,7,30,4,1,3
288,random,q_learning,N/A,/home/renzo/Escritorio/fac/IA1/Truco-AI/game/agents/RL-Agents/q_tables/exp2_vs_rational_789987.pkl,J0,30,19,19,30,7,1,6
289,random,q_learning,N/A,/home/renzo/Escritorio/fac/IA1/Truco-AI/game/agents/RL-Agents/q_tables/exp2_vs_rational_789987.pkl,J1,5,30,30,5,9,1,8
290,random,q_learning,N/A,/home/renzo/Escritorio/fac/IA1/Truco-AI/game/agents/RL-Agents/q_tables/exp2_vs_rational_789987.pkl,J1,14,30,30,14,17,5,12
291,random,q_learning,N/A,/home/renzo/Escritorio/fac/IA1/Truco-AI/game/agents/RL-Agents/q_tables/exp2_vs_rational_789987.pkl,J1,9,30,30,9,5,1,4
292,random,q_learning,N/A,/home/renzo/Escritorio/fac/IA1/Truco-AI/game/agents/RL-Agents/q_tables/exp2_vs_rational_789987.pkl,J1,4,30,30,4,3,0,3
293,random,q_learning,N/A,/home/renzo/Escritorio/fac/IA1/Truco-AI/game/agents/RL-Agents/q_tables/exp2_vs_rational_789987.pkl,J1,29,30,30,29,14,2,12
294,random,q_learning,N/A,/home/renzo/Escritorio/fac/IA1/Truco-AI/game/agents/RL-Agents/q_tables/exp2_vs_rational_789987.pkl,J1,8,30,30,8,3,0,3
295,random,q_learning,N/A,/home/renzo/Escritorio/fac/IA1/Truco-AI/game/agents/RL-Agents/q_tables/exp2_vs_rational_789987.pkl,J1,29,30,30,29,8,1,7
296,random,q_learning,N/A,/home/renzo/Escritorio/fac/IA1/Truco-AI/game/agents/RL-Agents/q_tables/exp2_vs_rational_789987.pkl,J0,30,20,20,30,6,0,6
297,random,q_learning,N/A,/home/renzo/Escritorio/fac/IA1/Truco-AI/game/agents/RL-Agents/q_tables/exp2_vs_rational_789987.pkl,J1,21,30,30,21,12,4,8
298,random,q_learning,N/A,/home/renzo/Escritorio/fac/IA1/Truco-AI/game/agents/RL-Agents/q_tables/exp2_vs_rational_789987.pkl,J0,30,1,1,30,1,0,1
299,random,q_learning,N/A,/home/renzo/Escritorio/fac/IA1/Truco-AI/game/agents/RL-Agents/q_tables/exp2_vs_rational_789987.pkl,J0,30,15,15,30,7,1,6
300,random,q_learning,N/A,/home/renzo/Escritorio/fac/IA1/Truco-AI/game/agents/RL-Agents/q_tables/exp2_vs_rational_789987.pkl,J0,30,22,22,30,10,0,10
301,random,q_learning,N/A,/home/renzo/Escritorio/fac/IA1/Truco-AI/game/agents/RL-Agents/q_tables/exp2_vs_rational_789987.pkl,J1,27,30,30,27,16,3,13
302,random,q_learning,N/A,/home/renzo/Escritorio/fac/IA1/Truco-AI/game/agents/RL-Agents/q_tables/exp2_vs_rational_789987.pkl,J0,30,9,9,30,8,1,7
303,random,q_learning,N/A,/home/renzo/Escritorio/fac/IA1/Truco-AI/game/agents/RL-Agents/q_tables/exp2_vs_rational_789987.pkl,J0,30,4,4,30,2,0,2
304,random,q_learning,N/A,/home/renzo/Escritorio/fac/IA1/Truco-AI/game/agents/RL-Agents/q_tables/exp2_vs_rational_789987.pkl,J1,29,30,30,29,12,2,10
305,random,q_learning,N/A,/home/renzo/Escritorio/fac/IA1/Truco-AI/game/agents/RL-Agents/q_tables/exp2_vs_rational_789987.pkl,J1,3,30,30,3,8,1,7
306,random,q_learning,N/A,/home/renzo/Escritorio/fac/IA1/Truco-AI/game/agents/RL-Agents/q_tables/exp2_vs_rational_789987.pkl,J1,5,30,30,5,6,1,5
307,random,q_learning,N/A,/home/renzo/Escritorio/fac/IA1/Truco-AI/game/agents/RL-Agents/q_tables/exp2_vs_rational_789987.pkl,J1,2,30,30,2,3,0,3
308,random,q_learning,N/A,/home/renzo/Escritorio/fac/IA1/Truco-AI/game/agents/RL-Agents/q_tables/exp2_vs_rational_789987.pkl,J0,30,12,12,30,3,1,2
309,random,q_learning,N/A,/home/renzo/Escritorio/fac/IA1/Truco-AI/game/agents/RL-Agents/q_tables/exp2_vs_rational_789987.pkl,J1,14,30,30,14,13,2,11
310,random,q_learning,N/A,/home/renzo/Escritorio/fac/IA1/Truco-AI/game/agents/RL-Agents/q_tables/exp2_vs_rational_789987.pkl,J1,4,30,30,4,5,2,3
311,random,q_learning,N/A,/home/renzo/Escritorio/fac/IA1/Truco-AI/game/agents/RL-Agents/q_tables/exp2_vs_rational_789987.pkl,J0,30,0,0,30,0,0,0
312,random,q_learning,N/A,/home/renzo/Escritorio/fac/IA1/Truco-AI/game/agents/RL-Agents/q_tables/exp2_vs_rational_789987.pkl,J1,0,30,30,0,0,0,0
313,random,q_learning,N/A,/home/renzo/Escritorio/fac/IA1/Truco-AI/game/agents/RL-Agents/q_tables/exp2_vs_rational_789987.pkl,J1,5,30,30,5,11,0,11
314,random,q_learning,N/A,/home/renzo/Escritorio/fac/IA1/Truco-AI/game/agents/RL-Agents/q_tables/exp2_vs_rational_789987.pkl,J1,0,30,30,0,0,0,0
315,random,q_learning,N/A,/home/renzo/Escritorio/fac/IA1/Truco-AI/game/agents/RL-Agents/q_tables/exp2_vs_rational_789987.pkl,J1,15,30,30,15,13,1,12
316,random,q_learning,N/A,/home/renzo/Escritorio/fac/IA1/Truco-AI/game/agents/RL-Agents/q_tables/exp2_vs_rational_789987.pkl,J0,30,15,15,30,11,4,7
317,random,q_learning,N/A,/home/renzo/Escritorio/fac/IA1/Truco-AI/game/agents/RL-Agents/q_tables/exp2_vs_rational_789987.pkl,J1,3,30,30,3,7,1,6
318,random,q_learning,N/A,/home/renzo/Escritorio/fac/IA1/Truco-AI/game/agents/RL-Agents/q_tables/exp2_vs_rational_789987.pkl,J1,0,30,30,0,0,0,0
319,random,q_learning,N/A,/home/renzo/Escritorio/fac/IA1/Truco-AI/game/agents/RL-Agents/q_tables/exp2_vs_rational_789987.pkl,J0,30,0,0,30,0,0,0
320,random,q_learning,N/A,/home/renzo/Escritorio/fac/IA1/Truco-AI/game/agents/RL-Agents/q_tables/exp2_vs_rational_789987.pkl,J1,27,30,30,27,10,0,10
321,random,q_learning,N/A,/home/renzo/Escritorio/fac/IA1/Truco-AI/game/agents/RL-Agents/q_tables/exp2_vs_rational_789987.pkl,J0,30,21,21,30,10,2,8
322,random,q_learning,N/A,/home/renzo/Escritorio/fac/IA1/Truco-AI/game/agents/RL-Agents/q_tables/exp2_vs_rational_789987.pkl,J1,5,30,30,5,7,1,6
323,random,q_learning,N/A,/home/renzo/Escritorio/fac/IA1/Truco-AI/game/agents/RL-Agents/q_tables/exp2_vs_rational_789987.pkl,J0,30,2,2,30,2,0,2
324,random,q_learning,N/A,/home/renzo/Escritorio/fac/IA1/Truco-AI/game/agents/RL-Agents/q_tables/exp2_vs_rational_789987.pkl,J0,30,3,3,30,3,1,2
325,random,q_learning,N/A,/home/renzo/Escritorio/fac/IA1/Truco-AI/game/agents/RL-Agents/q_tables/exp2_vs_rational_789987.pkl,J1,3,30,30,3,4,0,4
326,random,q_learning,N/A,/home/renzo/Escritorio/fac/IA1/Truco-AI/game/agents/RL-Agents/q_tables/exp2_vs_rational_789987.pkl,J1,0,30,30,0,6,0,6
327,random,q_learning,N/A,/home/renzo/Escritorio/fac/IA1/Truco-AI/game/agents/RL-Agents/q_tables/exp2_vs_rational_789987.pkl,J1,7,30,30,7,7,2,5
328,random,q_learning,N/A,/home/renzo/Escritorio/fac/IA1/Truco-AI/game/agents/RL-Agents/q_tables/exp2_vs_rational_789987.pkl,J0,30,19,19,30,7,0,7
329,random,q_learning,N/A,/home/renzo/Escritorio/fac/IA1/Truco-AI/game/agents/RL-Agents/q_tables/exp2_vs_rational_789987.pkl,J1,25,30,30,25,16,3,13
330,random,q_learning,N/A,/home/renzo/Escritorio/fac/IA1/Truco-AI/game/agents/RL-Agents/q_tables/exp2_vs_rational_789987.pkl,J1,17,30,30,17,20,5,15
331,random,q_learning,N/A,/home/renzo/Escritorio/fac/IA1/Truco-AI/game/agents/RL-Agents/q_tables/exp2_vs_rational_789987.pkl,J0,30,17,17,30,7,2,5
332,random,q_learning,N/A,/home/renzo/Escritorio/fac/IA1/Truco-AI/game/agents/RL-Agents/q_tables/exp2_vs_rational_789987.pkl,J1,16,30,30,16,10,2,8
333,random,q_learning,N/A,/home/renzo/Escritorio/fac/IA1/Truco-AI/game/agents/RL-Agents/q_tables/exp2_vs_rational_789987.pkl,J1,17,30,30,17,13,3,10
334,random,q_learning,N/A,/home/renzo/Escritorio/fac/IA1/Truco-AI/game/agents/RL-Agents/q_tables/exp2_vs_rational_789987.pkl,J1,0,30,30,0,0,0,0
335,random,q_learning,N/A,/home/renzo/Escritorio/fac/IA1/Truco-AI/game/agents/RL-Agents/q_tables/exp2_vs_rational_789987.pkl,J0,30,20,20,30,10,3,7
336,random,q_learning,N/A,/home/renzo/Escritorio/fac/IA1/Truco-AI/game/agents/RL-Agents/q_tables/exp2_vs_rational_789987.pkl,J0,30,8,8,30,3,1,2
337,random,q_learning,N/A,/home/renzo/Escritorio/fac/IA1/Truco-AI/game/agents/RL-Agents/q_tables/exp2_vs_rational_789987.pkl,J1,0,30,30,0,1,0,1
338,random,q_learning,N/A,/home/renzo/Escritorio/fac/IA1/Truco-AI/game/agents/RL-Agents/q_tables/exp2_vs_rational_789987.pkl,J0,30,0,0,30,1,1,0
339,random,q_learning,N/A,/home/renzo/Escritorio/fac/IA1/Truco-AI/game/agents/RL-Agents/q_tables/exp2_vs_rational_789987.pkl,J1,24,30,30,24,13,2,11
340,random,q_learning,N/A,/home/renzo/Escritorio/fac/IA1/Truco-AI/game/agents/RL-Agents/q_tables/exp2_vs_rational_789987.pkl,J1,13,30,30,13,14,5,9
341,random,q_learning,N/A,/home/renzo/Escritorio/fac/IA1/Truco-AI/game/agents/RL-Agents/q_tables/exp2_vs_rational_789987.pkl,J1,5,30,30,5,7,2,5
342,random,q_learning,N/A,/home/renzo/Escritorio/fac/IA1/Truco-AI/game/agents/RL-Agents/q_tables/exp2_vs_rational_789987.pkl,J1,1,30,30,1,4,1,3
343,random,q_learning,N/A,/home/renzo/Escritorio/fac/IA1/Truco-AI/game/agents/RL-Agents/q_tables/exp2_vs_rational_789987.pkl,J1,0,30,30,0,2,0,2
344,random,q_learning,N/A,/home/renzo/Escritorio/fac/IA1/Truco-AI/game/agents/RL-Agents/q_tables/exp2_vs_rational_789987.pkl,J1,9,30,30,9,12,0,12
345,random,q_learning,N/A,/home/renzo/Escritorio/fac/IA1/Truco-AI/game/agents/RL-Agents/q_tables/exp2_vs_rational_789987.pkl,J1,4,30,30,4,2,1,1
346,random,q_learning,N/A,/home/renzo/Escritorio/fac/IA1/Truco-AI/game/agents/RL-Agents/q_tables/exp2_vs_rational_789987.pkl,J0,30,5,5,30,2,0,2
347,random,q_learning,N/A,/home/renzo/Escritorio/fac/IA1/Truco-AI/game/agents/RL-Agents/q_tables/exp2_vs_rational_789987.pkl,J1,4,30,30,4,2,2,0
348,random,q_learning,N/A,/home/renzo/Escritorio/fac/IA1/Truco-AI/game/agents/RL-Agents/q_tables/exp2_vs_rational_789987.pkl,J1,2,30,30,2,3,2,1
349,random,q_learning,N/A,/home/renzo/Escritorio/fac/IA1/Truco-AI/game/agents/RL-Agents/q_tables/exp2_vs_rational_789987.pkl,J1,1,30,30,1,3,0,3
350,random,q_learning,N/A,/home/renzo/Escritorio/fac/IA1/Truco-AI/game/agents/RL-Agents/q_tables/exp2_vs_rational_789987.pkl,J1,12,30,30,12,18,4,14
351,random,q_learning,N/A,/home/renzo/Escritorio/fac/IA1/Truco-AI/game/agents/RL-Agents/q_tables/exp2_vs_rational_789987.pkl,J1,5,30,30,5,17,2,15
352,random,q_learning,N/A,/home/renzo/Escritorio/fac/IA1/Truco-AI/game/agents/RL-Agents/q_tables/exp2_vs_rational_789987.pkl,J0,30,3,3,30,3,0,3
353,random,q_learning,N/A,/home/renzo/Escritorio/fac/IA1/Truco-AI/game/agents/RL-Agents/q_tables/exp2_vs_rational_789987.pkl,J1,16,30,30,16,13,2,11
354,random,q_learning,N/A,/home/renzo/Escritorio/fac/IA1/Truco-AI/game/agents/RL-Agents/q_tables/exp2_vs_rational_789987.pkl,J1,26,30,30,26,7,4,3
355,random,q_learning,N/A,/home/renzo/Escritorio/fac/IA1/Truco-AI/game/agents/RL-Agents/q_tables/exp2_vs_rational_789987.pkl,J1,1,30,30,1,2,0,2
356,random,q_learning,N/A,/home/renzo/Escritorio/fac/IA1/Truco-AI/game/agents/RL-Agents/q_tables/exp2_vs_rational_789987.pkl,J0,30,18,18,30,6,0,6
357,random,q_learning,N/A,/home/renzo/Escritorio/fac/IA1/Truco-AI/game/agents/RL-Agents/q_tables/exp2_vs_rational_789987.pkl,J0,30,2,2,30,2,0,2
358,random,q_learning,N/A,/home/renzo/Escritorio/fac/IA1/Truco-AI/game/agents/RL-Agents/q_tables/exp2_vs_rational_789987.pkl,J1,1,30,30,1,2,0,2
359,random,q_learning,N/A,/home/renzo/Escritorio/fac/IA1/Truco-AI/game/agents/RL-Agents/q_tables/exp2_vs_rational_789987.pkl,J0,30,13,13,30,8,0,8
360,random,q_learning,N/A,/home/renzo/Escritorio/fac/IA1/Truco-AI/game/agents/RL-Agents/q_tables/exp2_vs_rational_789987.pkl,J0,30,0,0,30,0,0,0
361,random,q_learning,N/A,/home/renzo/Escritorio/fac/IA1/Truco-AI/game/agents/RL-Agents/q_tables/exp2_vs_rational_789987.pkl,J0,30,7,7,30,5,1,4
362,random,q_learning,N/A,/home/renzo/Escritorio/fac/IA1/Truco-AI/game/agents/RL-Agents/q_tables/exp2_vs_rational_789987.pkl,J0,30,19,19,30,9,0,9
363,random,q_learning,N/A,/home/renzo/Escritorio/fac/IA1/Truco-AI/game/agents/RL-Agents/q_tables/exp2_vs_rational_789987.pkl,J1,18,30,30,18,15,4,11
364,random,q_learning,N/A,/home/renzo/Escritorio/fac/IA1/Truco-AI/game/agents/RL-Agents/q_tables/exp2_vs_rational_789987.pkl,J1,1,30,30,1,3,1,2
365,random,q_learning,N/A,/home/renzo/Escritorio/fac/IA1/Truco-AI/game/agents/RL-Agents/q_tables/exp2_vs_rational_789987.pkl,J1,15,30,30,15,12,3,9
366,random,q_learning,N/A,/home/renzo/Escritorio/fac/IA1/Truco-AI/game/agents/RL-Agents/q_tables/exp2_vs_rational_789987.pkl,J0,30,24,24,30,9,1,8
367,random,q_learning,N/A,/home/renzo/Escritorio/fac/IA1/Truco-AI/game/agents/RL-Agents/q_tables/exp2_vs_rational_789987.pkl,J0,30,2,2,30,2,0,2
368,random,q_learning,N/A,/home/renzo/Escritorio/fac/IA1/Truco-AI/game/agents/RL-Agents/q_tables/exp2_vs_rational_789987.pkl,J1,3,30,30,3,2,0,2
369,random,q_learning,N/A,/home/renzo/Escritorio/fac/IA1/Truco-AI/game/agents/RL-Agents/q_tables/exp2_vs_rational_789987.pkl,J1,6,30,30,6,6,2,4
370,random,q_learning,N/A,/home/renzo/Escritorio/fac/IA1/Truco-AI/game/agents/RL-Agents/q_tables/exp2_vs_rational_789987.pkl,J1,5,30,30,5,7,1,6
371,random,q_learning,N/A,/home/renzo/Escritorio/fac/IA1/Truco-AI/game/agents/RL-Agents/q_tables/exp2_vs_rational_789987.pkl,J1,12,30,30,12,11,3,8
372,random,q_learning,N/A,/home/renzo/Escritorio/fac/IA1/Truco-AI/game/agents/RL-Agents/q_tables/exp2_vs_rational_789987.pkl,J0,30,0,0,30,0,0,0
373,random,q_learning,N/A,/home/renzo/Escritorio/fac/IA1/Truco-AI/game/agents/RL-Agents/q_tables/exp2_vs_rational_789987.pkl,J0,30,10,10,30,4,0,4
374,random,q_learning,N/A,/home/renzo/Escritorio/fac/IA1/Truco-AI/game/agents/RL-Agents/q_tables/exp2_vs_rational_789987.pkl,J1,8,30,30,8,3,1,2
375,random,q_learning,N/A,/home/renzo/Escritorio/fac/IA1/Truco-AI/game/agents/RL-Agents/q_tables/exp2_vs_rational_789987.pkl,J0,30,1,1,30,1,0,1
376,random,q_learning,N/A,/home/renzo/Escritorio/fac/IA1/Truco-AI/game/agents/RL-Agents/q_tables/exp2_vs_rational_789987.pkl,J0,30,10,10,30,7,1,6
377,random,q_learning,N/A,/home/renzo/Escritorio/fac/IA1/Truco-AI/game/agents/RL-Agents/q_tables/exp2_vs_rational_789987.pkl,J0,30,5,5,30,7,3,4
378,random,q_learning,N/A,/home/renzo/Escritorio/fac/IA1/Truco-AI/game/agents/RL-Agents/q_tables/exp2_vs_rational_789987.pkl,J1,13,30,30,13,9,3,6
379,random,q_learning,N/A,/home/renzo/Escritorio/fac/IA1/Truco-AI/game/agents/RL-Agents/q_tables/exp2_vs_rational_789987.pkl,J1,20,30,30,20,6,1,5
380,random,q_learning,N/A,/home/renzo/Escritorio/fac/IA1/Truco-AI/game/agents/RL-Agents/q_tables/exp2_vs_rational_789987.pkl,J1,1,30,30,1,6,0,6
381,random,q_learning,N/A,/home/renzo/Escritorio/fac/IA1/Truco-AI/game/agents/RL-Agents/q_tables/exp2_vs_rational_789987.pkl,J1,2,30,30,2,4,0,4
382,random,q_learning,N/A,/home/renzo/Escritorio/fac/IA1/Truco-AI/game/agents/RL-Agents/q_tables/exp2_vs_rational_789987.pkl,J1,13,30,30,13,8,1,7
383,random,q_learning,N/A,/home/renzo/Escritorio/fac/IA1/Truco-AI/game/agents/RL-Agents/q_tables/exp2_vs_rational_789987.pkl,J0,30,9,9,30,5,0,5
384,random,q_learning,N/A,/home/renzo/Escritorio/fac/IA1/Truco-AI/game/agents/RL-Agents/q_tables/exp2_vs_rational_789987.pkl,J1,27,30,30,27,11,2,9
385,random,q_learning,N/A,/home/renzo/Escritorio/fac/IA1/Truco-AI/game/agents/RL-Agents/q_tables/exp2_vs_rational_789987.pkl,J1,1,30,30,1,2,0,2
386,random,q_learning,N/A,/home/renzo/Escritorio/fac/IA1/Truco-AI/game/agents/RL-Agents/q_tables/exp2_vs_rational_789987.pkl,J1,5,30,30,5,6,0,6
387,random,q_learning,N/A,/home/renzo/Escritorio/fac/IA1/Truco-AI/game/agents/RL-Agents/q_tables/exp2_vs_rational_789987.pkl,J0,30,6,6,30,3,1,2
388,random,q_learning,N/A,/home/renzo/Escritorio/fac/IA1/Truco-AI/game/agents/RL-Agents/q_tables/exp2_vs_rational_789987.pkl,J0,30,23,23,30,10,2,8
389,random,q_learning,N/A,/home/renzo/Escritorio/fac/IA1/Truco-AI/game/agents/RL-Agents/q_tables/exp2_vs_rational_789987.pkl,J1,4,30,30,4,5,1,4
390,random,q_learning,N/A,/home/renzo/Escritorio/fac/IA1/Truco-AI/game/agents/RL-Agents/q_tables/exp2_vs_rational_789987.pkl,J0,30,3,3,30,3,0,3
391,random,q_learning,N/A,/home/renzo/Escritorio/fac/IA1/Truco-AI/game/agents/RL-Agents/q_tables/exp2_vs_rational_789987.pkl,J1,21,30,30,21,10,2,8
392,random,q_learning,N/A,/home/renzo/Escritorio/fac/IA1/Truco-AI/game/agents/RL-Agents/q_tables/exp2_vs_rational_789987.pkl,J1,5,30,30,5,11,2,9
393,random,q_learning,N/A,/home/renzo/Escritorio/fac/IA1/Truco-AI/game/agents/RL-Agents/q_tables/exp2_vs_rational_789987.pkl,J1,8,30,30,8,14,0,14
394,random,q_learning,N/A,/home/renzo/Escritorio/fac/IA1/Truco-AI/game/agents/RL-Agents/q_tables/exp2_vs_rational_789987.pkl,J0,30,0,0,30,0,0,0
395,random,q_learning,N/A,/home/renzo/Escritorio/fac/IA1/Truco-AI/game/agents/RL-Agents/q_tables/exp2_vs_rational_789987.pkl,J1,3,30,30,3,3,1,2
396,random,q_learning,N/A,/home/renzo/Escritorio/fac/IA1/Truco-AI/game/agents/RL-Agents/q_tables/exp2_vs_rational_789987.pkl,J1,1,30,30,1,3,0,3
397,random,q_learning,N/A,/home/renzo/Escritorio/fac/IA1/Truco-AI/game/agents/RL-Agents/q_tables/exp2_vs_rational_789987.pkl,J0,30,21,21,30,8,1,7
398,random,q_learning,N/A,/home/renzo/Escritorio/fac/IA1/Truco-AI/game/agents/RL-Agents/q_tables/exp2_vs_rational_789987.pkl,J1,19,30,30,19,21,4,17
399,random,q_learning,N/A,/home/renzo/Escritorio/fac/IA1/Truco-AI/game/agents/RL-Agents/q_tables/exp2_vs_rational_789987.pkl,J0,30,1,1,30,2,2,0
400,random,q_learning,N/A,/home/renzo/Escritorio/fac/IA1/Truco-AI/game/agents/RL-Agents/q_tables/exp2_vs_rational_789987.pkl,J1,26,30,30,26,15,3,12
401,random,q_learning,N/A,/home/renzo/Escritorio/fac/IA1/Truco-AI/game/agents/RL-Agents/q_tables/exp2_vs_rational_789987.pkl,J0,30,9,9,30,5,2,3
402,random,q_learning,N/A,/home/renzo/Escritorio/fac/IA1/Truco-AI/game/agents/RL-Agents/q_tables/exp2_vs_rational_789987.pkl,J0,30,4,4,30,4,1,3
403,random,q_learning,N/A,/home/renzo/Escritorio/fac/IA1/Truco-AI/game/agents/RL-Agents/q_tables/exp2_vs_rational_789987.pkl,J1,0,30,30,0,0,0,0
404,random,q_learning,N/A,/home/renzo/Escritorio/fac/IA1/Truco-AI/game/agents/RL-Agents/q_tables/exp2_vs_rational_789987.pkl,J1,9,30,30,9,12,2,10
405,random,q_learning,N/A,/home/renzo/Escritorio/fac/IA1/Truco-AI/game/agents/RL-Agents/q_tables/exp2_vs_rational_789987.pkl,J1,21,30,30,21,11,2,9
406,random,q_learning,N/A,/home/renzo/Escritorio/fac/IA1/Truco-AI/game/agents/RL-Agents/q_tables/exp2_vs_rational_789987.pkl,J1,2,30,30,2,2,0,2
407,random,q_learning,N/A,/home/renzo/Escritorio/fac/IA1/Truco-AI/game/agents/RL-Agents/q_tables/exp2_vs_rational_789987.pkl,J1,24,30,30,24,11,1,10
408,random,q_learning,N/A,/home/renzo/Escritorio/fac/IA1/Truco-AI/game/agents/RL-Agents/q_tables/exp2_vs_rational_789987.pkl,J1,7,30,30,7,8,2,6
409,random,q_learning,N/A,/home/renzo/Escritorio/fac/IA1/Truco-AI/game/agents/RL-Agents/q_tables/exp2_vs_rational_789987.pkl,J1,3,30,30,3,6,1,5
410,random,q_learning,N/A,/home/renzo/Escritorio/fac/IA1/Truco-AI/game/agents/RL-Agents/q_tables/exp2_vs_rational_789987.pkl,J0,30,0,0,30,0,0,0
411,random,q_learning,N/A,/home/renzo/Escritorio/fac/IA1/Truco-AI/game/agents/RL-Agents/q_tables/exp2_vs_rational_789987.pkl,J1,8,30,30,8,3,2,1
412,random,q_learning,N/A,/home/renzo/Escritorio/fac/IA1/Truco-AI/game/agents/RL-Agents/q_tables/exp2_vs_rational_789987.pkl,J1,1,30,30,1,3,1,2
413,random,q_learning,N/A,/home/renzo/Escritorio/fac/IA1/Truco-AI/game/agents/RL-Agents/q_tables/exp2_vs_rational_789987.pkl,J1,26,30,30,26,14,5,9
414,random,q_learning,N/A,/home/renzo/Escritorio/fac/IA1/Truco-AI/game/agents/RL-Agents/q_tables/exp2_vs_rational_789987.pkl,J0,30,15,15,30,6,1,5
415,random,q_learning,N/A,/home/renzo/Escritorio/fac/IA1/Truco-AI/game/agents/RL-Agents/q_tables/exp2_vs_rational_789987.pkl,J0,30,0,0,30,0,0,0
416,random,q_learning,N/A,/home/renzo/Escritorio/fac/IA1/Truco-AI/game/agents/RL-Agents/q_tables/exp2_vs_rational_789987.pkl,J1,7,30,30,7,5,0,5
417,random,q_learning,N/A,/home/renzo/Escritorio/fac/IA1/Truco-AI/game/agents/RL-Agents/q_tables/exp2_vs_rational_789987.pkl,J0,30,0,0,30,0,0,0
418,random,q_learning,N/A,/home/renzo/Escritorio/fac/IA1/Truco-AI/game/agents/RL-Agents/q_tables/exp2_vs_rational_789987.pkl,J1,0,30,30,0,0,0,0
419,random,q_learning,N/A,/home/renzo/Escritorio/fac/IA1/Truco-AI/game/agents/RL-Agents/q_tables/exp2_vs_rational_789987.pkl,J1,1,30,30,1,1,0,1
420,random,q_learning,N/A,/home/renzo/Escritorio/fac/IA1/Truco-AI/game/agents/RL-Agents/q_tables/exp2_vs_rational_789987.pkl,J1,8,30,30,8,10,4,6
421,random,q_learning,N/A,/home/renzo/Escritorio/fac/IA1/Truco-AI/game/agents/RL-Agents/q_tables/exp2_vs_rational_789987.pkl,J0,30,1,1,30,2,1,1
422,random,q_learning,N/A,/home/renzo/Escritorio/fac/IA1/Truco-AI/game/agents/RL-Agents/q_tables/exp2_vs_rational_789987.pkl,J0,30,0,0,30,1,1,0
423,random,q_learning,N/A,/home/renzo/Escritorio/fac/IA1/Truco-AI/game/agents/RL-Agents/q_tables/exp2_vs_rational_789987.pkl,J0,30,2,2,30,3,1,2
424,random,q_learning,N/A,/home/renzo/Escritorio/fac/IA1/Truco-AI/game/agents/RL-Agents/q_tables/exp2_vs_rational_789987.pkl,J1,3,30,30,3,4,0,4
425,random,q_learning,N/A,/home/renzo/Escritorio/fac/IA1/Truco-AI/game/agents/RL-Agents/q_tables/exp2_vs_rational_789987.pkl,J1,13,30,30,13,13,1,12
426,random,q_learning,N/A,/home/renzo/Escritorio/fac/IA1/Truco-AI/game/agents/RL-Agents/q_tables/exp2_vs_rational_789987.pkl,J0,30,0,0,30,1,1,0
427,random,q_learning,N/A,/home/renzo/Escritorio/fac/IA1/Truco-AI/game/agents/RL-Agents/q_tables/exp2_vs_rational_789987.pkl,J1,6,30,30,6,4,1,3
428,random,q_learning,N/A,/home/renzo/Escritorio/fac/IA1/Truco-AI/game/agents/RL-Agents/q_tables/exp2_vs_rational_789987.pkl,J1,3,30,30,3,4,0,4
429,random,q_learning,N/A,/home/renzo/Escritorio/fac/IA1/Truco-AI/game/agents/RL-Agents/q_tables/exp2_vs_rational_789987.pkl,J0,30,18,18,30,10,2,8
430,random,q_learning,N/A,/home/renzo/Escritorio/fac/IA1/Truco-AI/game/agents/RL-Agents/q_tables/exp2_vs_rational_789987.pkl,J0,30,11,11,30,4,2,2
431,random,q_learning,N/A,/home/renzo/Escritorio/fac/IA1/Truco-AI/game/agents/RL-Agents/q_tables/exp2_vs_rational_789987.pkl,J1,15,30,30,15,12,3,9
432,random,q_learning,N/A,/home/renzo/Escritorio/fac/IA1/Truco-AI/game/agents/RL-Agents/q_tables/exp2_vs_rational_789987.pkl,J1,2,30,30,2,2,0,2
433,random,q_learning,N/A,/home/renzo/Escritorio/fac/IA1/Truco-AI/game/agents/RL-Agents/q_tables/exp2_vs_rational_789987.pkl,J1,2,30,30,2,4,0,4
434,random,q_learning,N/A,/home/renzo/Escritorio/fac/IA1/Truco-AI/game/agents/RL-Agents/q_tables/exp2_vs_rational_789987.pkl,J1,2,30,30,2,2,0,2
435,random,q_learning,N/A,/home/renzo/Escritorio/fac/IA1/Truco-AI/game/agents/RL-Agents/q_tables/exp2_vs_rational_789987.pkl,J0,30,2,2,30,2,0,2
436,random,q_learning,N/A,/home/renzo/Escritorio/fac/IA1/Truco-AI/game/agents/RL-Agents/q_tables/exp2_vs_rational_789987.pkl,J1,1,30,30,1,3,0,3
437,random,q_learning,N/A,/home/renzo/Escritorio/fac/IA1/Truco-AI/game/agents/RL-Agents/q_tables/exp2_vs_rational_789987.pkl,J0,30,17,17,30,12,4,8
438,random,q_learning,N/A,/home/renzo/Escritorio/fac/IA1/Truco-AI/game/agents/RL-Agents/q_tables/exp2_vs_rational_789987.pkl,J1,12,30,30,12,12,3,9
439,random,q_learning,N/A,/home/renzo/Escritorio/fac/IA1/Truco-AI/game/agents/RL-Agents/q_tables/exp2_vs_rational_789987.pkl,J0,30,7,7,30,5,2,3
440,random,q_learning,N/A,/home/renzo/Escritorio/fac/IA1/Truco-AI/game/agents/RL-Agents/q_tables/exp2_vs_rational_789987.pkl,J1,19,30,30,19,6,3,3
441,random,q_learning,N/A,/home/renzo/Escritorio/fac/IA1/Truco-AI/game/agents/RL-Agents/q_tables/exp2_vs_rational_789987.pkl,J1,7,30,30,7,6,1,5
442,random,q_learning,N/A,/home/renzo/Escritorio/fac/IA1/Truco-AI/game/agents/RL-Agents/q_tables/exp2_vs_rational_789987.pkl,J1,22,30,30,22,17,3,14
443,random,q_learning,N/A,/home/renzo/Escritorio/fac/IA1/Truco-AI/game/agents/RL-Agents/q_tables/exp2_vs_rational_789987.pkl,J0,30,19,19,30,8,1,7
444,random,q_learning,N/A,/home/renzo/Escritorio/fac/IA1/Truco-AI/game/agents/RL-Agents/q_tables/exp2_vs_rational_789987.pkl,J1,8,30,30,8,8,1,7
445,random,q_learning,N/A,/home/renzo/Escritorio/fac/IA1/Truco-AI/game/agents/RL-Agents/q_tables/exp2_vs_rational_789987.pkl,J0,30,18,18,30,12,0,12
446,random,q_learning,N/A,/home/renzo/Escritorio/fac/IA1/Truco-AI/game/agents/RL-Agents/q_tables/exp2_vs_rational_789987.pkl,J1,6,30,30,6,7,1,6
447,random,q_learning,N/A,/home/renzo/Escritorio/fac/IA1/Truco-AI/game/agents/RL-Agents/q_tables/exp2_vs_rational_789987.pkl,J1,2,30,30,2,5,0,5
448,random,q_learning,N/A,/home/renzo/Escritorio/fac/IA1/Truco-AI/game/agents/RL-Agents/q_tables/exp2_vs_rational_789987.pkl,J1,16,30,30,16,13,3,10
449,random,q_learning,N/A,/home/renzo/Escritorio/fac/IA1/Truco-AI/game/agents/RL-Agents/q_tables/exp2_vs_rational_789987.pkl,J1,26,30,30,26,18,6,12
450,random,q_learning,N/A,/home/renzo/Escritorio/fac/IA1/Truco-AI/game/agents/RL-Agents/q_tables/exp2_vs_rational_789987.pkl,J1,0,30,30,0,0,0,0
451,random,q_learning,N/A,/home/renzo/Escritorio/fac/IA1/Truco-AI/game/agents/RL-Agents/q_tables/exp2_vs_rational_789987.pkl,J1,2,30,30,2,2,0,2
452,random,q_learning,N/A,/home/renzo/Escritorio/fac/IA1/Truco-AI/game/agents/RL-Agents/q_tables/exp2_vs_rational_789987.pkl,J1,0,30,30,0,1,0,1
453,random,q_learning,N/A,/home/renzo/Escritorio/fac/IA1/Truco-AI/game/agents/RL-Agents/q_tables/exp2_vs_rational_789987.pkl,J1,0,30,30,0,1,0,1
454,random,q_learning,N/A,/home/renzo/Escritorio/fac/IA1/Truco-AI/game/agents/RL-Agents/q_tables/exp2_vs_rational_789987.pkl,J1,16,30,30,16,11,4,7
455,random,q_learning,N/A,/home/renzo/Escritorio/fac/IA1/Truco-AI/game/agents/RL-Agents/q_tables/exp2_vs_rational_789987.pkl,J1,0,30,30,0,2,0,2
456,random,q_learning,N/A,/home/renzo/Escritorio/fac/IA1/Truco-AI/game/agents/RL-Agents/q_tables/exp2_vs_rational_789987.pkl,J0,30,16,16,30,5,1,4
457,random,q_learning,N/A,/home/renzo/Escritorio/fac/IA1/Truco-AI/game/agents/RL-Agents/q_tables/exp2_vs_rational_789987.pkl,J1,0,30,30,0,0,0,0
458,random,q_learning,N/A,/home/renzo/Escritorio/fac/IA1/Truco-AI/game/agents/RL-Agents/q_tables/exp2_vs_rational_789987.pkl,J1,0,30,30,0,0,0,0
459,random,q_learning,N/A,/home/renzo/Escritorio/fac/IA1/Truco-AI/game/agents/RL-Agents/q_tables/exp2_vs_rational_789987.pkl,J1,11,30,30,11,12,1,11
460,random,q_learning,N/A,/home/renzo/Escritorio/fac/IA1/Truco-AI/game/agents/RL-Agents/q_tables/exp2_vs_rational_789987.pkl,J1,9,30,30,9,8,1,7
461,random,q_learning,N/A,/home/renzo/Escritorio/fac/IA1/Truco-AI/game/agents/RL-Agents/q_tables/exp2_vs_rational_789987.pkl,J1,2,30,30,2,4,1,3
462,random,q_learning,N/A,/home/renzo/Escritorio/fac/IA1/Truco-AI/game/agents/RL-Agents/q_tables/exp2_vs_rational_789987.pkl,J1,20,30,30,20,15,4,11
463,random,q_learning,N/A,/home/renzo/Escritorio/fac/IA1/Truco-AI/game/agents/RL-Agents/q_tables/exp2_vs_rational_789987.pkl,J1,6,30,30,6,9,3,6
464,random,q_learning,N/A,/home/renzo/Escritorio/fac/IA1/Truco-AI/game/agents/RL-Agents/q_tables/exp2_vs_rational_789987.pkl,J0,30,8,8,30,2,1,1
465,random,q_learning,N/A,/home/renzo/Escritorio/fac/IA1/Truco-AI/game/agents/RL-Agents/q_tables/exp2_vs_rational_789987.pkl,J1,10,30,30,10,5,2,3
466,random,q_learning,N/A,/home/renzo/Escritorio/fac/IA1/Truco-AI/game/agents/RL-Agents/q_tables/exp2_vs_rational_789987.pkl,J0,30,0,0,30,0,0,0
467,random,q_learning,N/A,/home/renzo/Escritorio/fac/IA1/Truco-AI/game/agents/RL-Agents/q_tables/exp2_vs_rational_789987.pkl,J1,17,30,30,17,8,0,8
468,random,q_learning,N/A,/home/renzo/Escritorio/fac/IA1/Truco-AI/game/agents/RL-Agents/q_tables/exp2_vs_rational_789987.pkl,J1,1,30,30,1,1,0,1
469,random,q_learning,N/A,/home/renzo/Escritorio/fac/IA1/Truco-AI/game/agents/RL-Agents/q_tables/exp2_vs_rational_789987.pkl,J1,24,30,30,24,15,0,15
470,random,q_learning,N/A,/home/renzo/Escritorio/fac/IA1/Truco-AI/game/agents/RL-Agents/q_tables/exp2_vs_rational_789987.pkl,J1,0,30,30,0,7,0,7
471,random,q_learning,N/A,/home/renzo/Escritorio/fac/IA1/Truco-AI/game/agents/RL-Agents/q_tables/exp2_vs_rational_789987.pkl,J1,0,30,30,0,0,0,0
472,random,q_learning,N/A,/home/renzo/Escritorio/fac/IA1/Truco-AI/game/agents/RL-Agents/q_tables/exp2_vs_rational_789987.pkl,J1,7,30,30,7,12,3,9
473,random,q_learning,N/A,/home/renzo/Escritorio/fac/IA1/Truco-AI/game/agents/RL-Agents/q_tables/exp2_vs_rational_789987.pkl,J0,30,0,0,30,1,1,0
474,random,q_learning,N/A,/home/renzo/Escritorio/fac/IA1/Truco-AI/game/agents/RL-Agents/q_tables/exp2_vs_rational_789987.pkl,J1,1,30,30,1,1,0,1
475,random,q_learning,N/A,/home/renzo/Escritorio/fac/IA1/Truco-AI/game/agents/RL-Agents/q_tables/exp2_vs_rational_789987.pkl,J1,9,30,30,9,13,4,9
476,random,q_learning,N/A,/home/renzo/Escritorio/fac/IA1/Truco-AI/game/agents/RL-Agents/q_tables/exp2_vs_rational_789987.pkl,J1,7,30,30,7,3,1,2
477,random,q_learning,N/A,/home/renzo/Escritorio/fac/IA1/Truco-AI/game/agents/RL-Agents/q_tables/exp2_vs_rational_789987.pkl,J1,2,30,30,2,3,0,3
478,random,q_learning,N/A,/home/renzo/Escritorio/fac/IA1/Truco-AI/game/agents/RL-Agents/q_tables/exp2_vs_rational_789987.pkl,J1,16,30,30,16,8,1,7
479,random,q_learning,N/A,/home/renzo/Escritorio/fac/IA1/Truco-AI/game/agents/RL-Agents/q_tables/exp2_vs_rational_789987.pkl,J1,1,30,30,1,2,0,2
480,random,q_learning,N/A,/home/renzo/Escritorio/fac/IA1/Truco-AI/game/agents/RL-Agents/q_tables/exp2_vs_rational_789987.pkl,J1,28,30,30,28,15,2,13
481,random,q_learning,N/A,/home/renzo/Escritorio/fac/IA1/Truco-AI/game/agents/RL-Agents/q_tables/exp2_vs_rational_789987.pkl,J0,30,17,17,30,8,0,8
482,random,q_learning,N/A,/home/renzo/Escritorio/fac/IA1/Truco-AI/game/agents/RL-Agents/q_tables/exp2_vs_rational_789987.pkl,J0,30,17,17,30,5,2,3
483,random,q_learning,N/A,/home/renzo/Escritorio/fac/IA1/Truco-AI/game/agents/RL-Agents/q_tables/exp2_vs_rational_789987.pkl,J1,0,30,30,0,1,0,1
484,random,q_learning,N/A,/home/renzo/Escritorio/fac/IA1/Truco-AI/game/agents/RL-Agents/q_tables/exp2_vs_rational_789987.pkl,J1,29,30,30,29,12,4,8
485,random,q_learning,N/A,/home/renzo/Escritorio/fac/IA1/Truco-AI/game/agents/RL-Agents/q_tables/exp2_vs_rational_789987.pkl,J0,30,0,0,30,0,0,0
486,random,q_learning,N/A,/home/renzo/Escritorio/fac/IA1/Truco-AI/game/agents/RL-Agents/q_tables/exp2_vs_rational_789987.pkl,J1,2,30,30,2,3,1,2
487,random,q_learning,N/A,/home/renzo/Escritorio/fac/IA1/Truco-AI/game/agents/RL-Agents/q_tables/exp2_vs_rational_789987.pkl,J0,30,0,0,30,3,3,0
488,random,q_learning,N/A,/home/renzo/Escritorio/fac/IA1/Truco-AI/game/agents/RL-Agents/q_tables/exp2_vs_rational_789987.pkl,J1,2,30,30,2,4,0,4
489,random,q_learning,N/A,/home/renzo/Escritorio/fac/IA1/Truco-AI/game/agents/RL-Agents/q_tables/exp2_vs_rational_789987.pkl,J1,13,30,30,13,17,2,15
490,random,q_learning,N/A,/home/renzo/Escritorio/fac/IA1/Truco-AI/game/agents/RL-Agents/q_tables/exp2_vs_rational_789987.pkl,J1,16,30,30,16,11,0,11
491,random,q_learning,N/A,/home/renzo/Escritorio/fac/IA1/Truco-AI/game/agents/RL-Agents/q_tables/exp2_vs_rational_789987.pkl,J1,0,30,30,0,0,0,0
492,random,q_learning,N/A,/home/renzo/Escritorio/fac/IA1/Truco-AI/game/agents/RL-Agents/q_tables/exp2_vs_rational_789987.pkl,J0,30,10,10,30,4,0,4
493,random,q_learning,N/A,/home/renzo/Escritorio/fac/IA1/Truco-AI/game/agents/RL-Agents/q_tables/exp2_vs_rational_789987.pkl,J1,10,30,30,10,6,1,5
494,random,q_learning,N/A,/home/renzo/Escritorio/fac/IA1/Truco-AI/game/agents/RL-Agents/q_tables/exp2_vs_rational_789987.pkl,J0,30,27,27,30,13,1,12
495,random,q_learning,N/A,/home/renzo/Escritorio/fac/IA1/Truco-AI/game/agents/RL-Agents/q_tables/exp2_vs_rational_789987.pkl,J0,30,2,2,30,3,2,1
496,random,q_learning,N/A,/home/renzo/Escritorio/fac/IA1/Truco-AI/game/agents/RL-Agents/q_tables/exp2_vs_rational_789987.pkl,J1,3,30,30,3,9,1,8
497,random,q_learning,N/A,/home/renzo/Escritorio/fac/IA1/Truco-AI/game/agents/RL-Agents/q_tables/exp2_vs_rational_789987.pkl,J1,5,30,30,5,7,2,5
498,random,q_learning,N/A,/home/renzo/Escritorio/fac/IA1/Truco-AI/game/agents/RL-Agents/q_tables/exp2_vs_rational_789987.pkl,J0,30,0,0,30,1,1,0
499,random,q_learning,N/A,/home/renzo/Escritorio/fac/IA1/Truco-AI/game/agents/RL-Agents/q_tables/exp2_vs_rational_789987.pkl,J1,1,30,30,1,1,0,1
500,random,q_learning,N/A,/home/renzo/Escritorio/fac/IA1/Truco-AI/game/agents/RL-Agents/q_tables/exp2_vs_rational_789987.pkl,J0,30,0,0,30,0,0,0
501,random,q_learning,N/A,/home/renzo/Escritorio/fac/IA1/Truco-AI/game/agents/RL-Agents/q_tables/exp2_vs_rational_789987.pkl,J1,4,30,30,4,5,2,3
502,random,q_learning,N/A,/home/renzo/Escritorio/fac/IA1/Truco-AI/game/agents/RL-Agents/q_tables/exp2_vs_rational_789987.pkl,J0,30,9,9,30,6,2,4
503,random,q_learning,N/A,/home/renzo/Escritorio/fac/IA1/Truco-AI/game/agents/RL-Agents/q_tables/exp2_vs_rational_789987.pkl,J0,30,10,10,30,5,1,4
504,random,q_learning,N/A,/home/renzo/Escritorio/fac/IA1/Truco-AI/game/agents/RL-Agents/q_tables/exp2_vs_rational_789987.pkl,J1,17,30,30,17,8,1,7
505,random,q_learning,N/A,/home/renzo/Escritorio/fac/IA1/Truco-AI/game/agents/RL-Agents/q_tables/exp2_vs_rational_789987.pkl,J0,30,24,24,30,8,2,6
506,random,q_learning,N/A,/home/renzo/Escritorio/fac/IA1/Truco-AI/game/agents/RL-Agents/q_tables/exp2_vs_rational_789987.pkl,J0,30,7,7,30,3,0,3
507,random,q_learning,N/A,/home/renzo/Escritorio/fac/IA1/Truco-AI/game/agents/RL-Agents/q_tables/exp2_vs_rational_789987.pkl,J1,7,30,30,7,11,2,9
508,random,q_learning,N/A,/home/renzo/Escritorio/fac/IA1/Truco-AI/game/agents/RL-Agents/q_tables/exp2_vs_rational_789987.pkl,J0,30,3,3,30,3,1,2
509,random,q_learning,N/A,/home/renzo/Escritorio/fac/IA1/Truco-AI/game/agents/RL-Agents/q_tables/exp2_vs_rational_789987.pkl,J1,0,30,30,0,1,0,1
510,random,q_learning,N/A,/home/renzo/Escritorio/fac/IA1/Truco-AI/game/agents/RL-Agents/q_tables/exp2_vs_rational_789987.pkl,J1,8,30,30,8,5,1,4
511,random,q_learning,N/A,/home/renzo/Escritorio/fac/IA1/Truco-AI/game/agents/RL-Agents/q_tables/exp2_vs_rational_789987.pkl,J1,0,30,30,0,1,0,1
512,random,q_learning,N/A,/home/renzo/Escritorio/fac/IA1/Truco-AI/game/agents/RL-Agents/q_tables/exp2_vs_rational_789987.pkl,J1,0,30,30,0,0,0,0
513,random,q_learning,N/A,/home/renzo/Escritorio/fac/IA1/Truco-AI/game/agents/RL-Agents/q_tables/exp2_vs_rational_789987.pkl,J1,0,30,30,0,4,0,4
514,random,q_learning,N/A,/home/renzo/Escritorio/fac/IA1/Truco-AI/game/agents/RL-Agents/q_tables/exp2_vs_rational_789987.pkl,J0,30,0,0,30,0,0,0
515,random,q_learning,N/A,/home/renzo/Escritorio/fac/IA1/Truco-AI/game/agents/RL-Agents/q_tables/exp2_vs_rational_789987.pkl,J1,0,30,30,0,1,0,1
516,random,q_learning,N/A,/home/renzo/Escritorio/fac/IA1/Truco-AI/game/agents/RL-Agents/q_tables/exp2_vs_rational_789987.pkl,J1,0,30,30,0,0,0,0
517,random,q_learning,N/A,/home/renzo/Escritorio/fac/IA1/Truco-AI/game/agents/RL-Agents/q_tables/exp2_vs_rational_789987.pkl,J0,30,9,9,30,5,0,5
518,random,q_learning,N/A,/home/renzo/Escritorio/fac/IA1/Truco-AI/game/agents/RL-Agents/q_tables/exp2_vs_rational_789987.pkl,J1,0,30,30,0,1,0,1
519,random,q_learning,N/A,/home/renzo/Escritorio/fac/IA1/Truco-AI/game/agents/RL-Agents/q_tables/exp2_vs_rational_789987.pkl,J1,1,30,30,1,4,1,3
520,random,q_learning,N/A,/home/renzo/Escritorio/fac/IA1/Truco-AI/game/agents/RL-Agents/q_tables/exp2_vs_rational_789987.pkl,J0,30,0,0,30,0,0,0
521,random,q_learning,N/A,/home/renzo/Escritorio/fac/IA1/Truco-AI/game/agents/RL-Agents/q_tables/exp2_vs_rational_789987.pkl,J1,29,30,30,29,11,0,11
522,random,q_learning,N/A,/home/renzo/Escritorio/fac/IA1/Truco-AI/game/agents/RL-Agents/q_tables/exp2_vs_rational_789987.pkl,J1,8,30,30,8,4,2,2
523,random,q_learning,N/A,/home/renzo/Escritorio/fac/IA1/Truco-AI/game/agents/RL-Agents/q_tables/exp2_vs_rational_789987.pkl,J1,0,30,30,0,0,0,0
524,random,q_learning,N/A,/home/renzo/Escritorio/fac/IA1/Truco-AI/game/agents/RL-Agents/q_tables/exp2_vs_rational_789987.pkl,J1,9,30,30,9,7,0,7
525,random,q_learning,N/A,/home/renzo/Escritorio/fac/IA1/Truco-AI/game/agents/RL-Agents/q_tables/exp2_vs_rational_789987.pkl,J1,25,30,30,25,13,3,10
526,random,q_learning,N/A,/home/renzo/Escritorio/fac/IA1/Truco-AI/game/agents/RL-Agents/q_tables/exp2_vs_rational_789987.pkl,J1,6,30,30,6,10,2,8
527,random,q_learning,N/A,/home/renzo/Escritorio/fac/IA1/Truco-AI/game/agents/RL-Agents/q_tables/exp2_vs_rational_789987.pkl,J0,30,18,18,30,8,3,5
528,random,q_learning,N/A,/home/renzo/Escritorio/fac/IA1/Truco-AI/game/agents/RL-Agents/q_tables/exp2_vs_rational_789987.pkl,J1,9,30,30,9,4,1,3
529,random,q_learning,N/A,/home/renzo/Escritorio/fac/IA1/Truco-AI/game/agents/RL-Agents/q_tables/exp2_vs_rational_789987.pkl,J1,0,30,30,0,0,0,0
530,random,q_learning,N/A,/home/renzo/Escritorio/fac/IA1/Truco-AI/game/agents/RL-Agents/q_tables/exp2_vs_rational_789987.pkl,J1,22,30,30,22,9,1,8
531,random,q_learning,N/A,/home/renzo/Escritorio/fac/IA1/Truco-AI/game/agents/RL-Agents/q_tables/exp2_vs_rational_789987.pkl,J1,0,30,30,0,3,0,3
532,random,q_learning,N/A,/home/renzo/Escritorio/fac/IA1/Truco-AI/game/agents/RL-Agents/q_tables/exp2_vs_rational_789987.pkl,J1,7,30,30,7,5,1,4
533,random,q_learning,N/A,/home/renzo/Escritorio/fac/IA1/Truco-AI/game/agents/RL-Agents/q_tables/exp2_vs_rational_789987.pkl,J0,30,16,16,30,7,1,6
534,random,q_learning,N/A,/home/renzo/Escritorio/fac/IA1/Truco-AI/game/agents/RL-Agents/q_tables/exp2_vs_rational_789987.pkl,J1,3,30,30,3,2,0,2
535,random,q_learning,N/A,/home/renzo/Escritorio/fac/IA1/Truco-AI/game/agents/RL-Agents/q_tables/exp2_vs_rational_789987.pkl,J1,2,30,30,2,2,1,1
536,random,q_learning,N/A,/home/renzo/Escritorio/fac/IA1/Truco-AI/game/agents/RL-Agents/q_tables/exp2_vs_rational_789987.pkl,J1,10,30,30,10,12,1,11
537,random,q_learning,N/A,/home/renzo/Escritorio/fac/IA1/Truco-AI/game/agents/RL-Agents/q_tables/exp2_vs_rational_789987.pkl,J1,4,30,30,4,4,0,4
538,random,q_learning,N/A,/home/renzo/Escritorio/fac/IA1/Truco-AI/game/agents/RL-Agents/q_tables/exp2_vs_rational_789987.pkl,J1,7,30,30,7,12,3,9
539,random,q_learning,N/A,/home/renzo/Escritorio/fac/IA1/Truco-AI/game/agents/RL-Agents/q_tables/exp2_vs_rational_789987.pkl,J1,2,30,30,2,2,0,2
540,random,q_learning,N/A,/home/renzo/Escritorio/fac/IA1/Truco-AI/game/agents/RL-Agents/q_tables/exp2_vs_rational_789987.pkl,J1,3,30,30,3,3,1,2
541,random,q_learning,N/A,/home/renzo/Escritorio/fac/IA1/Truco-AI/game/agents/RL-Agents/q_tables/exp2_vs_rational_789987.pkl,J1,7,30,30,7,10,1,9
542,random,q_learning,N/A,/home/renzo/Escritorio/fac/IA1/Truco-AI/game/agents/RL-Agents/q_tables/exp2_vs_rational_789987.pkl,J1,9,30,30,9,5,1,4
543,random,q_learning,N/A,/home/renzo/Escritorio/fac/IA1/Truco-AI/game/agents/RL-Agents/q_tables/exp2_vs_rational_789987.pkl,J1,9,30,30,9,10,3,7
544,random,q_learning,N/A,/home/renzo/Escritorio/fac/IA1/Truco-AI/game/agents/RL-Agents/q_tables/exp2_vs_rational_789987.pkl,J0,30,13,13,30,8,1,7
545,random,q_learning,N/A,/home/renzo/Escritorio/fac/IA1/Truco-AI/game/agents/RL-Agents/q_tables/exp2_vs_rational_789987.pkl,J0,30,0,0,30,0,0,0
546,random,q_learning,N/A,/home/renzo/Escritorio/fac/IA1/Truco-AI/game/agents/RL-Agents/q_tables/exp2_vs_rational_789987.pkl,J1,1,30,30,1,3,0,3
547,random,q_learning,N/A,/home/renzo/Escritorio/fac/IA1/Truco-AI/game/agents/RL-Agents/q_tables/exp2_vs_rational_789987.pkl,J1,0,30,30,0,0,0,0
548,random,q_learning,N/A,/home/renzo/Escritorio/fac/IA1/Truco-AI/game/agents/RL-Agents/q_tables/exp2_vs_rational_789987.pkl,J0,30,7,7,30,3,0,3
549,random,q_learning,N/A,/home/renzo/Escritorio/fac/IA1/Truco-AI/game/agents/RL-Agents/q_tables/exp2_vs_rational_789987.pkl,J1,16,30,30,16,9,2,7
550,random,q_learning,N/A,/home/renzo/Escritorio/fac/IA1/Truco-AI/game/agents/RL-Agents/q_tables/exp2_vs_rational_789987.pkl,J1,12,30,30,12,5,1,4
551,random,q_learning,N/A,/home/renzo/Escritorio/fac/IA1/Truco-AI/game/agents/RL-Agents/q_tables/exp2_vs_rational_789987.pkl,J1,17,30,30,17,13,5,8
552,random,q_learning,N/A,/home/renzo/Escritorio/fac/IA1/Truco-AI/game/agents/RL-Agents/q_tables/exp2_vs_rational_789987.pkl,J0,30,2,2,30,1,0,1
553,random,q_learning,N/A,/home/renzo/Escritorio/fac/IA1/Truco-AI/game/agents/RL-Agents/q_tables/exp2_vs_rational_789987.pkl,J0,30,3,3,30,4,1,3
554,random,q_learning,N/A,/home/renzo/Escritorio/fac/IA1/Truco-AI/game/agents/RL-Agents/q_tables/exp2_vs_rational_789987.pkl,J1,0,30,30,0,5,0,5
555,random,q_learning,N/A,/home/renzo/Escritorio/fac/IA1/Truco-AI/game/agents/RL-Agents/q_tables/exp2_vs_rational_789987.pkl,J1,2,30,30,2,6,0,6
556,random,q_learning,N/A,/home/renzo/Escritorio/fac/IA1/Truco-AI/game/agents/RL-Agents/q_tables/exp2_vs_rational_789987.pkl,J0,30,0,0,30,0,0,0
557,random,q_learning,N/A,/home/renzo/Escritorio/fac/IA1/Truco-AI/game/agents/RL-Agents/q_tables/exp2_vs_rational_789987.pkl,J1,9,30,30,9,5,0,5
558,random,q_learning,N/A,/home/renzo/Escritorio/fac/IA1/Truco-AI/game/agents/RL-Agents/q_tables/exp2_vs_rational_789987.pkl,J1,17,30,30,17,14,5,9
559,random,q_learning,N/A,/home/renzo/Escritorio/fac/IA1/Truco-AI/game/agents/RL-Agents/q_tables/exp2_vs_rational_789987.pkl,J0,30,0,0,30,0,0,0
560,random,q_learning,N/A,/home/renzo/Escritorio/fac/IA1/Truco-AI/game/agents/RL-Agents/q_tables/exp2_vs_rational_789987.pkl,J1,21,30,30,21,9,0,9
561,random,q_learning,N/A,/home/renzo/Escritorio/fac/IA1/Truco-AI/game/agents/RL-Agents/q_tables/exp2_vs_rational_789987.pkl,J0,30,0,0,30,0,0,0
562,random,q_learning,N/A,/home/renzo/Escritorio/fac/IA1/Truco-AI/game/agents/RL-Agents/q_tables/exp2_vs_rational_789987.pkl,J1,2,30,30,2,3,0,3
563,random,q_learning,N/A,/home/renzo/Escritorio/fac/IA1/Truco-AI/game/agents/RL-Agents/q_tables/exp2_vs_rational_789987.pkl,J1,5,30,30,5,5,2,3
564,random,q_learning,N/A,/home/renzo/Escritorio/fac/IA1/Truco-AI/game/agents/RL-Agents/q_tables/exp2_vs_rational_789987.pkl,J1,0,30,30,0,0,0,0
565,random,q_learning,N/A,/home/renzo/Escritorio/fac/IA1/Truco-AI/game/agents/RL-Agents/q_tables/exp2_vs_rational_789987.pkl,J0,30,0,0,30,1,1,0
566,random,q_learning,N/A,/home/renzo/Escritorio/fac/IA1/Truco-AI/game/agents/RL-Agents/q_tables/exp2_vs_rational_789987.pkl,J0,30,1,1,30,1,0,1
567,random,q_learning,N/A,/home/renzo/Escritorio/fac/IA1/Truco-AI/game/agents/RL-Agents/q_tables/exp2_vs_rational_789987.pkl,J1,0,30,30,0,1,0,1
568,random,q_learning,N/A,/home/renzo/Escritorio/fac/IA1/Truco-AI/game/agents/RL-Agents/q_tables/exp2_vs_rational_789987.pkl,J1,8,30,30,8,5,1,4
569,random,q_learning,N/A,/home/renzo/Escritorio/fac/IA1/Truco-AI/game/agents/RL-Agents/q_tables/exp2_vs_rational_789987.pkl,J1,6,30,30,6,11,2,9
570,random,q_learning,N/A,/home/renzo/Escritorio/fac/IA1/Truco-AI/game/agents/RL-Agents/q_tables/exp2_vs_rational_789987.pkl,J0,30,24,24,30,10,2,8
571,random,q_learning,N/A,/home/renzo/Escritorio/fac/IA1/Truco-AI/game/agents/RL-Agents/q_tables/exp2_vs_rational_789987.pkl,J1,2,30,30,2,6,1,5
572,random,q_learning,N/A,/home/renzo/Escritorio/fac/IA1/Truco-AI/game/agents/RL-Agents/q_tables/exp2_vs_rational_789987.pkl,J1,6,30,30,6,3,1,2
573,random,q_learning,N/A,/home/renzo/Escritorio/fac/IA1/Truco-AI/game/agents/RL-Agents/q_tables/exp2_vs_rational_789987.pkl,J1,23,30,30,23,12,4,8
574,random,q_learning,N/A,/home/renzo/Escritorio/fac/IA1/Truco-AI/game/agents/RL-Agents/q_tables/exp2_vs_rational_789987.pkl,J0,30,14,14,30,6,2,4
575,random,q_learning,N/A,/home/renzo/Escritorio/fac/IA1/Truco-AI/game/agents/RL-Agents/q_tables/exp2_vs_rational_789987.pkl,J0,30,0,0,30,0,0,0
576,random,q_learning,N/A,/home/renzo/Escritorio/fac/IA1/Truco-AI/game/agents/RL-Agents/q_tables/exp2_vs_rational_789987.pkl,J1,4,30,30,4,4,0,4
577,random,q_learning,N/A,/home/renzo/Escritorio/fac/IA1/Truco-AI/game/agents/RL-Agents/q_tables/exp2_vs_rational_789987.pkl,J1,13,30,30,13,4,3,1
578,random,q_learning,N/A,/home/renzo/Escritorio/fac/IA1/Truco-AI/game/agents/RL-Agents/q_tables/exp2_vs_rational_789987.pkl,J1,0,30,30,0,0,0,0
579,random,q_learning,N/A,/home/renzo/Escritorio/fac/IA1/Truco-AI/game/agents/RL-Agents/q_tables/exp2_vs_rational_789987.pkl,J1,12,30,30,12,5,2,3
580,random,q_learning,N/A,/home/renzo/Escritorio/fac/IA1/Truco-AI/game/agents/RL-Agents/q_tables/exp2_vs_rational_789987.pkl,J1,29,30,30,29,16,4,12
581,random,q_learning,N/A,/home/renzo/Escritorio/fac/IA1/Truco-AI/game/agents/RL-Agents/q_tables/exp2_vs_rational_789987.pkl,J1,0,30,30,0,2,0,2
582,random,q_learning,N/A,/home/renzo/Escritorio/fac/IA1/Truco-AI/game/agents/RL-Agents/q_tables/exp2_vs_rational_789987.pkl,J0,30,11,11,30,7,2,5
583,random,q_learning,N/A,/home/renzo/Escritorio/fac/IA1/Truco-AI/game/agents/RL-Agents/q_tables/exp2_vs_rational_789987.pkl,J0,30,16,16,30,10,2,8
584,random,q_learning,N/A,/home/renzo/Escritorio/fac/IA1/Truco-AI/game/agents/RL-Agents/q_tables/exp2_vs_rational_789987.pkl,J1,0,30,30,0,0,0,0
585,random,q_learning,N/A,/home/renzo/Escritorio/fac/IA1/Truco-AI/game/agents/RL-Agents/q_tables/exp2_vs_rational_789987.pkl,J1,11,30,30,11,15,1,14
586,random,q_learning,N/A,/home/renzo/Escritorio/fac/IA1/Truco-AI/game/agents/RL-Agents/q_tables/exp2_vs_rational_789987.pkl,J1,0,30,30,0,3,0,3
587,random,q_learning,N/A,/home/renzo/Escritorio/fac/IA1/Truco-AI/game/agents/RL-Agents/q_tables/exp2_vs_rational_789987.pkl,J1,26,30,30,26,8,3,5
588,random,q_learning,N/A,/home/renzo/Escritorio/fac/IA1/Truco-AI/game/agents/RL-Agents/q_tables/exp2_vs_rational_789987.pkl,J1,1,30,30,1,2,0,2
589,random,q_learning,N/A,/home/renzo/Escritorio/fac/IA1/Truco-AI/game/agents/RL-Agents/q_tables/exp2_vs_rational_789987.pkl,J1,0,30,30,0,1,0,1
590,random,q_learning,N/A,/home/renzo/Escritorio/fac/IA1/Truco-AI/game/agents/RL-Agents/q_tables/exp2_vs_rational_789987.pkl,J0,30,0,0,30,0,0,0
591,random,q_learning,N/A,/home/renzo/Escritorio/fac/IA1/Truco-AI/game/agents/RL-Agents/q_tables/exp2_vs_rational_789987.pkl,J0,30,0,0,30,0,0,0
592,random,q_learning,N/A,/home/renzo/Escritorio/fac/IA1/Truco-AI/game/agents/RL-Agents/q_tables/exp2_vs_rational_789987.pkl,J1,11,30,30,11,6,1,5
593,random,q_learning,N/A,/home/renzo/Escritorio/fac/IA1/Truco-AI/game/agents/RL-Agents/q_tables/exp2_vs_rational_789987.pkl,J1,7,30,30,7,5,1,4
594,random,q_learning,N/A,/home/renzo/Escritorio/fac/IA1/Truco-AI/game/agents/RL-Agents/q_tables/exp2_vs_rational_789987.pkl,J0,30,9,9,30,5,2,3
595,random,q_learning,N/A,/home/renzo/Escritorio/fac/IA1/Truco-AI/game/agents/RL-Agents/q_tables/exp2_vs_rational_789987.pkl,J1,7,30,30,7,6,1,5
596,random,q_learning,N/A,/home/renzo/Escritorio/fac/IA1/Truco-AI/game/agents/RL-Agents/q_tables/exp2_vs_rational_789987.pkl,J1,11,30,30,11,14,2,12
597,random,q_learning,N/A,/home/renzo/Escritorio/fac/IA1/Truco-AI/game/agents/RL-Agents/q_tables/exp2_vs_rational_789987.pkl,J0,30,19,19,30,6,2,4
598,random,q_learning,N/A,/home/renzo/Escritorio/fac/IA1/Truco-AI/game/agents/RL-Agents/q_tables/exp2_vs_rational_789987.pkl,J0,30,11,11,30,6,0,6
599,random,q_learning,N/A,/home/renzo/Escritorio/fac/IA1/Truco-AI/game/agents/RL-Agents/q_tables/exp2_vs_rational_789987.pkl,J0,30,5,5,30,3,1,2
600,random,q_learning,N/A,/home/renzo/Escritorio/fac/IA1/Truco-AI/game/agents/RL-Agents/q_tables/exp2_vs_rational_789987.pkl,J1,11,30,30,11,6,1,5
601,random,q_learning,N/A,/home/renzo/Escritorio/fac/IA1/Truco-AI/game/agents/RL-Agents/q_tables/exp2_vs_rational_789987.pkl,J1,0,30,30,0,1,0,1
602,random,q_learning,N/A,/home/renzo/Escritorio/fac/IA1/Truco-AI/game/agents/RL-Agents/q_tables/exp2_vs_rational_789987.pkl,J1,3,30,30,3,3,1,2
603,random,q_learning,N/A,/home/renzo/Escritorio/fac/IA1/Truco-AI/game/agents/RL-Agents/q_tables/exp2_vs_rational_789987.pkl,J1,1,30,30,1,2,0,2
604,random,q_learning,N/A,/home/renzo/Escritorio/fac/IA1/Truco-AI/game/agents/RL-Agents/q_tables/exp2_vs_rational_789987.pkl,J0,30,5,5,30,2,0,2
605,random,q_learning,N/A,/home/renzo/Escritorio/fac/IA1/Truco-AI/game/agents/RL-Agents/q_tables/exp2_vs_rational_789987.pkl,J0,30,4,4,30,3,0,3
606,random,q_learning,N/A,/home/renzo/Escritorio/fac/IA1/Truco-AI/game/agents/RL-Agents/q_tables/exp2_vs_rational_789987.pkl,J0,30,5,5,30,2,0,2
607,random,q_learning,N/A,/home/renzo/Escritorio/fac/IA1/Truco-AI/game/agents/RL-Agents/q_tables/exp2_vs_rational_789987.pkl,J1,17,30,30,17,11,1,10
608,random,q_learning,N/A,/home/renzo/Escritorio/fac/IA1/Truco-AI/game/agents/RL-Agents/q_tables/exp2_vs_rational_789987.pkl,J1,22,30,30,22,16,3,13
609,random,q_learning,N/A,/home/renzo/Escritorio/fac/IA1/Truco-AI/game/agents/RL-Agents/q_tables/exp2_vs_rational_789987.pkl,J1,8,30,30,8,8,2,6
610,random,q_learning,N/A,/home/renzo/Escritorio/fac/IA1/Truco-AI/game/agents/RL-Agents/q_tables/exp2_vs_rational_789987.pkl,J1,16,30,30,16,10,3,7
611,random,q_learning,N/A,/home/renzo/Escritorio/fac/IA1/Truco-AI/game/agents/RL-Agents/q_tables/exp2_vs_rational_789987.pkl,J0,30,25,25,30,10,3,7
612,random,q_learning,N/A,/home/renzo/Escritorio/fac/IA1/Truco-AI/game/agents/RL-Agents/q_tables/exp2_vs_rational_789987.pkl,J0,30,0,0,30,0,0,0
613,random,q_learning,N/A,/home/renzo/Escritorio/fac/IA1/Truco-AI/game/agents/RL-Agents/q_tables/exp2_vs_rational_789987.pkl,J0,30,26,26,30,10,0,10
614,random,q_learning,N/A,/home/renzo/Escritorio/fac/IA1/Truco-AI/game/agents/RL-Agents/q_tables/exp2_vs_rational_789987.pkl,J1,11,30,30,11,6,1,5
615,random,q_learning,N/A,/home/renzo/Escritorio/fac/IA1/Truco-AI/game/agents/RL-Agents/q_tables/exp2_vs_rational_789987.pkl,J0,30,6,6,30,3,0,3
616,random,q_learning,N/A,/home/renzo/Escritorio/fac/IA1/Truco-AI/game/agents/RL-Agents/q_tables/exp2_vs_rational_789987.pkl,J1,21,30,30,21,18,5,13
617,random,q_learning,N/A,/home/renzo/Escritorio/fac/IA1/Truco-AI/game/agents/RL-Agents/q_tables/exp2_vs_rational_789987.pkl,J0,30,2,2,30,2,0,2
618,random,q_learning,N/A,/home/renzo/Escritorio/fac/IA1/Truco-AI/game/agents/RL-Agents/q_tables/exp2_vs_rational_789987.pkl,J0,30,5,5,30,4,1,3
619,random,q_learning,N/A,/home/renzo/Escritorio/fac/IA1/Truco-AI/game/agents/RL-Agents/q_tables/exp2_vs_rational_789987.pkl,J0,30,0,0,30,0,0,0
620,random,q_learning,N/A,/home/renzo/Escritorio/fac/IA1/Truco-AI/game/agents/RL-Agents/q_tables/exp2_vs_rational_789987.pkl,J1,23,30,30,23,12,1,11
621,random,q_learning,N/A,/home/renzo/Escritorio/fac/IA1/Truco-AI/game/agents/RL-Agents/q_tables/exp2_vs_rational_789987.pkl,J1,16,30,30,16,12,3,9
622,random,q_learning,N/A,/home/renzo/Escritorio/fac/IA1/Truco-AI/game/agents/RL-Agents/q_tables/exp2_vs_rational_789987.pkl,J1,0,30,30,0,0,0,0
623,random,q_learning,N/A,/home/renzo/Escritorio/fac/IA1/Truco-AI/game/agents/RL-Agents/q_tables/exp2_vs_rational_789987.pkl,J0,30,25,25,30,16,3,13
624,random,q_learning,N/A,/home/renzo/Escritorio/fac/IA1/Truco-AI/game/agents/RL-Agents/q_tables/exp2_vs_rational_789987.pkl,J1,3,30,30,3,5,1,4
625,random,q_learning,N/A,/home/renzo/Escritorio/fac/IA1/Truco-AI/game/agents/RL-Agents/q_tables/exp2_vs_rational_789987.pkl,J1,0,30,30,0,0,0,0
626,random,q_learning,N/A,/home/renzo/Escritorio/fac/IA1/Truco-AI/game/agents/RL-Agents/q_tables/exp2_vs_rational_789987.pkl,J1,26,30,30,26,17,3,14
627,random,q_learning,N/A,/home/renzo/Escritorio/fac/IA1/Truco-AI/game/agents/RL-Agents/q_tables/exp2_vs_rational_789987.pkl,J1,9,30,30,9,5,3,2
628,random,q_learning,N/A,/home/renzo/Escritorio/fac/IA1/Truco-AI/game/agents/RL-Agents/q_tables/exp2_vs_rational_789987.pkl,J0,30,0,0,30,0,0,0
629,random,q_learning,N/A,/home/renzo/Escritorio/fac/IA1/Truco-AI/game/agents/RL-Agents/q_tables/exp2_vs_rational_789987.pkl,J1,2,30,30,2,5,0,5
630,random,q_learning,N/A,/home/renzo/Escritorio/fac/IA1/Truco-AI/game/agents/RL-Agents/q_tables/exp2_vs_rational_789987.pkl,J1,1,30,30,1,3,0,3
631,random,q_learning,N/A,/home/renzo/Escritorio/fac/IA1/Truco-AI/game/agents/RL-Agents/q_tables/exp2_vs_rational_789987.pkl,J1,4,30,30,4,3,0,3
632,random,q_learning,N/A,/home/renzo/Escritorio/fac/IA1/Truco-AI/game/agents/RL-Agents/q_tables/exp2_vs_rational_789987.pkl,J1,6,30,30,6,3,1,2
633,random,q_learning,N/A,/home/renzo/Escritorio/fac/IA1/Truco-AI/game/agents/RL-Agents/q_tables/exp2_vs_rational_789987.pkl,J1,2,30,30,2,5,0,5
634,random,q_learning,N/A,/home/renzo/Escritorio/fac/IA1/Truco-AI/game/agents/RL-Agents/q_tables/exp2_vs_rational_789987.pkl,J0,30,0,0,30,0,0,0
635,random,q_learning,N/A,/home/renzo/Escritorio/fac/IA1/Truco-AI/game/agents/RL-Agents/q_tables/exp2_vs_rational_789987.pkl,J1,1,30,30,1,2,0,2
636,random,q_learning,N/A,/home/renzo/Escritorio/fac/IA1/Truco-AI/game/agents/RL-Agents/q_tables/exp2_vs_rational_789987.pkl,J1,3,30,30,3,5,1,4
637,random,q_learning,N/A,/home/renzo/Escritorio/fac/IA1/Truco-AI/game/agents/RL-Agents/q_tables/exp2_vs_rational_789987.pkl,J1,5,30,30,5,6,1,5
638,random,q_learning,N/A,/home/renzo/Escritorio/fac/IA1/Truco-AI/game/agents/RL-Agents/q_tables/exp2_vs_rational_789987.pkl,J0,30,23,23,30,11,0,11
639,random,q_learning,N/A,/home/renzo/Escritorio/fac/IA1/Truco-AI/game/agents/RL-Agents/q_tables/exp2_vs_rational_789987.pkl,J1,0,30,30,0,0,0,0
640,random,q_learning,N/A,/home/renzo/Escritorio/fac/IA1/Truco-AI/game/agents/RL-Agents/q_tables/exp2_vs_rational_789987.pkl,J1,4,30,30,4,2,1,1
641,random,q_learning,N/A,/home/renzo/Escritorio/fac/IA1/Truco-AI/game/agents/RL-Agents/q_tables/exp2_vs_rational_789987.pkl,J1,7,30,30,7,6,2,4
642,random,q_learning,N/A,/home/renzo/Escritorio/fac/IA1/Truco-AI/game/agents/RL-Agents/q_tables/exp2_vs_rational_789987.pkl,J0,30,13,13,30,7,1,6
643,random,q_learning,N/A,/home/renzo/Escritorio/fac/IA1/Truco-AI/game/agents/RL-Agents/q_tables/exp2_vs_rational_789987.pkl,J0,30,20,20,30,10,4,6
644,random,q_learning,N/A,/home/renzo/Escritorio/fac/IA1/Truco-AI/game/agents/RL-Agents/q_tables/exp2_vs_rational_789987.pkl,J1,2,30,30,2,2,0,2
645,random,q_learning,N/A,/home/renzo/Escritorio/fac/IA1/Truco-AI/game/agents/RL-Agents/q_tables/exp2_vs_rational_789987.pkl,J1,7,30,30,7,9,3,6
646,random,q_learning,N/A,/home/renzo/Escritorio/fac/IA1/Truco-AI/game/agents/RL-Agents/q_tables/exp2_vs_rational_789987.pkl,J1,3,30,30,3,3,0,3
647,random,q_learning,N/A,/home/renzo/Escritorio/fac/IA1/Truco-AI/game/agents/RL-Agents/q_tables/exp2_vs_rational_789987.pkl,J0,30,15,15,30,6,2,4
648,random,q_learning,N/A,/home/renzo/Escritorio/fac/IA1/Truco-AI/game/agents/RL-Agents/q_tables/exp2_vs_rational_789987.pkl,J1,12,30,30,12,10,4,6
649,random,q_learning,N/A,/home/renzo/Escritorio/fac/IA1/Truco-AI/game/agents/RL-Agents/q_tables/exp2_vs_rational_789987.pkl,J1,2,30,30,2,4,1,3
650,random,q_learning,N/A,/home/renzo/Escritorio/fac/IA1/Truco-AI/game/agents/RL-Agents/q_tables/exp2_vs_rational_789987.pkl,J1,0,30,30,0,0,0,0
651,random,q_learning,N/A,/home/renzo/Escritorio/fac/IA1/Truco-AI/game/agents/RL-Agents/q_tables/exp2_vs_rational_789987.pkl,J1,0,30,30,0,0,0,0
652,random,q_learning,N/A,/home/renzo/Escritorio/fac/IA1/Truco-AI/game/agents/RL-Agents/q_tables/exp2_vs_rational_789987.pkl,J1,22,30,30,22,13,4,9
653,random,q_learning,N/A,/home/renzo/Escritorio/fac/IA1/Truco-AI/game/agents/RL-Agents/q_tables/exp2_vs_rational_789987.pkl,J1,3,30,30,3,2,2,0
654,random,q_learning,N/A,/home/renzo/Escritorio/fac/IA1/Truco-AI/game/agents/RL-Agents/q_tables/exp2_vs_rational_789987.pkl,J1,0,30,30,0,2,0,2
655,random,q_learning,N/A,/home/renzo/Escritorio/fac/IA1/Truco-AI/game/agents/RL-Agents/q_tables/exp2_vs_rational_789987.pkl,J1,7,30,30,7,4,1,3
656,random,q_learning,N/A,/home/renzo/Escritorio/fac/IA1/Truco-AI/game/agents/RL-Agents/q_tables/exp2_vs_rational_789987.pkl,J1,10,30,30,10,7,1,6
657,random,q_learning,N/A,/home/renzo/Escritorio/fac/IA1/Truco-AI/game/agents/RL-Agents/q_tables/exp2_vs_rational_789987.pkl,J0,30,23,23,30,17,5,12
658,random,q_learning,N/A,/home/renzo/Escritorio/fac/IA1/Truco-AI/game/agents/RL-Agents/q_tables/exp2_vs_rational_789987.pkl,J1,28,30,30,28,11,3,8
659,random,q_learning,N/A,/home/renzo/Escritorio/fac/IA1/Truco-AI/game/agents/RL-Agents/q_tables/exp2_vs_rational_789987.pkl,J1,29,30,30,29,13,2,11
660,random,q_learning,N/A,/home/renzo/Escritorio/fac/IA1/Truco-AI/game/agents/RL-Agents/q_tables/exp2_vs_rational_789987.pkl,J1,16,30,30,16,8,1,7
661,random,q_learning,N/A,/home/renzo/Escritorio/fac/IA1/Truco-AI/game/agents/RL-Agents/q_tables/exp2_vs_rational_789987.pkl,J0,30,1,1,30,2,1,1
662,random,q_learning,N/A,/home/renzo/Escritorio/fac/IA1/Truco-AI/game/agents/RL-Agents/q_tables/exp2_vs_rational_789987.pkl,J0,30,4,4,30,3,0,3
663,random,q_learning,N/A,/home/renzo/Escritorio/fac/IA1/Truco-AI/game/agents/RL-Agents/q_tables/exp2_vs_rational_789987.pkl,J1,2,30,30,2,2,1,1
664,random,q_learning,N/A,/home/renzo/Escritorio/fac/IA1/Truco-AI/game/agents/RL-Agents/q_tables/exp2_vs_rational_789987.pkl,J0,30,0,0,30,0,0,0
665,random,q_learning,N/A,/home/renzo/Escritorio/fac/IA1/Truco-AI/game/agents/RL-Agents/q_tables/exp2_vs_rational_789987.pkl,J0,30,5,5,30,6,2,4
666,random,q_learning,N/A,/home/renzo/Escritorio/fac/IA1/Truco-AI/game/agents/RL-Agents/q_tables/exp2_vs_rational_789987.pkl,J1,11,30,30,11,7,0,7
667,random,q_learning,N/A,/home/renzo/Escritorio/fac/IA1/Truco-AI/game/agents/RL-Agents/q_tables/exp2_vs_rational_789987.pkl,J1,2,30,30,2,3,0,3
668,random,q_learning,N/A,/home/renzo/Escritorio/fac/IA1/Truco-AI/game/agents/RL-Agents/q_tables/exp2_vs_rational_789987.pkl,J1,11,30,30,11,9,3,6
669,random,q_learning,N/A,/home/renzo/Escritorio/fac/IA1/Truco-AI/game/agents/RL-Agents/q_tables/exp2_vs_rational_789987.pkl,J1,0,30,30,0,1,0,1
670,random,q_learning,N/A,/home/renzo/Escritorio/fac/IA1/Truco-AI/game/agents/RL-Agents/q_tables/exp2_vs_rational_789987.pkl,J0,30,17,17,30,14,6,8
671,random,q_learning,N/A,/home/renzo/Escritorio/fac/IA1/Truco-AI/game/agents/RL-Agents/q_tables/exp2_vs_rational_789987.pkl,J1,19,30,30,19,10,4,6
672,random,q_learning,N/A,/home/renzo/Escritorio/fac/IA1/Truco-AI/game/agents/RL-Agents/q_tables/exp2_vs_rational_789987.pkl,J1,4,30,30,4,8,1,7
673,random,q_learning,N/A,/home/renzo/Escritorio/fac/IA1/Truco-AI/game/agents/RL-Agents/q_tables/exp2_vs_rational_789987.pkl,J1,2,30,30,2,5,1,4
674,random,q_learning,N/A,/home/renzo/Escritorio/fac/IA1/Truco-AI/game/agents/RL-Agents/q_tables/exp2_vs_rational_789987.pkl,J1,3,30,30,3,6,1,5
675,random,q_learning,N/A,/home/renzo/Escritorio/fac/IA1/Truco-AI/game/agents/RL-Agents/q_tables/exp2_vs_rational_789987.pkl,J1,4,30,30,4,4,1,3
676,random,q_learning,N/A,/home/renzo/Escritorio/fac/IA1/Truco-AI/game/agents/RL-Agents/q_tables/exp2_vs_rational_789987.pkl,J0,30,10,10,30,5,0,5
677,random,q_learning,N/A,/home/renzo/Escritorio/fac/IA1/Truco-AI/game/agents/RL-Agents/q_tables/exp2_vs_rational_789987.pkl,J1,2,30,30,2,6,0,6
678,random,q_learning,N/A,/home/renzo/Escritorio/fac/IA1/Truco-AI/game/agents/RL-Agents/q_tables/exp2_vs_rational_789987.pkl,J0,30,4,4,30,2,0,2
679,random,q_learning,N/A,/home/renzo/Escritorio/fac/IA1/Truco-AI/game/agents/RL-Agents/q_tables/exp2_vs_rational_789987.pkl,J0,30,0,0,30,0,0,0
680,random,q_learning,N/A,/home/renzo/Escritorio/fac/IA1/Truco-AI/game/agents/RL-Agents/q_tables/exp2_vs_rational_789987.pkl,J1,2,30,30,2,1,0,1
681,random,q_learning,N/A,/home/renzo/Escritorio/fac/IA1/Truco-AI/game/agents/RL-Agents/q_tables/exp2_vs_rational_789987.pkl,J1,4,30,30,4,1,1,0
682,random,q_learning,N/A,/home/renzo/Escritorio/fac/IA1/Truco-AI/game/agents/RL-Agents/q_tables/exp2_vs_rational_789987.pkl,J1,2,30,30,2,7,0,7
683,random,q_learning,N/A,/home/renzo/Escritorio/fac/IA1/Truco-AI/game/agents/RL-Agents/q_tables/exp2_vs_rational_789987.pkl,J0,30,0,0,30,0,0,0
684,random,q_learning,N/A,/home/renzo/Escritorio/fac/IA1/Truco-AI/game/agents/RL-Agents/q_tables/exp2_vs_rational_789987.pkl,J1,16,30,30,16,9,1,8
685,random,q_learning,N/A,/home/renzo/Escritorio/fac/IA1/Truco-AI/game/agents/RL-Agents/q_tables/exp2_vs_rational_789987.pkl,J0,30,0,0,30,0,0,0
686,random,q_learning,N/A,/home/renzo/Escritorio/fac/IA1/Truco-AI/game/agents/RL-Agents/q_tables/exp2_vs_rational_789987.pkl,J0,30,0,0,30,0,0,0
687,random,q_learning,N/A,/home/renzo/Escritorio/fac/IA1/Truco-AI/game/agents/RL-Agents/q_tables/exp2_vs_rational_789987.pkl,J1,16,30,30,16,13,2,11
688,random,q_learning,N/A,/home/renzo/Escritorio/fac/IA1/Truco-AI/game/agents/RL-Agents/q_tables/exp2_vs_rational_789987.pkl,J1,22,30,30,22,10,2,8
689,random,q_learning,N/A,/home/renzo/Escritorio/fac/IA1/Truco-AI/game/agents/RL-Agents/q_tables/exp2_vs_rational_789987.pkl,J0,30,0,0,30,0,0,0
690,random,q_learning,N/A,/home/renzo/Escritorio/fac/IA1/Truco-AI/game/agents/RL-Agents/q_tables/exp2_vs_rational_789987.pkl,J0,30,0,0,30,0,0,0
691,random,q_learning,N/A,/home/renzo/Escritorio/fac/IA1/Truco-AI/game/agents/RL-Agents/q_tables/exp2_vs_rational_789987.pkl,J1,11,30,30,11,6,0,6
692,random,q_learning,N/A,/home/renzo/Escritorio/fac/IA1/Truco-AI/game/agents/RL-Agents/q_tables/exp2_vs_rational_789987.pkl,J1,2,30,30,2,3,0,3
693,random,q_learning,N/A,/home/renzo/Escritorio/fac/IA1/Truco-AI/game/agents/RL-Agents/q_tables/exp2_vs_rational_789987.pkl,J1,8,30,30,8,8,2,6
694,random,q_learning,N/A,/home/renzo/Escritorio/fac/IA1/Truco-AI/game/agents/RL-Agents/q_tables/exp2_vs_rational_789987.pkl,J1,0,30,30,0,0,0,0
695,random,q_learning,N/A,/home/renzo/Escritorio/fac/IA1/Truco-AI/game/agents/RL-Agents/q_tables/exp2_vs_rational_789987.pkl,J0,30,6,6,30,4,0,4
696,random,q_learning,N/A,/home/renzo/Escritorio/fac/IA1/Truco-AI/game/agents/RL-Agents/q_tables/exp2_vs_rational_789987.pkl,J1,0,30,30,0,1,0,1
697,random,q_learning,N/A,/home/renzo/Escritorio/fac/IA1/Truco-AI/game/agents/RL-Agents/q_tables/exp2_vs_rational_789987.pkl,J1,0,30,30,0,0,0,0
698,random,q_learning,N/A,/home/renzo/Escritorio/fac/IA1/Truco-AI/game/agents/RL-Agents/q_tables/exp2_vs_rational_789987.pkl,J0,30,15,15,30,7,2,5
699,random,q_learning,N/A,/home/renzo/Escritorio/fac/IA1/Truco-AI/game/agents/RL-Agents/q_tables/exp2_vs_rational_789987.pkl,J1,4,30,30,4,4,2,2
700,random,q_learning,N/A,/home/renzo/Escritorio/fac/IA1/Truco-AI/game/agents/RL-Agents/q_tables/exp2_vs_rational_789987.pkl,J1,0,30,30,0,0,0,0
701,random,q_learning,N/A,/home/renzo/Escritorio/fac/IA1/Truco-AI/game/agents/RL-Agents/q_tables/exp2_vs_rational_789987.pkl,J1,0,30,30,0,0,0,0
702,random,q_learning,N/A,/home/renzo/Escritorio/fac/IA1/Truco-AI/game/agents/RL-Agents/q_tables/exp2_vs_rational_789987.pkl,J1,10,30,30,10,10,3,7
703,random,q_learning,N/A,/home/renzo/Escritorio/fac/IA1/Truco-AI/game/agents/RL-Agents/q_tables/exp2_vs_rational_789987.pkl,J1,14,30,30,14,12,3,9
704,random,q_learning,N/A,/home/renzo/Escritorio/fac/IA1/Truco-AI/game/agents/RL-Agents/q_tables/exp2_vs_rational_789987.pkl,J1,4,30,30,4,6,1,5
705,random,q_learning,N/A,/home/renzo/Escritorio/fac/IA1/Truco-AI/game/agents/RL-Agents/q_tables/exp2_vs_rational_789987.pkl,J1,0,30,30,0,5,0,5
706,random,q_learning,N/A,/home/renzo/Escritorio/fac/IA1/Truco-AI/game/agents/RL-Agents/q_tables/exp2_vs_rational_789987.pkl,J1,0,30,30,0,0,0,0
707,random,q_learning,N/A,/home/renzo/Escritorio/fac/IA1/Truco-AI/game/agents/RL-Agents/q_tables/exp2_vs_rational_789987.pkl,J1,17,30,30,17,16,3,13
708,random,q_learning,N/A,/home/renzo/Escritorio/fac/IA1/Truco-AI/game/agents/RL-Agents/q_tables/exp2_vs_rational_789987.pkl,J0,30,4,4,30,5,3,2
709,random,q_learning,N/A,/home/renzo/Escritorio/fac/IA1/Truco-AI/game/agents/RL-Agents/q_tables/exp2_vs_rational_789987.pkl,J0,30,16,16,30,4,0,4
710,random,q_learning,N/A,/home/renzo/Escritorio/fac/IA1/Truco-AI/game/agents/RL-Agents/q_tables/exp2_vs_rational_789987.pkl,J1,3,30,30,3,3,2,1
711,random,q_learning,N/A,/home/renzo/Escritorio/fac/IA1/Truco-AI/game/agents/RL-Agents/q_tables/exp2_vs_rational_789987.pkl,J1,12,30,30,12,12,1,11
712,random,q_learning,N/A,/home/renzo/Escritorio/fac/IA1/Truco-AI/game/agents/RL-Agents/q_tables/exp2_vs_rational_789987.pkl,J1,1,30,30,1,2,0,2
713,random,q_learning,N/A,/home/renzo/Escritorio/fac/IA1/Truco-AI/game/agents/RL-Agents/q_tables/exp2_vs_rational_789987.pkl,J1,2,30,30,2,2,1,1
714,random,q_learning,N/A,/home/renzo/Escritorio/fac/IA1/Truco-AI/game/agents/RL-Agents/q_tables/exp2_vs_rational_789987.pkl,J1,7,30,30,7,7,1,6
715,random,q_learning,N/A,/home/renzo/Escritorio/fac/IA1/Truco-AI/game/agents/RL-Agents/q_tables/exp2_vs_rational_789987.pkl,J1,18,30,30,18,8,2,6
716,random,q_learning,N/A,/home/renzo/Escritorio/fac/IA1/Truco-AI/game/agents/RL-Agents/q_tables/exp2_vs_rational_789987.pkl,J1,12,30,30,12,10,0,10
717,random,q_learning,N/A,/home/renzo/Escritorio/fac/IA1/Truco-AI/game/agents/RL-Agents/q_tables/exp2_vs_rational_789987.pkl,J1,4,30,30,4,9,2,7
718,random,q_learning,N/A,/home/renzo/Escritorio/fac/IA1/Truco-AI/game/agents/RL-Agents/q_tables/exp2_vs_rational_789987.pkl,J0,30,12,12,30,5,0,5
719,random,q_learning,N/A,/home/renzo/Escritorio/fac/IA1/Truco-AI/game/agents/RL-Agents/q_tables/exp2_vs_rational_789987.pkl,J0,30,13,13,30,5,1,4
720,random,q_learning,N/A,/home/renzo/Escritorio/fac/IA1/Truco-AI/game/agents/RL-Agents/q_tables/exp2_vs_rational_789987.pkl,J1,23,30,30,23,9,1,8
721,random,q_learning,N/A,/home/renzo/Escritorio/fac/IA1/Truco-AI/game/agents/RL-Agents/q_tables/exp2_vs_rational_789987.pkl,J1,17,30,30,17,12,3,9
722,random,q_learning,N/A,/home/renzo/Escritorio/fac/IA1/Truco-AI/game/agents/RL-Agents/q_tables/exp2_vs_rational_789987.pkl,J1,1,30,30,1,5,1,4
723,random,q_learning,N/A,/home/renzo/Escritorio/fac/IA1/Truco-AI/game/agents/RL-Agents/q_tables/exp2_vs_rational_789987.pkl,J0,30,21,21,30,10,3,7
724,random,q_learning,N/A,/home/renzo/Escritorio/fac/IA1/Truco-AI/game/agents/RL-Agents/q_tables/exp2_vs_rational_789987.pkl,J1,14,30,30,14,11,2,9
725,random,q_learning,N/A,/home/renzo/Escritorio/fac/IA1/Truco-AI/game/agents/RL-Agents/q_tables/exp2_vs_rational_789987.pkl,J1,18,30,30,18,11,2,9
726,random,q_learning,N/A,/home/renzo/Escritorio/fac/IA1/Truco-AI/game/agents/RL-Agents/q_tables/exp2_vs_rational_789987.pkl,J0,30,12,12,30,6,1,5
727,random,q_learning,N/A,/home/renzo/Escritorio/fac/IA1/Truco-AI/game/agents/RL-Agents/q_tables/exp2_vs_rational_789987.pkl,J1,6,30,30,6,6,1,5
728,random,q_learning,N/A,/home/renzo/Escritorio/fac/IA1/Truco-AI/game/agents/RL-Agents/q_tables/exp2_vs_rational_789987.pkl,J0,30,2,2,30,2,0,2
729,random,q_learning,N/A,/home/renzo/Escritorio/fac/IA1/Truco-AI/game/agents/RL-Agents/q_tables/exp2_vs_rational_789987.pkl,J1,27,30,30,27,14,4,10
730,random,q_learning,N/A,/home/renzo/Escritorio/fac/IA1/Truco-AI/game/agents/RL-Agents/q_tables/exp2_vs_rational_789987.pkl,J1,1,30,30,1,3,0,3
731,random,q_learning,N/A,/home/renzo/Escritorio/fac/IA1/Truco-AI/game/agents/RL-Agents/q_tables/exp2_vs_rational_789987.pkl,J1,1,30,30,1,1,1,0
732,random,q_learning,N/A,/home/renzo/Escritorio/fac/IA1/Truco-AI/game/agents/RL-Agents/q_tables/exp2_vs_rational_789987.pkl,J1,5,30,30,5,10,1,9
733,random,q_learning,N/A,/home/renzo/Escritorio/fac/IA1/Truco-AI/game/agents/RL-Agents/q_tables/exp2_vs_rational_789987.pkl,J1,0,30,30,0,0,0,0
734,random,q_learning,N/A,/home/renzo/Escritorio/fac/IA1/Truco-AI/game/agents/RL-Agents/q_tables/exp2_vs_rational_789987.pkl,J0,30,7,7,30,4,1,3
735,random,q_learning,N/A,/home/renzo/Escritorio/fac/IA1/Truco-AI/game/agents/RL-Agents/q_tables/exp2_vs_rational_789987.pkl,J1,19,30,30,19,13,5,8
736,random,q_learning,N/A,/home/renzo/Escritorio/fac/IA1/Truco-AI/game/agents/RL-Agents/q_tables/exp2_vs_rational_789987.pkl,J1,22,30,30,22,12,0,12
737,random,q_learning,N/A,/home/renzo/Escritorio/fac/IA1/Truco-AI/game/agents/RL-Agents/q_tables/exp2_vs_rational_789987.pkl,J0,30,15,15,30,9,2,7
738,random,q_learning,N/A,/home/renzo/Escritorio/fac/IA1/Truco-AI/game/agents/RL-Agents/q_tables/exp2_vs_rational_789987.pkl,J0,30,11,11,30,4,0,4
739,random,q_learning,N/A,/home/renzo/Escritorio/fac/IA1/Truco-AI/game/agents/RL-Agents/q_tables/exp2_vs_rational_789987.pkl,J1,0,30,30,0,2,0,2
740,random,q_learning,N/A,/home/renzo/Escritorio/fac/IA1/Truco-AI/game/agents/RL-Agents/q_tables/exp2_vs_rational_789987.pkl,J0,30,15,15,30,8,1,7
741,random,q_learning,N/A,/home/renzo/Escritorio/fac/IA1/Truco-AI/game/agents/RL-Agents/q_tables/exp2_vs_rational_789987.pkl,J1,0,30,30,0,0,0,0
742,random,q_learning,N/A,/home/renzo/Escritorio/fac/IA1/Truco-AI/game/agents/RL-Agents/q_tables/exp2_vs_rational_789987.pkl,J1,7,30,30,7,2,0,2
743,random,q_learning,N/A,/home/renzo/Escritorio/fac/IA1/Truco-AI/game/agents/RL-Agents/q_tables/exp2_vs_rational_789987.pkl,J1,0,30,30,0,0,0,0
744,random,q_learning,N/A,/home/renzo/Escritorio/fac/IA1/Truco-AI/game/agents/RL-Agents/q_tables/exp2_vs_rational_789987.pkl,J0,30,13,13,30,13,3,10
745,random,q_learning,N/A,/home/renzo/Escritorio/fac/IA1/Truco-AI/game/agents/RL-Agents/q_tables/exp2_vs_rational_789987.pkl,J1,16,30,30,16,14,3,11
746,random,q_learning,N/A,/home/renzo/Escritorio/fac/IA1/Truco-AI/game/agents/RL-Agents/q_tables/exp2_vs_rational_789987.pkl,J1,10,30,30,10,10,1,9
747,random,q_learning,N/A,/home/renzo/Escritorio/fac/IA1/Truco-AI/game/agents/RL-Agents/q_tables/exp2_vs_rational_789987.pkl,J0,30,12,12,30,11,4,7
748,random,q_learning,N/A,/home/renzo/Escritorio/fac/IA1/Truco-AI/game/agents/RL-Agents/q_tables/exp2_vs_rational_789987.pkl,J1,27,30,30,27,15,5,10
749,random,q_learning,N/A,/home/renzo/Escritorio/fac/IA1/Truco-AI/game/agents/RL-Agents/q_tables/exp2_vs_rational_789987.pkl,J1,11,30,30,11,13,0,13
750,random,q_learning,N/A,/home/renzo/Escritorio/fac/IA1/Truco-AI/game/agents/RL-Agents/q_tables/exp2_vs_rational_789987.pkl,J1,7,30,30,7,5,2,3
751,random,q_learning,N/A,/home/renzo/Escritorio/fac/IA1/Truco-AI/game/agents/RL-Agents/q_tables/exp2_vs_rational_789987.pkl,J1,15,30,30,15,11,4,7
752,random,q_learning,N/A,/home/renzo/Escritorio/fac/IA1/Truco-AI/game/agents/RL-Agents/q_tables/exp2_vs_rational_789987.pkl,J1,0,30,30,0,0,0,0
753,random,q_learning,N/A,/home/renzo/Escritorio/fac/IA1/Truco-AI/game/agents/RL-Agents/q_tables/exp2_vs_rational_789987.pkl,J0,30,18,18,30,7,0,7
754,random,q_learning,N/A,/home/renzo/Escritorio/fac/IA1/Truco-AI/game/agents/RL-Agents/q_tables/exp2_vs_rational_789987.pkl,J1,0,30,30,0,0,0,0
755,random,q_learning,N/A,/home/renzo/Escritorio/fac/IA1/Truco-AI/game/agents/RL-Agents/q_tables/exp2_vs_rational_789987.pkl,J1,29,30,30,29,15,3,12
756,random,q_learning,N/A,/home/renzo/Escritorio/fac/IA1/Truco-AI/game/agents/RL-Agents/q_tables/exp2_vs_rational_789987.pkl,J0,30,14,14,30,8,0,8
757,random,q_learning,N/A,/home/renzo/Escritorio/fac/IA1/Truco-AI/game/agents/RL-Agents/q_tables/exp2_vs_rational_789987.pkl,J0,30,5,5,30,3,1,2
758,random,q_learning,N/A,/home/renzo/Escritorio/fac/IA1/Truco-AI/game/agents/RL-Agents/q_tables/exp2_vs_rational_789987.pkl,J0,30,19,19,30,8,1,7
759,random,q_learning,N/A,/home/renzo/Escritorio/fac/IA1/Truco-AI/game/agents/RL-Agents/q_tables/exp2_vs_rational_789987.pkl,J1,0,30,30,0,0,0,0
760,random,q_learning,N/A,/home/renzo/Escritorio/fac/IA1/Truco-AI/game/agents/RL-Agents/q_tables/exp2_vs_rational_789987.pkl,J1,5,30,30,5,11,1,10
761,random,q_learning,N/A,/home/renzo/Escritorio/fac/IA1/Truco-AI/game/agents/RL-Agents/q_tables/exp2_vs_rational_789987.pkl,J1,7,30,30,7,11,1,10
762,random,q_learning,N/A,/home/renzo/Escritorio/fac/IA1/Truco-AI/game/agents/RL-Agents/q_tables/exp2_vs_rational_789987.pkl,J1,6,30,30,6,3,2,1
763,random,q_learning,N/A,/home/renzo/Escritorio/fac/IA1/Truco-AI/game/agents/RL-Agents/q_tables/exp2_vs_rational_789987.pkl,J0,30,26,26,30,13,3,10
764,random,q_learning,N/A,/home/renzo/Escritorio/fac/IA1/Truco-AI/game/agents/RL-Agents/q_tables/exp2_vs_rational_789987.pkl,J1,1,30,30,1,3,0,3
765,random,q_learning,N/A,/home/renzo/Escritorio/fac/IA1/Truco-AI/game/agents/RL-Agents/q_tables/exp2_vs_rational_789987.pkl,J1,23,30,30,23,12,3,9
766,random,q_learning,N/A,/home/renzo/Escritorio/fac/IA1/Truco-AI/game/agents/RL-Agents/q_tables/exp2_vs_rational_789987.pkl,J1,5,30,30,5,8,2,6
767,random,q_learning,N/A,/home/renzo/Escritorio/fac/IA1/Truco-AI/game/agents/RL-Agents/q_tables/exp2_vs_rational_789987.pkl,J1,2,30,30,2,2,0,2
768,random,q_learning,N/A,/home/renzo/Escritorio/fac/IA1/Truco-AI/game/agents/RL-Agents/q_tables/exp2_vs_rational_789987.pkl,J0,30,4,4,30,2,0,2
769,random,q_learning,N/A,/home/renzo/Escritorio/fac/IA1/Truco-AI/game/agents/RL-Agents/q_tables/exp2_vs_rational_789987.pkl,J1,5,30,30,5,10,1,9
770,random,q_learning,N/A,/home/renzo/Escritorio/fac/IA1/Truco-AI/game/agents/RL-Agents/q_tables/exp2_vs_rational_789987.pkl,J1,6,30,30,6,5,1,4
771,random,q_learning,N/A,/home/renzo/Escritorio/fac/IA1/Truco-AI/game/agents/RL-Agents/q_tables/exp2_vs_rational_789987.pkl,J1,2,30,30,2,4,0,4
772,random,q_learning,N/A,/home/renzo/Escritorio/fac/IA1/Truco-AI/game/agents/RL-Agents/q_tables/exp2_vs_rational_789987.pkl,J1,4,30,30,4,2,0,2
773,random,q_learning,N/A,/home/renzo/Escritorio/fac/IA1/Truco-AI/game/agents/RL-Agents/q_tables/exp2_vs_rational_789987.pkl,J1,0,30,30,0,0,0,0
774,random,q_learning,N/A,/home/renzo/Escritorio/fac/IA1/Truco-AI/game/agents/RL-Agents/q_tables/exp2_vs_rational_789987.pkl,J0,30,19,19,30,9,2,7
775,random,q_learning,N/A,/home/renzo/Escritorio/fac/IA1/Truco-AI/game/agents/RL-Agents/q_tables/exp2_vs_rational_789987.pkl,J0,30,23,23,30,11,1,10
776,random,q_learning,N/A,/home/renzo/Escritorio/fac/IA1/Truco-AI/game/agents/RL-Agents/q_tables/exp2_vs_rational_789987.pkl,J1,0,30,30,0,0,0,0
777,random,q_learning,N/A,/home/renzo/Escritorio/fac/IA1/Truco-AI/game/agents/RL-Agents/q_tables/exp2_vs_rational_789987.pkl,J0,30,7,7,30,5,1,4
778,random,q_learning,N/A,/home/renzo/Escritorio/fac/IA1/Truco-AI/game/agents/RL-Agents/q_tables/exp2_vs_rational_789987.pkl,J1,1,30,30,1,2,1,1
779,random,q_learning,N/A,/home/renzo/Escritorio/fac/IA1/Truco-AI/game/agents/RL-Agents/q_tables/exp2_vs_rational_789987.pkl,J1,6,30,30,6,8,0,8
780,random,q_learning,N/A,/home/renzo/Escritorio/fac/IA1/Truco-AI/game/agents/RL-Agents/q_tables/exp2_vs_rational_789987.pkl,J1,12,30,30,12,14,2,12
781,random,q_learning,N/A,/home/renzo/Escritorio/fac/IA1/Truco-AI/game/agents/RL-Agents/q_tables/exp2_vs_rational_789987.pkl,J1,27,30,30,27,17,2,15
782,random,q_learning,N/A,/home/renzo/Escritorio/fac/IA1/Truco-AI/game/agents/RL-Agents/q_tables/exp2_vs_rational_789987.pkl,J0,30,28,28,30,17,3,14
783,random,q_learning,N/A,/home/renzo/Escritorio/fac/IA1/Truco-AI/game/agents/RL-Agents/q_tables/exp2_vs_rational_789987.pkl,J0,30,0,0,30,0,0,0
784,random,q_learning,N/A,/home/renzo/Escritorio/fac/IA1/Truco-AI/game/agents/RL-Agents/q_tables/exp2_vs_rational_789987.pkl,J1,11,30,30,11,10,2,8
785,random,q_learning,N/A,/home/renzo/Escritorio/fac/IA1/Truco-AI/game/agents/RL-Agents/q_tables/exp2_vs_rational_789987.pkl,J1,2,30,30,2,6,1,5
786,random,q_learning,N/A,/home/renzo/Escritorio/fac/IA1/Truco-AI/game/agents/RL-Agents/q_tables/exp2_vs_rational_789987.pkl,J1,18,30,30,18,14,2,12
787,random,q_learning,N/A,/home/renzo/Escritorio/fac/IA1/Truco-AI/game/agents/RL-Agents/q_tables/exp2_vs_rational_789987.pkl,J1,19,30,30,19,8,3,5
788,random,q_learning,N/A,/home/renzo/Escritorio/fac/IA1/Truco-AI/game/agents/RL-Agents/q_tables/exp2_vs_rational_789987.pkl,J1,3,30,30,3,7,0,7
789,random,q_learning,N/A,/home/renzo/Escritorio/fac/IA1/Truco-AI/game/agents/RL-Agents/q_tables/exp2_vs_rational_789987.pkl,J1,4,30,30,4,4,1,3
790,random,q_learning,N/A,/home/renzo/Escritorio/fac/IA1/Truco-AI/game/agents/RL-Agents/q_tables/exp2_vs_rational_789987.pkl,J1,22,30,30,22,18,5,13
791,random,q_learning,N/A,/home/renzo/Escritorio/fac/IA1/Truco-AI/game/agents/RL-Agents/q_tables/exp2_vs_rational_789987.pkl,J1,4,30,30,4,10,3,7
792,random,q_learning,N/A,/home/renzo/Escritorio/fac/IA1/Truco-AI/game/agents/RL-Agents/q_tables/exp2_vs_rational_789987.pkl,J1,2,30,30,2,3,1,2
793,random,q_learning,N/A,/home/renzo/Escritorio/fac/IA1/Truco-AI/game/agents/RL-Agents/q_tables/exp2_vs_rational_789987.pkl,J1,0,30,30,0,2,0,2
794,random,q_learning,N/A,/home/renzo/Escritorio/fac/IA1/Truco-AI/game/agents/RL-Agents/q_tables/exp2_vs_rational_789987.pkl,J1,4,30,30,4,5,1,4
795,random,q_learning,N/A,/home/renzo/Escritorio/fac/IA1/Truco-AI/game/agents/RL-Agents/q_tables/exp2_vs_rational_789987.pkl,J0,30,0,0,30,1,1,0
796,random,q_learning,N/A,/home/renzo/Escritorio/fac/IA1/Truco-AI/game/agents/RL-Agents/q_tables/exp2_vs_rational_789987.pkl,J0,30,0,0,30,0,0,0
797,random,q_learning,N/A,/home/renzo/Escritorio/fac/IA1/Truco-AI/game/agents/RL-Agents/q_tables/exp2_vs_rational_789987.pkl,J1,5,30,30,5,5,1,4
798,random,q_learning,N/A,/home/renzo/Escritorio/fac/IA1/Truco-AI/game/agents/RL-Agents/q_tables/exp2_vs_rational_789987.pkl,J1,0,30,30,0,2,0,2
799,random,q_learning,N/A,/home/renzo/Escritorio/fac/IA1/Truco-AI/game/agents/RL-Agents/q_tables/exp2_vs_rational_789987.pkl,J0,30,13,13,30,8,1,7
800,random,q_learning,N/A,/home/renzo/Escritorio/fac/IA1/Truco-AI/game/agents/RL-Agents/q_tables/exp2_vs_rational_789987.pkl,J1,1,30,30,1,2,1,1
801,random,q_learning,N/A,/home/renzo/Escritorio/fac/IA1/Truco-AI/game/agents/RL-Agents/q_tables/exp2_vs_rational_789987.pkl,J1,3,30,30,3,3,0,3
802,random,q_learning,N/A,/home/renzo/Escritorio/fac/IA1/Truco-AI/game/agents/RL-Agents/q_tables/exp2_vs_rational_789987.pkl,J1,0,30,30,0,0,0,0
803,random,q_learning,N/A,/home/renzo/Escritorio/fac/IA1/Truco-AI/game/agents/RL-Agents/q_tables/exp2_vs_rational_789987.pkl,J0,30,13,13,30,7,0,7
804,random,q_learning,N/A,/home/renzo/Escritorio/fac/IA1/Truco-AI/game/agents/RL-Agents/q_tables/exp2_vs_rational_789987.pkl,J1,17,30,30,17,12,4,8
805,random,q_learning,N/A,/home/renzo/Escritorio/fac/IA1/Truco-AI/game/agents/RL-Agents/q_tables/exp2_vs_rational_789987.pkl,J1,5,30,30,5,4,1,3
806,random,q_learning,N/A,/home/renzo/Escritorio/fac/IA1/Truco-AI/game/agents/RL-Agents/q_tables/exp2_vs_rational_789987.pkl,J1,6,30,30,6,4,1,3
807,random,q_learning,N/A,/home/renzo/Escritorio/fac/IA1/Truco-AI/game/agents/RL-Agents/q_tables/exp2_vs_rational_789987.pkl,J1,5,30,30,5,4,0,4
808,random,q_learning,N/A,/home/renzo/Escritorio/fac/IA1/Truco-AI/game/agents/RL-Agents/q_tables/exp2_vs_rational_789987.pkl,J1,5,30,30,5,5,1,4
809,random,q_learning,N/A,/home/renzo/Escritorio/fac/IA1/Truco-AI/game/agents/RL-Agents/q_tables/exp2_vs_rational_789987.pkl,J0,30,17,17,30,10,1,9
810,random,q_learning,N/A,/home/renzo/Escritorio/fac/IA1/Truco-AI/game/agents/RL-Agents/q_tables/exp2_vs_rational_789987.pkl,J1,2,30,30,2,7,1,6
811,random,q_learning,N/A,/home/renzo/Escritorio/fac/IA1/Truco-AI/game/agents/RL-Agents/q_tables/exp2_vs_rational_789987.pkl,J0,30,3,3,30,3,0,3
812,random,q_learning,N/A,/home/renzo/Escritorio/fac/IA1/Truco-AI/game/agents/RL-Agents/q_tables/exp2_vs_rational_789987.pkl,J1,4,30,30,4,5,0,5
813,random,q_learning,N/A,/home/renzo/Escritorio/fac/IA1/Truco-AI/game/agents/RL-Agents/q_tables/exp2_vs_rational_789987.pkl,J1,7,30,30,7,5,0,5
814,random,q_learning,N/A,/home/renzo/Escritorio/fac/IA1/Truco-AI/game/agents/RL-Agents/q_tables/exp2_vs_rational_789987.pkl,J1,0,30,30,0,1,0,1
815,random,q_learning,N/A,/home/renzo/Escritorio/fac/IA1/Truco-AI/game/agents/RL-Agents/q_tables/exp2_vs_rational_789987.pkl,J1,1,30,30,1,2,0,2
816,random,q_learning,N/A,/home/renzo/Escritorio/fac/IA1/Truco-AI/game/agents/RL-Agents/q_tables/exp2_vs_rational_789987.pkl,J0,30,0,0,30,0,0,0
817,random,q_learning,N/A,/home/renzo/Escritorio/fac/IA1/Truco-AI/game/agents/RL-Agents/q_tables/exp2_vs_rational_789987.pkl,J1,1,30,30,1,1,0,1
818,random,q_learning,N/A,/home/renzo/Escritorio/fac/IA1/Truco-AI/game/agents/RL-Agents/q_tables/exp2_vs_rational_789987.pkl,J1,26,30,30,26,16,6,10
819,random,q_learning,N/A,/home/renzo/Escritorio/fac/IA1/Truco-AI/game/agents/RL-Agents/q_tables/exp2_vs_rational_789987.pkl,J1,6,30,30,6,5,2,3
820,random,q_learning,N/A,/home/renzo/Escritorio/fac/IA1/Truco-AI/game/agents/RL-Agents/q_tables/exp2_vs_rational_789987.pkl,J1,12,30,30,12,7,1,6
821,random,q_learning,N/A,/home/renzo/Escritorio/fac/IA1/Truco-AI/game/agents/RL-Agents/q_tables/exp2_vs_rational_789987.pkl,J0,30,0,0,30,0,0,0
822,random,q_learning,N/A,/home/renzo/Escritorio/fac/IA1/Truco-AI/game/agents/RL-Agents/q_tables/exp2_vs_rational_789987.pkl,J0,30,3,3,30,2,1,1
823,random,q_learning,N/A,/home/renzo/Escritorio/fac/IA1/Truco-AI/game/agents/RL-Agents/q_tables/exp2_vs_rational_789987.pkl,J1,26,30,30,26,10,2,8
824,random,q_learning,N/A,/home/renzo/Escritorio/fac/IA1/Truco-AI/game/agents/RL-Agents/q_tables/exp2_vs_rational_789987.pkl,J0,30,0,0,30,1,1,0
825,random,q_learning,N/A,/home/renzo/Escritorio/fac/IA1/Truco-AI/game/agents/RL-Agents/q_tables/exp2_vs_rational_789987.pkl,J1,29,30,30,29,15,3,12
826,random,q_learning,N/A,/home/renzo/Escritorio/fac/IA1/Truco-AI/game/agents/RL-Agents/q_tables/exp2_vs_rational_789987.pkl,J0,30,3,3,30,4,1,3
827,random,q_learning,N/A,/home/renzo/Escritorio/fac/IA1/Truco-AI/game/agents/RL-Agents/q_tables/exp2_vs_rational_789987.pkl,J1,0,30,30,0,1,0,1
828,random,q_learning,N/A,/home/renzo/Escritorio/fac/IA1/Truco-AI/game/agents/RL-Agents/q_tables/exp2_vs_rational_789987.pkl,J1,0,30,30,0,0,0,0
829,random,q_learning,N/A,/home/renzo/Escritorio/fac/IA1/Truco-AI/game/agents/RL-Agents/q_tables/exp2_vs_rational_789987.pkl,J1,23,30,30,23,17,7,10
830,random,q_learning,N/A,/home/renzo/Escritorio/fac/IA1/Truco-AI/game/agents/RL-Agents/q_tables/exp2_vs_rational_789987.pkl,J1,16,30,30,16,11,3,8
831,random,q_learning,N/A,/home/renzo/Escritorio/fac/IA1/Truco-AI/game/agents/RL-Agents/q_tables/exp2_vs_rational_789987.pkl,J1,10,30,30,10,12,3,9
832,random,q_learning,N/A,/home/renzo/Escritorio/fac/IA1/Truco-AI/game/agents/RL-Agents/q_tables/exp2_vs_rational_789987.pkl,J0,30,4,4,30,3,0,3
833,random,q_learning,N/A,/home/renzo/Escritorio/fac/IA1/Truco-AI/game/agents/RL-Agents/q_tables/exp2_vs_rational_789987.pkl,J1,26,30,30,26,16,2,14
834,random,q_learning,N/A,/home/renzo/Escritorio/fac/IA1/Truco-AI/game/agents/RL-Agents/q_tables/exp2_vs_rational_789987.pkl,J0,30,21,21,30,11,2,9
835,random,q_learning,N/A,/home/renzo/Escritorio/fac/IA1/Truco-AI/game/agents/RL-Agents/q_tables/exp2_vs_rational_789987.pkl,J1,5,30,30,5,13,1,12
836,random,q_learning,N/A,/home/renzo/Escritorio/fac/IA1/Truco-AI/game/agents/RL-Agents/q_tables/exp2_vs_rational_789987.pkl,J0,30,4,4,30,4,1,3
837,random,q_learning,N/A,/home/renzo/Escritorio/fac/IA1/Truco-AI/game/agents/RL-Agents/q_tables/exp2_vs_rational_789987.pkl,J1,26,30,30,26,12,2,10
838,random,q_learning,N/A,/home/renzo/Escritorio/fac/IA1/Truco-AI/game/agents/RL-Agents/q_tables/exp2_vs_rational_789987.pkl,J1,28,30,30,28,9,2,7
839,random,q_learning,N/A,/home/renzo/Escritorio/fac/IA1/Truco-AI/game/agents/RL-Agents/q_tables/exp2_vs_rational_789987.pkl,J0,30,22,22,30,8,4,4
840,random,q_learning,N/A,/home/renzo/Escritorio/fac/IA1/Truco-AI/game/agents/RL-Agents/q_tables/exp2_vs_rational_789987.pkl,J1,16,30,30,16,11,2,9
841,random,q_learning,N/A,/home/renzo/Escritorio/fac/IA1/Truco-AI/game/agents/RL-Agents/q_tables/exp2_vs_rational_789987.pkl,J0,30,22,22,30,11,3,8
842,random,q_learning,N/A,/home/renzo/Escritorio/fac/IA1/Truco-AI/game/agents/RL-Agents/q_tables/exp2_vs_rational_789987.pkl,J1,1,30,30,1,3,0,3
843,random,q_learning,N/A,/home/renzo/Escritorio/fac/IA1/Truco-AI/game/agents/RL-Agents/q_tables/exp2_vs_rational_789987.pkl,J1,8,30,30,8,2,2,0
844,random,q_learning,N/A,/home/renzo/Escritorio/fac/IA1/Truco-AI/game/agents/RL-Agents/q_tables/exp2_vs_rational_789987.pkl,J1,8,30,30,8,6,0,6
845,random,q_learning,N/A,/home/renzo/Escritorio/fac/IA1/Truco-AI/game/agents/RL-Agents/q_tables/exp2_vs_rational_789987.pkl,J1,9,30,30,9,14,2,12
846,random,q_learning,N/A,/home/renzo/Escritorio/fac/IA1/Truco-AI/game/agents/RL-Agents/q_tables/exp2_vs_rational_789987.pkl,J0,30,0,0,30,1,1,0
847,random,q_learning,N/A,/home/renzo/Escritorio/fac/IA1/Truco-AI/game/agents/RL-Agents/q_tables/exp2_vs_rational_789987.pkl,J0,30,5,5,30,6,2,4
848,random,q_learning,N/A,/home/renzo/Escritorio/fac/IA1/Truco-AI/game/agents/RL-Agents/q_tables/exp2_vs_rational_789987.pkl,J0,30,15,15,30,10,3,7
849,random,q_learning,N/A,/home/renzo/Escritorio/fac/IA1/Truco-AI/game/agents/RL-Agents/q_tables/exp2_vs_rational_789987.pkl,J1,1,30,30,1,2,1,1
850,random,q_learning,N/A,/home/renzo/Escritorio/fac/IA1/Truco-AI/game/agents/RL-Agents/q_tables/exp2_vs_rational_789987.pkl,J1,18,30,30,18,21,5,16
851,random,q_learning,N/A,/home/renzo/Escritorio/fac/IA1/Truco-AI/game/agents/RL-Agents/q_tables/exp2_vs_rational_789987.pkl,J0,30,22,22,30,9,1,8
852,random,q_learning,N/A,/home/renzo/Escritorio/fac/IA1/Truco-AI/game/agents/RL-Agents/q_tables/exp2_vs_rational_789987.pkl,J1,17,30,30,17,14,2,12
853,random,q_learning,N/A,/home/renzo/Escritorio/fac/IA1/Truco-AI/game/agents/RL-Agents/q_tables/exp2_vs_rational_789987.pkl,J0,30,0,0,30,0,0,0
854,random,q_learning,N/A,/home/renzo/Escritorio/fac/IA1/Truco-AI/game/agents/RL-Agents/q_tables/exp2_vs_rational_789987.pkl,J0,30,18,18,30,15,4,11
855,random,q_learning,N/A,/home/renzo/Escritorio/fac/IA1/Truco-AI/game/agents/RL-Agents/q_tables/exp2_vs_rational_789987.pkl,J1,0,30,30,0,0,0,0
856,random,q_learning,N/A,/home/renzo/Escritorio/fac/IA1/Truco-AI/game/agents/RL-Agents/q_tables/exp2_vs_rational_789987.pkl,J1,1,30,30,1,1,0,1
857,random,q_learning,N/A,/home/renzo/Escritorio/fac/IA1/Truco-AI/game/agents/RL-Agents/q_tables/exp2_vs_rational_789987.pkl,J1,6,30,30,6,4,2,2
858,random,q_learning,N/A,/home/renzo/Escritorio/fac/IA1/Truco-AI/game/agents/RL-Agents/q_tables/exp2_vs_rational_789987.pkl,J1,17,30,30,17,15,2,13
859,random,q_learning,N/A,/home/renzo/Escritorio/fac/IA1/Truco-AI/game/agents/RL-Agents/q_tables/exp2_vs_rational_789987.pkl,J1,15,30,30,15,8,1,7
860,random,q_learning,N/A,/home/renzo/Escritorio/fac/IA1/Truco-AI/game/agents/RL-Agents/q_tables/exp2_vs_rational_789987.pkl,J1,9,30,30,9,14,3,11
861,random,q_learning,N/A,/home/renzo/Escritorio/fac/IA1/Truco-AI/game/agents/RL-Agents/q_tables/exp2_vs_rational_789987.pkl,J0,30,0,0,30,0,0,0
862,random,q_learning,N/A,/home/renzo/Escritorio/fac/IA1/Truco-AI/game/agents/RL-Agents/q_tables/exp2_vs_rational_789987.pkl,J0,30,3,3,30,2,0,2
863,random,q_learning,N/A,/home/renzo/Escritorio/fac/IA1/Truco-AI/game/agents/RL-Agents/q_tables/exp2_vs_rational_789987.pkl,J1,2,30,30,2,3,1,2
864,random,q_learning,N/A,/home/renzo/Escritorio/fac/IA1/Truco-AI/game/agents/RL-Agents/q_tables/exp2_vs_rational_789987.pkl,J1,1,30,30,1,1,1,0
865,random,q_learning,N/A,/home/renzo/Escritorio/fac/IA1/Truco-AI/game/agents/RL-Agents/q_tables/exp2_vs_rational_789987.pkl,J0,30,12,12,30,8,2,6
866,random,q_learning,N/A,/home/renzo/Escritorio/fac/IA1/Truco-AI/game/agents/RL-Agents/q_tables/exp2_vs_rational_789987.pkl,J1,4,30,30,4,9,1,8
867,random,q_learning,N/A,/home/renzo/Escritorio/fac/IA1/Truco-AI/game/agents/RL-Agents/q_tables/exp2_vs_rational_789987.pkl,J1,3,30,30,3,4,1,3
868,random,q_learning,N/A,/home/renzo/Escritorio/fac/IA1/Truco-AI/game/agents/RL-Agents/q_tables/exp2_vs_rational_789987.pkl,J0,30,9,9,30,4,1,3
869,random,q_learning,N/A,/home/renzo/Escritorio/fac/IA1/Truco-AI/game/agents/RL-Agents/q_tables/exp2_vs_rational_789987.pkl,J1,7,30,30,7,11,3,8
870,random,q_learning,N/A,/home/renzo/Escritorio/fac/IA1/Truco-AI/game/agents/RL-Agents/q_tables/exp2_vs_rational_789987.pkl,J1,3,30,30,3,2,1,1
871,random,q_learning,N/A,/home/renzo/Escritorio/fac/IA1/Truco-AI/game/agents/RL-Agents/q_tables/exp2_vs_rational_789987.pkl,J1,0,30,30,0,0,0,0
872,random,q_learning,N/A,/home/renzo/Escritorio/fac/IA1/Truco-AI/game/agents/RL-Agents/q_tables/exp2_vs_rational_789987.pkl,J1,2,30,30,2,7,0,7
873,random,q_learning,N/A,/home/renzo/Escritorio/fac/IA1/Truco-AI/game/agents/RL-Agents/q_tables/exp2_vs_rational_789987.pkl,J1,6,30,30,6,9,1,8
874,random,q_learning,N/A,/home/renzo/Escritorio/fac/IA1/Truco-AI/game/agents/RL-Agents/q_tables/exp2_vs_rational_789987.pkl,J1,13,30,30,13,12,3,9
875,random,q_learning,N/A,/home/renzo/Escritorio/fac/IA1/Truco-AI/game/agents/RL-Agents/q_tables/exp2_vs_rational_789987.pkl,J1,19,30,30,19,6,0,6
876,random,q_learning,N/A,/home/renzo/Escritorio/fac/IA1/Truco-AI/game/agents/RL-Agents/q_tables/exp2_vs_rational_789987.pkl,J1,4,30,30,4,3,2,1
877,random,q_learning,N/A,/home/renzo/Escritorio/fac/IA1/Truco-AI/game/agents/RL-Agents/q_tables/exp2_vs_rational_789987.pkl,J0,30,8,8,30,6,2,4
878,random,q_learning,N/A,/home/renzo/Escritorio/fac/IA1/Truco-AI/game/agents/RL-Agents/q_tables/exp2_vs_rational_789987.pkl,J1,9,30,30,9,9,3,6
879,random,q_learning,N/A,/home/renzo/Escritorio/fac/IA1/Truco-AI/game/agents/RL-Agents/q_tables/exp2_vs_rational_789987.pkl,J1,3,30,30,3,4,0,4
880,random,q_learning,N/A,/home/renzo/Escritorio/fac/IA1/Truco-AI/game/agents/RL-Agents/q_tables/exp2_vs_rational_789987.pkl,J0,30,23,23,30,12,2,10
881,random,q_learning,N/A,/home/renzo/Escritorio/fac/IA1/Truco-AI/game/agents/RL-Agents/q_tables/exp2_vs_rational_789987.pkl,J1,0,30,30,0,0,0,0
882,random,q_learning,N/A,/home/renzo/Escritorio/fac/IA1/Truco-AI/game/agents/RL-Agents/q_tables/exp2_vs_rational_789987.pkl,J1,26,30,30,26,18,3,15
883,random,q_learning,N/A,/home/renzo/Escritorio/fac/IA1/Truco-AI/game/agents/RL-Agents/q_tables/exp2_vs_rational_789987.pkl,J0,30,6,6,30,4,1,3
884,random,q_learning,N/A,/home/renzo/Escritorio/fac/IA1/Truco-AI/game/agents/RL-Agents/q_tables/exp2_vs_rational_789987.pkl,J0,30,11,11,30,6,1,5
885,random,q_learning,N/A,/home/renzo/Escritorio/fac/IA1/Truco-AI/game/agents/RL-Agents/q_tables/exp2_vs_rational_789987.pkl,J1,26,30,30,26,13,1,12
886,random,q_learning,N/A,/home/renzo/Escritorio/fac/IA1/Truco-AI/game/agents/RL-Agents/q_tables/exp2_vs_rational_789987.pkl,J1,15,30,30,15,8,1,7
887,random,q_learning,N/A,/home/renzo/Escritorio/fac/IA1/Truco-AI/game/agents/RL-Agents/q_tables/exp2_vs_rational_789987.pkl,J0,30,3,3,30,2,0,2
888,random,q_learning,N/A,/home/renzo/Escritorio/fac/IA1/Truco-AI/game/agents/RL-Agents/q_tables/exp2_vs_rational_789987.pkl,J1,29,30,30,29,11,2,9
889,random,q_learning,N/A,/home/renzo/Escritorio/fac/IA1/Truco-AI/game/agents/RL-Agents/q_tables/exp2_vs_rational_789987.pkl,J1,0,30,30,0,2,0,2
890,random,q_learning,N/A,/home/renzo/Escritorio/fac/IA1/Truco-AI/game/agents/RL-Agents/q_tables/exp2_vs_rational_789987.pkl,J0,30,15,15,30,6,0,6
891,random,q_learning,N/A,/home/renzo/Escritorio/fac/IA1/Truco-AI/game/agents/RL-Agents/q_tables/exp2_vs_rational_789987.pkl,J1,5,30,30,5,7,0,7
892,random,q_learning,N/A,/home/renzo/Escritorio/fac/IA1/Truco-AI/game/agents/RL-Agents/q_tables/exp2_vs_rational_789987.pkl,J1,24,30,30,24,9,1,8
893,random,q_learning,N/A,/home/renzo/Escritorio/fac/IA1/Truco-AI/game/agents/RL-Agents/q_tables/exp2_vs_rational_789987.pkl,J0,30,9,9,30,6,2,4
894,random,q_learning,N/A,/home/renzo/Escritorio/fac/IA1/Truco-AI/game/agents/RL-Agents/q_tables/exp2_vs_rational_789987.pkl,J1,5,30,30,5,9,1,8
895,random,q_learning,N/A,/home/renzo/Escritorio/fac/IA1/Truco-AI/game/agents/RL-Agents/q_tables/exp2_vs_rational_789987.pkl,J0,30,0,0,30,0,0,0
896,random,q_learning,N/A,/home/renzo/Escritorio/fac/IA1/Truco-AI/game/agents/RL-Agents/q_tables/exp2_vs_rational_789987.pkl,J0,30,0,0,30,0,0,0
897,random,q_learning,N/A,/home/renzo/Escritorio/fac/IA1/Truco-AI/game/agents/RL-Agents/q_tables/exp2_vs_rational_789987.pkl,J1,9,30,30,9,11,3,8
898,random,q_learning,N/A,/home/renzo/Escritorio/fac/IA1/Truco-AI/game/agents/RL-Agents/q_tables/exp2_vs_rational_789987.pkl,J0,30,7,7,30,8,4,4
899,random,q_learning,N/A,/home/renzo/Escritorio/fac/IA1/Truco-AI/game/agents/RL-Agents/q_tables/exp2_vs_rational_789987.pkl,J1,0,30,30,0,0,0,0
900,random,q_learning,N/A,/home/renzo/Escritorio/fac/IA1/Truco-AI/game/agents/RL-Agents/q_tables/exp2_vs_rational_789987.pkl,J1,7,30,30,7,4,1,3
901,random,q_learning,N/A,/home/renzo/Escritorio/fac/IA1/Truco-AI/game/agents/RL-Agents/q_tables/exp2_vs_rational_789987.pkl,J0,30,18,18,30,11,2,9
902,random,q_learning,N/A,/home/renzo/Escritorio/fac/IA1/Truco-AI/game/agents/RL-Agents/q_tables/exp2_vs_rational_789987.pkl,J1,2,30,30,2,2,0,2
903,random,q_learning,N/A,/home/renzo/Escritorio/fac/IA1/Truco-AI/game/agents/RL-Agents/q_tables/exp2_vs_rational_789987.pkl,J1,9,30,30,9,13,2,11
904,random,q_learning,N/A,/home/renzo/Escritorio/fac/IA1/Truco-AI/game/agents/RL-Agents/q_tables/exp2_vs_rational_789987.pkl,J0,30,27,27,30,15,2,13
905,random,q_learning,N/A,/home/renzo/Escritorio/fac/IA1/Truco-AI/game/agents/RL-Agents/q_tables/exp2_vs_rational_789987.pkl,J1,0,30,30,0,0,0,0
906,random,q_learning,N/A,/home/renzo/Escritorio/fac/IA1/Truco-AI/game/agents/RL-Agents/q_tables/exp2_vs_rational_789987.pkl,J1,3,30,30,3,4,1,3
907,random,q_learning,N/A,/home/renzo/Escritorio/fac/IA1/Truco-AI/game/agents/RL-Agents/q_tables/exp2_vs_rational_789987.pkl,J0,30,0,0,30,2,2,0
908,random,q_learning,N/A,/home/renzo/Escritorio/fac/IA1/Truco-AI/game/agents/RL-Agents/q_tables/exp2_vs_rational_789987.pkl,J0,30,12,12,30,7,1,6
909,random,q_learning,N/A,/home/renzo/Escritorio/fac/IA1/Truco-AI/game/agents/RL-Agents/q_tables/exp2_vs_rational_789987.pkl,J1,11,30,30,11,9,4,5
910,random,q_learning,N/A,/home/renzo/Escritorio/fac/IA1/Truco-AI/game/agents/RL-Agents/q_tables/exp2_vs_rational_789987.pkl,J0,30,0,0,30,0,0,0
911,random,q_learning,N/A,/home/renzo/Escritorio/fac/IA1/Truco-AI/game/agents/RL-Agents/q_tables/exp2_vs_rational_789987.pkl,J1,0,30,30,0,1,0,1
912,random,q_learning,N/A,/home/renzo/Escritorio/fac/IA1/Truco-AI/game/agents/RL-Agents/q_tables/exp2_vs_rational_789987.pkl,J1,17,30,30,17,10,3,7
913,random,q_learning,N/A,/home/renzo/Escritorio/fac/IA1/Truco-AI/game/agents/RL-Agents/q_tables/exp2_vs_rational_789987.pkl,J0,30,0,0,30,0,0,0
914,random,q_learning,N/A,/home/renzo/Escritorio/fac/IA1/Truco-AI/game/agents/RL-Agents/q_tables/exp2_vs_rational_789987.pkl,J1,13,30,30,13,14,3,11
915,random,q_learning,N/A,/home/renzo/Escritorio/fac/IA1/Truco-AI/game/agents/RL-Agents/q_tables/exp2_vs_rational_789987.pkl,J1,12,30,30,12,14,3,11
916,random,q_learning,N/A,/home/renzo/Escritorio/fac/IA1/Truco-AI/game/agents/RL-Agents/q_tables/exp2_vs_rational_789987.pkl,J1,2,30,30,2,5,1,4
917,random,q_learning,N/A,/home/renzo/Escritorio/fac/IA1/Truco-AI/game/agents/RL-Agents/q_tables/exp2_vs_rational_789987.pkl,J1,1,30,30,1,1,1,0
918,random,q_learning,N/A,/home/renzo/Escritorio/fac/IA1/Truco-AI/game/agents/RL-Agents/q_tables/exp2_vs_rational_789987.pkl,J1,2,30,30,2,1,0,1
919,random,q_learning,N/A,/home/renzo/Escritorio/fac/IA1/Truco-AI/game/agents/RL-Agents/q_tables/exp2_vs_rational_789987.pkl,J1,1,30,30,1,2,1,1
920,random,q_learning,N/A,/home/renzo/Escritorio/fac/IA1/Truco-AI/game/agents/RL-Agents/q_tables/exp2_vs_rational_789987.pkl,J0,30,0,0,30,0,0,0
921,random,q_learning,N/A,/home/renzo/Escritorio/fac/IA1/Truco-AI/game/agents/RL-Agents/q_tables/exp2_vs_rational_789987.pkl,J1,0,30,30,0,0,0,0
922,random,q_learning,N/A,/home/renzo/Escritorio/fac/IA1/Truco-AI/game/agents/RL-Agents/q_tables/exp2_vs_rational_789987.pkl,J0,30,2,2,30,2,1,1
923,random,q_learning,N/A,/home/renzo/Escritorio/fac/IA1/Truco-AI/game/agents/RL-Agents/q_tables/exp2_vs_rational_789987.pkl,J1,6,30,30,6,11,0,11
924,random,q_learning,N/A,/home/renzo/Escritorio/fac/IA1/Truco-AI/game/agents/RL-Agents/q_tables/exp2_vs_rational_789987.pkl,J1,15,30,30,15,14,1,13
925,random,q_learning,N/A,/home/renzo/Escritorio/fac/IA1/Truco-AI/game/agents/RL-Agents/q_tables/exp2_vs_rational_789987.pkl,J0,30,0,0,30,0,0,0
926,random,q_learning,N/A,/home/renzo/Escritorio/fac/IA1/Truco-AI/game/agents/RL-Agents/q_tables/exp2_vs_rational_789987.pkl,J1,1,30,30,1,2,1,1
927,random,q_learning,N/A,/home/renzo/Escritorio/fac/IA1/Truco-AI/game/agents/RL-Agents/q_tables/exp2_vs_rational_789987.pkl,J1,0,30,30,0,0,0,0
928,random,q_learning,N/A,/home/renzo/Escritorio/fac/IA1/Truco-AI/game/agents/RL-Agents/q_tables/exp2_vs_rational_789987.pkl,J1,0,30,30,0,2,0,2
929,random,q_learning,N/A,/home/renzo/Escritorio/fac/IA1/Truco-AI/game/agents/RL-Agents/q_tables/exp2_vs_rational_789987.pkl,J1,17,30,30,17,6,5,1
930,random,q_learning,N/A,/home/renzo/Escritorio/fac/IA1/Truco-AI/game/agents/RL-Agents/q_tables/exp2_vs_rational_789987.pkl,J1,28,30,30,28,14,2,12
931,random,q_learning,N/A,/home/renzo/Escritorio/fac/IA1/Truco-AI/game/agents/RL-Agents/q_tables/exp2_vs_rational_789987.pkl,J1,13,30,30,13,10,1,9
932,random,q_learning,N/A,/home/renzo/Escritorio/fac/IA1/Truco-AI/game/agents/RL-Agents/q_tables/exp2_vs_rational_789987.pkl,J1,18,30,30,18,8,4,4
933,random,q_learning,N/A,/home/renzo/Escritorio/fac/IA1/Truco-AI/game/agents/RL-Agents/q_tables/exp2_vs_rational_789987.pkl,J1,5,30,30,5,5,1,4
934,random,q_learning,N/A,/home/renzo/Escritorio/fac/IA1/Truco-AI/game/agents/RL-Agents/q_tables/exp2_vs_rational_789987.pkl,J0,30,22,22,30,10,2,8
935,random,q_learning,N/A,/home/renzo/Escritorio/fac/IA1/Truco-AI/game/agents/RL-Agents/q_tables/exp2_vs_rational_789987.pkl,J0,30,13,13,30,6,3,3
936,random,q_learning,N/A,/home/renzo/Escritorio/fac/IA1/Truco-AI/game/agents/RL-Agents/q_tables/exp2_vs_rational_789987.pkl,J1,10,30,30,10,12,1,11
937,random,q_learning,N/A,/home/renzo/Escritorio/fac/IA1/Truco-AI/game/agents/RL-Agents/q_tables/exp2_vs_rational_789987.pkl,J0,30,9,9,30,6,4,2
938,random,q_learning,N/A,/home/renzo/Escritorio/fac/IA1/Truco-AI/game/agents/RL-Agents/q_tables/exp2_vs_rational_789987.pkl,J1,11,30,30,11,6,3,3
939,random,q_learning,N/A,/home/renzo/Escritorio/fac/IA1/Truco-AI/game/agents/RL-Agents/q_tables/exp2_vs_rational_789987.pkl,J1,0,30,30,0,2,0,2
940,random,q_learning,N/A,/home/renzo/Escritorio/fac/IA1/Truco-AI/game/agents/RL-Agents/q_tables/exp2_vs_rational_789987.pkl,J0,30,11,11,30,4,0,4
941,random,q_learning,N/A,/home/renzo/Escritorio/fac/IA1/Truco-AI/game/agents/RL-Agents/q_tables/exp2_vs_rational_789987.pkl,J0,30,7,7,30,5,2,3
942,random,q_learning,N/A,/home/renzo/Escritorio/fac/IA1/Truco-AI/game/agents/RL-Agents/q_tables/exp2_vs_rational_789987.pkl,J1,14,30,30,14,11,2,9
943,random,q_learning,N/A,/home/renzo/Escritorio/fac/IA1/Truco-AI/game/agents/RL-Agents/q_tables/exp2_vs_rational_789987.pkl,J1,2,30,30,2,2,1,1
944,random,q_learning,N/A,/home/renzo/Escritorio/fac/IA1/Truco-AI/game/agents/RL-Agents/q_tables/exp2_vs_rational_789987.pkl,J1,3,30,30,3,4,0,4
945,random,q_learning,N/A,/home/renzo/Escritorio/fac/IA1/Truco-AI/game/agents/RL-Agents/q_tables/exp2_vs_rational_789987.pkl,J1,3,30,30,3,2,1,1
946,random,q_learning,N/A,/home/renzo/Escritorio/fac/IA1/Truco-AI/game/agents/RL-Agents/q_tables/exp2_vs_rational_789987.pkl,J1,4,30,30,4,4,0,4
947,random,q_learning,N/A,/home/renzo/Escritorio/fac/IA1/Truco-AI/game/agents/RL-Agents/q_tables/exp2_vs_rational_789987.pkl,J0,30,15,15,30,10,3,7
948,random,q_learning,N/A,/home/renzo/Escritorio/fac/IA1/Truco-AI/game/agents/RL-Agents/q_tables/exp2_vs_rational_789987.pkl,J1,16,30,30,16,14,5,9
949,random,q_learning,N/A,/home/renzo/Escritorio/fac/IA1/Truco-AI/game/agents/RL-Agents/q_tables/exp2_vs_rational_789987.pkl,J1,4,30,30,4,10,1,9
950,random,q_learning,N/A,/home/renzo/Escritorio/fac/IA1/Truco-AI/game/agents/RL-Agents/q_tables/exp2_vs_rational_789987.pkl,J1,12,30,30,12,13,3,10
951,random,q_learning,N/A,/home/renzo/Escritorio/fac/IA1/Truco-AI/game/agents/RL-Agents/q_tables/exp2_vs_rational_789987.pkl,J0,30,5,5,30,4,0,4
952,random,q_learning,N/A,/home/renzo/Escritorio/fac/IA1/Truco-AI/game/agents/RL-Agents/q_tables/exp2_vs_rational_789987.pkl,J1,0,30,30,0,5,0,5
953,random,q_learning,N/A,/home/renzo/Escritorio/fac/IA1/Truco-AI/game/agents/RL-Agents/q_tables/exp2_vs_rational_789987.pkl,J1,0,30,30,0,0,0,0
954,random,q_learning,N/A,/home/renzo/Escritorio/fac/IA1/Truco-AI/game/agents/RL-Agents/q_tables/exp2_vs_rational_789987.pkl,J0,30,8,8,30,4,1,3
955,random,q_learning,N/A,/home/renzo/Escritorio/fac/IA1/Truco-AI/game/agents/RL-Agents/q_tables/exp2_vs_rational_789987.pkl,J1,2,30,30,2,9,0,9
956,random,q_learning,N/A,/home/renzo/Escritorio/fac/IA1/Truco-AI/game/agents/RL-Agents/q_tables/exp2_vs_rational_789987.pkl,J1,2,30,30,2,5,0,5
957,random,q_learning,N/A,/home/renzo/Escritorio/fac/IA1/Truco-AI/game/agents/RL-Agents/q_tables/exp2_vs_rational_789987.pkl,J1,4,30,30,4,5,2,3
958,random,q_learning,N/A,/home/renzo/Escritorio/fac/IA1/Truco-AI/game/agents/RL-Agents/q_tables/exp2_vs_rational_789987.pkl,J1,0,30,30,0,0,0,0
959,random,q_learning,N/A,/home/renzo/Escritorio/fac/IA1/Truco-AI/game/agents/RL-Agents/q_tables/exp2_vs_rational_789987.pkl,J0,30,1,1,30,1,0,1
960,random,q_learning,N/A,/home/renzo/Escritorio/fac/IA1/Truco-AI/game/agents/RL-Agents/q_tables/exp2_vs_rational_789987.pkl,J0,30,9,9,30,5,0,5
961,random,q_learning,N/A,/home/renzo/Escritorio/fac/IA1/Truco-AI/game/agents/RL-Agents/q_tables/exp2_vs_rational_789987.pkl,J1,10,30,30,10,10,1,9
962,random,q_learning,N/A,/home/renzo/Escritorio/fac/IA1/Truco-AI/game/agents/RL-Agents/q_tables/exp2_vs_rational_789987.pkl,J1,5,30,30,5,9,2,7
963,random,q_learning,N/A,/home/renzo/Escritorio/fac/IA1/Truco-AI/game/agents/RL-Agents/q_tables/exp2_vs_rational_789987.pkl,J1,14,30,30,14,11,5,6
964,random,q_learning,N/A,/home/renzo/Escritorio/fac/IA1/Truco-AI/game/agents/RL-Agents/q_tables/exp2_vs_rational_789987.pkl,J1,17,30,30,17,14,3,11
965,random,q_learning,N/A,/home/renzo/Escritorio/fac/IA1/Truco-AI/game/agents/RL-Agents/q_tables/exp2_vs_rational_789987.pkl,J1,9,30,30,9,9,3,6
966,random,q_learning,N/A,/home/renzo/Escritorio/fac/IA1/Truco-AI/game/agents/RL-Agents/q_tables/exp2_vs_rational_789987.pkl,J0,30,17,17,30,6,0,6
967,random,q_learning,N/A,/home/renzo/Escritorio/fac/IA1/Truco-AI/game/agents/RL-Agents/q_tables/exp2_vs_rational_789987.pkl,J1,0,30,30,0,1,0,1
968,random,q_learning,N/A,/home/renzo/Escritorio/fac/IA1/Truco-AI/game/agents/RL-Agents/q_tables/exp2_vs_rational_789987.pkl,J1,17,30,30,17,12,1,11
969,random,q_learning,N/A,/home/renzo/Escritorio/fac/IA1/Truco-AI/game/agents/RL-Agents/q_tables/exp2_vs_rational_789987.pkl,J0,30,3,3,30,2,0,2
970,random,q_learning,N/A,/home/renzo/Escritorio/fac/IA1/Truco-AI/game/agents/RL-Agents/q_tables/exp2_vs_rational_789987.pkl,J1,15,30,30,15,12,2,10
971,random,q_learning,N/A,/home/renzo/Escritorio/fac/IA1/Truco-AI/game/agents/RL-Agents/q_tables/exp2_vs_rational_789987.pkl,J1,3,30,30,3,2,0,2
972,random,q_learning,N/A,/home/renzo/Escritorio/fac/IA1/Truco-AI/game/agents/RL-Agents/q_tables/exp2_vs_rational_789987.pkl,J0,30,3,3,30,3,1,2
973,random,q_learning,N/A,/home/renzo/Escritorio/fac/IA1/Truco-AI/game/agents/RL-Agents/q_tables/exp2_vs_rational_789987.pkl,J1,10,30,30,10,11,2,9
974,random,q_learning,N/A,/home/renzo/Escritorio/fac/IA1/Truco-AI/game/agents/RL-Agents/q_tables/exp2_vs_rational_789987.pkl,J0,30,6,6,30,2,0,2
975,random,q_learning,N/A,/home/renzo/Escritorio/fac/IA1/Truco-AI/game/agents/RL-Agents/q_tables/exp2_vs_rational_789987.pkl,J0,30,21,21,30,12,1,11
976,random,q_learning,N/A,/home/renzo/Escritorio/fac/IA1/Truco-AI/game/agents/RL-Agents/q_tables/exp2_vs_rational_789987.pkl,J1,25,30,30,25,13,3,10
977,random,q_learning,N/A,/home/renzo/Escritorio/fac/IA1/Truco-AI/game/agents/RL-Agents/q_tables/exp2_vs_rational_789987.pkl,J0,30,3,3,30,1,0,1
978,random,q_learning,N/A,/home/renzo/Escritorio/fac/IA1/Truco-AI/game/agents/RL-Agents/q_tables/exp2_vs_rational_789987.pkl,J0,30,3,3,30,1,1,0
979,random,q_learning,N/A,/home/renzo/Escritorio/fac/IA1/Truco-AI/game/agents/RL-Agents/q_tables/exp2_vs_rational_789987.pkl,J0,30,24,24,30,14,4,10
980,random,q_learning,N/A,/home/renzo/Escritorio/fac/IA1/Truco-AI/game/agents/RL-Agents/q_tables/exp2_vs_rational_789987.pkl,J1,15,30,30,15,11,1,10
981,random,q_learning,N/A,/home/renzo/Escritorio/fac/IA1/Truco-AI/game/agents/RL-Agents/q_tables/exp2_vs_rational_789987.pkl,J0,30,1,1,30,1,0,1
982,random,q_learning,N/A,/home/renzo/Escritorio/fac/IA1/Truco-AI/game/agents/RL-Agents/q_tables/exp2_vs_rational_789987.pkl,J1,0,30,30,0,0,0,0
983,random,q_learning,N/A,/home/renzo/Escritorio/fac/IA1/Truco-AI/game/agents/RL-Agents/q_tables/exp2_vs_rational_789987.pkl,J1,7,30,30,7,2,0,2
984,random,q_learning,N/A,/home/renzo/Escritorio/fac/IA1/Truco-AI/game/agents/RL-Agents/q_tables/exp2_vs_rational_789987.pkl,J0,30,9,9,30,6,0,6
985,random,q_learning,N/A,/home/renzo/Escritorio/fac/IA1/Truco-AI/game/agents/RL-Agents/q_tables/exp2_vs_rational_789987.pkl,J1,1,30,30,1,3,0,3
986,random,q_learning,N/A,/home/renzo/Escritorio/fac/IA1/Truco-AI/game/agents/RL-Agents/q_tables/exp2_vs_rational_789987.pkl,J1,16,30,30,16,12,2,10
987,random,q_learning,N/A,/home/renzo/Escritorio/fac/IA1/Truco-AI/game/agents/RL-Agents/q_tables/exp2_vs_rational_789987.pkl,J1,26,30,30,26,11,2,9
988,random,q_learning,N/A,/home/renzo/Escritorio/fac/IA1/Truco-AI/game/agents/RL-Agents/q_tables/exp2_vs_rational_789987.pkl,J0,30,4,4,30,4,2,2
989,random,q_learning,N/A,/home/renzo/Escritorio/fac/IA1/Truco-AI/game/agents/RL-Agents/q_tables/exp2_vs_rational_789987.pkl,J1,14,30,30,14,11,1,10
990,random,q_learning,N/A,/home/renzo/Escritorio/fac/IA1/Truco-AI/game/agents/RL-Agents/q_tables/exp2_vs_rational_789987.pkl,J1,12,30,30,12,10,0,10
991,random,q_learning,N/A,/home/renzo/Escritorio/fac/IA1/Truco-AI/game/agents/RL-Agents/q_tables/exp2_vs_rational_789987.pkl,J1,0,30,30,0,0,0,0
992,random,q_learning,N/A,/home/renzo/Escritorio/fac/IA1/Truco-AI/game/agents/RL-Agents/q_tables/exp2_vs_rational_789987.pkl,J1,19,30,30,19,14,5,9
993,random,q_learning,N/A,/home/renzo/Escritorio/fac/IA1/Truco-AI/game/agents/RL-Agents/q_tables/exp2_vs_rational_789987.pkl,J0,30,21,21,30,14,6,8
994,random,q_learning,N/A,/home/renzo/Escritorio/fac/IA1/Truco-AI/game/agents/RL-Agents/q_tables/exp2_vs_rational_789987.pkl,J1,11,30,30,11,13,3,10
995,random,q_learning,N/A,/home/renzo/Escritorio/fac/IA1/Truco-AI/game/agents/RL-Agents/q_tables/exp2_vs_rational_789987.pkl,J1,12,30,30,12,9,2,7
996,random,q_learning,N/A,/home/renzo/Escritorio/fac/IA1/Truco-AI/game/agents/RL-Agents/q_tables/exp2_vs_rational_789987.pkl,J0,30,10,10,30,5,1,4
997,random,q_learning,N/A,/home/renzo/Escritorio/fac/IA1/Truco-AI/game/agents/RL-Agents/q_tables/exp2_vs_rational_789987.pkl,J1,9,30,30,9,3,0,3
998,random,q_learning,N/A,/home/renzo/Escritorio/fac/IA1/Truco-AI/game/agents/RL-Agents/q_tables/exp2_vs_rational_789987.pkl,J1,17,30,30,17,17,2,15
999,random,q_learning,N/A,/home/renzo/Escritorio/fac/IA1/Truco-AI/game/agents/RL-Agents/q_tables/exp2_vs_rational_789987.pkl,J0,30,9,9,30,4,0,4
1000,random,q_learning,N/A,/home/renzo/Escritorio/fac/IA1/Truco-AI/game/agents/RL-Agents/q_tables/exp2_vs_rational_789987.pkl,J1,7,30,30,7,4,2,2
