game,agent_0,agent_1,q_table_j0,q_table_j1,winner,points_j0,points_j1,points_lost_j0,points_lost_j1,hands_played,hands_won_j0,hands_won_j1
1,rational,q_learning,N/A,/home/renzo/Escritorio/fac/IA1/Truco-AI/game/agents/RL-Agents/q_tables/exp2_vs_rational_789987.pkl,J1,19,30,30,19,22,10,12
2,rational,q_learning,N/A,/home/renzo/Escritorio/fac/IA1/Truco-AI/game/agents/RL-Agents/q_tables/exp2_vs_rational_789987.pkl,J1,18,30,30,18,22,9,13
3,rational,q_learning,N/A,/home/renzo/Escritorio/fac/IA1/Truco-AI/game/agents/RL-Agents/q_tables/exp2_vs_rational_789987.pkl,J1,24,30,30,24,28,12,16
4,rational,q_learning,N/A,/home/renzo/Escritorio/fac/IA1/Truco-AI/game/agents/RL-Agents/q_tables/exp2_vs_rational_789987.pkl,J0,30,28,28,30,34,15,19
5,rational,q_learning,N/A,/home/renzo/Escritorio/fac/IA1/Truco-AI/game/agents/RL-Agents/q_tables/exp2_vs_rational_789987.pkl,J1,27,30,30,27,26,14,12
6,rational,q_learning,N/A,/home/renzo/Escritorio/fac/IA1/Truco-AI/game/agents/RL-Agents/q_tables/exp2_vs_rational_789987.pkl,J0,30,22,22,30,27,16,11
7,rational,q_learning,N/A,/home/renzo/Escritorio/fac/IA1/Truco-AI/game/agents/RL-Agents/q_tables/exp2_vs_rational_789987.pkl,J1,14,30,30,14,18,6,12
8,rational,q_learning,N/A,/home/renzo/Escritorio/fac/IA1/Truco-AI/game/agents/RL-Agents/q_tables/exp2_vs_rational_789987.pkl,J1,24,30,30,24,30,15,15
9,rational,q_learning,N/A,/home/renzo/Escritorio/fac/IA1/Truco-AI/game/agents/RL-Agents/q_tables/exp2_vs_rational_789987.pkl,J1,10,30,30,10,10,6,4
10,rational,q_learning,N/A,/home/renzo/Escritorio/fac/IA1/Truco-AI/game/agents/RL-Agents/q_tables/exp2_vs_rational_789987.pkl,J1,20,30,30,20,23,12,11
11,rational,q_learning,N/A,/home/renzo/Escritorio/fac/IA1/Truco-AI/game/agents/RL-Agents/q_tables/exp2_vs_rational_789987.pkl,J1,19,30,30,19,23,10,13
12,rational,q_learning,N/A,/home/renzo/Escritorio/fac/IA1/Truco-AI/game/agents/RL-Agents/q_tables/exp2_vs_rational_789987.pkl,J1,18,30,30,18,19,5,14
13,rational,q_learning,N/A,/home/renzo/Escritorio/fac/IA1/Truco-AI/game/agents/RL-Agents/q_tables/exp2_vs_rational_789987.pkl,J1,20,30,30,20,24,12,12
14,rational,q_learning,N/A,/home/renzo/Escritorio/fac/IA1/Truco-AI/game/agents/RL-Agents/q_tables/exp2_vs_rational_789987.pkl,J1,28,30,30,28,32,16,16
15,rational,q_learning,N/A,/home/renzo/Escritorio/fac/IA1/Truco-AI/game/agents/RL-Agents/q_tables/exp2_vs_rational_789987.pkl,J0,30,22,22,30,25,14,11
16,rational,q_learning,N/A,/home/renzo/Escritorio/fac/IA1/Truco-AI/game/agents/RL-Agents/q_tables/exp2_vs_rational_789987.pkl,J1,16,30,30,16,25,10,15
17,rational,q_learning,N/A,/home/renzo/Escritorio/fac/IA1/Truco-AI/game/agents/RL-Agents/q_tables/exp2_vs_rational_789987.pkl,J1,20,30,30,20,32,18,14
18,rational,q_learning,N/A,/home/renzo/Escritorio/fac/IA1/Truco-AI/game/agents/RL-Agents/q_tables/exp2_vs_rational_789987.pkl,J1,11,30,30,11,18,6,12
19,rational,q_learning,N/A,/home/renzo/Escritorio/fac/IA1/Truco-AI/game/agents/RL-Agents/q_tables/exp2_vs_rational_789987.pkl,J1,18,30,30,18,26,10,16
20,rational,q_learning,N/A,/home/renzo/Escritorio/fac/IA1/Truco-AI/game/agents/RL-Agents/q_tables/exp2_vs_rational_789987.pkl,J1,23,30,30,23,27,12,15
21,rational,q_learning,N/A,/home/renzo/Escritorio/fac/IA1/Truco-AI/game/agents/RL-Agents/q_tables/exp2_vs_rational_789987.pkl,J1,22,30,30,22,25,8,17
22,rational,q_learning,N/A,/home/renzo/Escritorio/fac/IA1/Truco-AI/game/agents/RL-Agents/q_tables/exp2_vs_rational_789987.pkl,J1,21,30,30,21,25,13,12
23,rational,q_learning,N/A,/home/renzo/Escritorio/fac/IA1/Truco-AI/game/agents/RL-Agents/q_tables/exp2_vs_rational_789987.pkl,J1,26,30,30,26,28,14,14
24,rational,q_learning,N/A,/home/renzo/Escritorio/fac/IA1/Truco-AI/game/agents/RL-Agents/q_tables/exp2_vs_rational_789987.pkl,J1,15,30,30,15,20,8,12
25,rational,q_learning,N/A,/home/renzo/Escritorio/fac/IA1/Truco-AI/game/agents/RL-Agents/q_tables/exp2_vs_rational_789987.pkl,J1,19,30,30,19,18,5,13
26,rational,q_learning,N/A,/home/renzo/Escritorio/fac/IA1/Truco-AI/game/agents/RL-Agents/q_tables/exp2_vs_rational_789987.pkl,J1,12,30,30,12,25,8,17
27,rational,q_learning,N/A,/home/renzo/Escritorio/fac/IA1/Truco-AI/game/agents/RL-Agents/q_tables/exp2_vs_rational_789987.pkl,J0,30,27,27,30,29,16,13
28,rational,q_learning,N/A,/home/renzo/Escritorio/fac/IA1/Truco-AI/game/agents/RL-Agents/q_tables/exp2_vs_rational_789987.pkl,J1,19,30,30,19,24,11,13
29,rational,q_learning,N/A,/home/renzo/Escritorio/fac/IA1/Truco-AI/game/agents/RL-Agents/q_tables/exp2_vs_rational_789987.pkl,J0,30,27,27,30,29,18,11
30,rational,q_learning,N/A,/home/renzo/Escritorio/fac/IA1/Truco-AI/game/agents/RL-Agents/q_tables/exp2_vs_rational_789987.pkl,J0,30,21,21,30,29,19,10
31,rational,q_learning,N/A,/home/renzo/Escritorio/fac/IA1/Truco-AI/game/agents/RL-Agents/q_tables/exp2_vs_rational_789987.pkl,J0,30,29,29,30,26,11,15
32,rational,q_learning,N/A,/home/renzo/Escritorio/fac/IA1/Truco-AI/game/agents/RL-Agents/q_tables/exp2_vs_rational_789987.pkl,J1,16,30,30,16,18,7,11
33,rational,q_learning,N/A,/home/renzo/Escritorio/fac/IA1/Truco-AI/game/agents/RL-Agents/q_tables/exp2_vs_rational_789987.pkl,J1,24,30,30,24,27,14,13
34,rational,q_learning,N/A,/home/renzo/Escritorio/fac/IA1/Truco-AI/game/agents/RL-Agents/q_tables/exp2_vs_rational_789987.pkl,J1,27,30,30,27,29,15,14
35,rational,q_learning,N/A,/home/renzo/Escritorio/fac/IA1/Truco-AI/game/agents/RL-Agents/q_tables/exp2_vs_rational_789987.pkl,J0,30,13,13,30,24,18,6
36,rational,q_learning,N/A,/home/renzo/Escritorio/fac/IA1/Truco-AI/game/agents/RL-Agents/q_tables/exp2_vs_rational_789987.pkl,J1,29,30,30,29,30,17,13
37,rational,q_learning,N/A,/home/renzo/Escritorio/fac/IA1/Truco-AI/game/agents/RL-Agents/q_tables/exp2_vs_rational_789987.pkl,J0,30,26,26,30,29,18,11
38,rational,q_learning,N/A,/home/renzo/Escritorio/fac/IA1/Truco-AI/game/agents/RL-Agents/q_tables/exp2_vs_rational_789987.pkl,J1,22,30,30,22,28,13,15
39,rational,q_learning,N/A,/home/renzo/Escritorio/fac/IA1/Truco-AI/game/agents/RL-Agents/q_tables/exp2_vs_rational_789987.pkl,J1,26,30,30,26,28,15,13
40,rational,q_learning,N/A,/home/renzo/Escritorio/fac/IA1/Truco-AI/game/agents/RL-Agents/q_tables/exp2_vs_rational_789987.pkl,J1,21,30,30,21,27,9,18
41,rational,q_learning,N/A,/home/renzo/Escritorio/fac/IA1/Truco-AI/game/agents/RL-Agents/q_tables/exp2_vs_rational_789987.pkl,J1,23,30,30,23,24,10,14
42,rational,q_learning,N/A,/home/renzo/Escritorio/fac/IA1/Truco-AI/game/agents/RL-Agents/q_tables/exp2_vs_rational_789987.pkl,J1,25,30,30,25,27,14,13
43,rational,q_learning,N/A,/home/renzo/Escritorio/fac/IA1/Truco-AI/game/agents/RL-Agents/q_tables/exp2_vs_rational_789987.pkl,J0,30,27,27,30,25,11,14
44,rational,q_learning,N/A,/home/renzo/Escritorio/fac/IA1/Truco-AI/game/agents/RL-Agents/q_tables/exp2_vs_rational_789987.pkl,J0,30,26,26,30,29,15,14
45,rational,q_learning,N/A,/home/renzo/Escritorio/fac/IA1/Truco-AI/game/agents/RL-Agents/q_tables/exp2_vs_rational_789987.pkl,J0,30,28,28,30,26,12,14
46,rational,q_learning,N/A,/home/renzo/Escritorio/fac/IA1/Truco-AI/game/agents/RL-Agents/q_tables/exp2_vs_rational_789987.pkl,J1,21,30,30,21,28,13,15
47,rational,q_learning,N/A,/home/renzo/Escritorio/fac/IA1/Truco-AI/game/agents/RL-Agents/q_tables/exp2_vs_rational_789987.pkl,J1,23,30,30,23,23,10,13
48,rational,q_learning,N/A,/home/renzo/Escritorio/fac/IA1/Truco-AI/game/agents/RL-Agents/q_tables/exp2_vs_rational_789987.pkl,J1,20,30,30,20,27,16,11
49,rational,q_learning,N/A,/home/renzo/Escritorio/fac/IA1/Truco-AI/game/agents/RL-Agents/q_tables/exp2_vs_rational_789987.pkl,J0,30,23,23,30,25,11,14
50,rational,q_learning,N/A,/home/renzo/Escritorio/fac/IA1/Truco-AI/game/agents/RL-Agents/q_tables/exp2_vs_rational_789987.pkl,J1,12,30,30,12,25,9,16
51,rational,q_learning,N/A,/home/renzo/Escritorio/fac/IA1/Truco-AI/game/agents/RL-Agents/q_tables/exp2_vs_rational_789987.pkl,J1,19,30,30,19,26,11,15
52,rational,q_learning,N/A,/home/renzo/Escritorio/fac/IA1/Truco-AI/game/agents/RL-Agents/q_tables/exp2_vs_rational_789987.pkl,J1,29,30,30,29,29,17,12
53,rational,q_learning,N/A,/home/renzo/Escritorio/fac/IA1/Truco-AI/game/agents/RL-Agents/q_tables/exp2_vs_rational_789987.pkl,J1,26,30,30,26,26,13,13
54,rational,q_learning,N/A,/home/renzo/Escritorio/fac/IA1/Truco-AI/game/agents/RL-Agents/q_tables/exp2_vs_rational_789987.pkl,J0,30,29,29,30,29,17,12
55,rational,q_learning,N/A,/home/renzo/Escritorio/fac/IA1/Truco-AI/game/agents/RL-Agents/q_tables/exp2_vs_rational_789987.pkl,J1,21,30,30,21,26,13,13
56,rational,q_learning,N/A,/home/renzo/Escritorio/fac/IA1/Truco-AI/game/agents/RL-Agents/q_tables/exp2_vs_rational_789987.pkl,J1,27,30,30,27,26,14,12
57,rational,q_learning,N/A,/home/renzo/Escritorio/fac/IA1/Truco-AI/game/agents/RL-Agents/q_tables/exp2_vs_rational_789987.pkl,J0,30,26,26,30,31,13,18
58,rational,q_learning,N/A,/home/renzo/Escritorio/fac/IA1/Truco-AI/game/agents/RL-Agents/q_tables/exp2_vs_rational_789987.pkl,J0,30,14,14,30,23,15,8
59,rational,q_learning,N/A,/home/renzo/Escritorio/fac/IA1/Truco-AI/game/agents/RL-Agents/q_tables/exp2_vs_rational_789987.pkl,J1,27,30,30,27,28,16,12
60,rational,q_learning,N/A,/home/renzo/Escritorio/fac/IA1/Truco-AI/game/agents/RL-Agents/q_tables/exp2_vs_rational_789987.pkl,J1,29,30,30,29,27,13,14
61,rational,q_learning,N/A,/home/renzo/Escritorio/fac/IA1/Truco-AI/game/agents/RL-Agents/q_tables/exp2_vs_rational_789987.pkl,J0,30,27,27,30,22,11,11
62,rational,q_learning,N/A,/home/renzo/Escritorio/fac/IA1/Truco-AI/game/agents/RL-Agents/q_tables/exp2_vs_rational_789987.pkl,J0,30,24,24,30,28,18,10
63,rational,q_learning,N/A,/home/renzo/Escritorio/fac/IA1/Truco-AI/game/agents/RL-Agents/q_tables/exp2_vs_rational_789987.pkl,J1,13,30,30,13,27,9,18
64,rational,q_learning,N/A,/home/renzo/Escritorio/fac/IA1/Truco-AI/game/agents/RL-Agents/q_tables/exp2_vs_rational_789987.pkl,J0,30,17,17,30,23,14,9
65,rational,q_learning,N/A,/home/renzo/Escritorio/fac/IA1/Truco-AI/game/agents/RL-Agents/q_tables/exp2_vs_rational_789987.pkl,J0,30,27,27,30,25,13,12
66,rational,q_learning,N/A,/home/renzo/Escritorio/fac/IA1/Truco-AI/game/agents/RL-Agents/q_tables/exp2_vs_rational_789987.pkl,J1,21,30,30,21,27,11,16
67,rational,q_learning,N/A,/home/renzo/Escritorio/fac/IA1/Truco-AI/game/agents/RL-Agents/q_tables/exp2_vs_rational_789987.pkl,J1,17,30,30,17,22,13,9
68,rational,q_learning,N/A,/home/renzo/Escritorio/fac/IA1/Truco-AI/game/agents/RL-Agents/q_tables/exp2_vs_rational_789987.pkl,J0,30,20,20,30,23,15,8
69,rational,q_learning,N/A,/home/renzo/Escritorio/fac/IA1/Truco-AI/game/agents/RL-Agents/q_tables/exp2_vs_rational_789987.pkl,J0,30,27,27,30,29,16,13
70,rational,q_learning,N/A,/home/renzo/Escritorio/fac/IA1/Truco-AI/game/agents/RL-Agents/q_tables/exp2_vs_rational_789987.pkl,J1,26,30,30,26,26,13,13
71,rational,q_learning,N/A,/home/renzo/Escritorio/fac/IA1/Truco-AI/game/agents/RL-Agents/q_tables/exp2_vs_rational_789987.pkl,J0,30,28,28,30,30,17,13
72,rational,q_learning,N/A,/home/renzo/Escritorio/fac/IA1/Truco-AI/game/agents/RL-Agents/q_tables/exp2_vs_rational_789987.pkl,J1,23,30,30,23,31,18,13
73,rational,q_learning,N/A,/home/renzo/Escritorio/fac/IA1/Truco-AI/game/agents/RL-Agents/q_tables/exp2_vs_rational_789987.pkl,J1,18,30,30,18,19,9,10
74,rational,q_learning,N/A,/home/renzo/Escritorio/fac/IA1/Truco-AI/game/agents/RL-Agents/q_tables/exp2_vs_rational_789987.pkl,J1,26,30,30,26,26,13,13
75,rational,q_learning,N/A,/home/renzo/Escritorio/fac/IA1/Truco-AI/game/agents/RL-Agents/q_tables/exp2_vs_rational_789987.pkl,J1,23,30,30,23,30,16,14
76,rational,q_learning,N/A,/home/renzo/Escritorio/fac/IA1/Truco-AI/game/agents/RL-Agents/q_tables/exp2_vs_rational_789987.pkl,J0,30,19,19,30,28,16,12
77,rational,q_learning,N/A,/home/renzo/Escritorio/fac/IA1/Truco-AI/game/agents/RL-Agents/q_tables/exp2_vs_rational_789987.pkl,J1,18,30,30,18,23,9,14
78,rational,q_learning,N/A,/home/renzo/Escritorio/fac/IA1/Truco-AI/game/agents/RL-Agents/q_tables/exp2_vs_rational_789987.pkl,J1,18,30,30,18,23,12,11
79,rational,q_learning,N/A,/home/renzo/Escritorio/fac/IA1/Truco-AI/game/agents/RL-Agents/q_tables/exp2_vs_rational_789987.pkl,J1,20,30,30,20,21,10,11
80,rational,q_learning,N/A,/home/renzo/Escritorio/fac/IA1/Truco-AI/game/agents/RL-Agents/q_tables/exp2_vs_rational_789987.pkl,J1,28,30,30,28,33,15,18
81,rational,q_learning,N/A,/home/renzo/Escritorio/fac/IA1/Truco-AI/game/agents/RL-Agents/q_tables/exp2_vs_rational_789987.pkl,J1,13,30,30,13,20,11,9
82,rational,q_learning,N/A,/home/renzo/Escritorio/fac/IA1/Truco-AI/game/agents/RL-Agents/q_tables/exp2_vs_rational_789987.pkl,J0,30,26,26,30,35,22,13
83,rational,q_learning,N/A,/home/renzo/Escritorio/fac/IA1/Truco-AI/game/agents/RL-Agents/q_tables/exp2_vs_rational_789987.pkl,J0,30,29,29,30,28,15,13
84,rational,q_learning,N/A,/home/renzo/Escritorio/fac/IA1/Truco-AI/game/agents/RL-Agents/q_tables/exp2_vs_rational_789987.pkl,J1,29,30,30,29,31,19,12
85,rational,q_learning,N/A,/home/renzo/Escritorio/fac/IA1/Truco-AI/game/agents/RL-Agents/q_tables/exp2_vs_rational_789987.pkl,J1,21,30,30,21,26,10,16
86,rational,q_learning,N/A,/home/renzo/Escritorio/fac/IA1/Truco-AI/game/agents/RL-Agents/q_tables/exp2_vs_rational_789987.pkl,J0,30,28,28,30,25,13,12
87,rational,q_learning,N/A,/home/renzo/Escritorio/fac/IA1/Truco-AI/game/agents/RL-Agents/q_tables/exp2_vs_rational_789987.pkl,J0,30,20,20,30,28,17,11
88,rational,q_learning,N/A,/home/renzo/Escritorio/fac/IA1/Truco-AI/game/agents/RL-Agents/q_tables/exp2_vs_rational_789987.pkl,J1,15,30,30,15,23,9,14
89,rational,q_learning,N/A,/home/renzo/Escritorio/fac/IA1/Truco-AI/game/agents/RL-Agents/q_tables/exp2_vs_rational_789987.pkl,J1,22,30,30,22,25,12,13
90,rational,q_learning,N/A,/home/renzo/Escritorio/fac/IA1/Truco-AI/game/agents/RL-Agents/q_tables/exp2_vs_rational_789987.pkl,J1,22,30,30,22,25,10,15
91,rational,q_learning,N/A,/home/renzo/Escritorio/fac/IA1/Truco-AI/game/agents/RL-Agents/q_tables/exp2_vs_rational_789987.pkl,J1,23,30,30,23,25,11,14
92,rational,q_learning,N/A,/home/renzo/Escritorio/fac/IA1/Truco-AI/game/agents/RL-Agents/q_tables/exp2_vs_rational_789987.pkl,J1,19,30,30,19,26,10,16
93,rational,q_learning,N/A,/home/renzo/Escritorio/fac/IA1/Truco-AI/game/agents/RL-Agents/q_tables/exp2_vs_rational_789987.pkl,J1,27,30,30,27,30,15,15
94,rational,q_learning,N/A,/home/renzo/Escritorio/fac/IA1/Truco-AI/game/agents/RL-Agents/q_tables/exp2_vs_rational_789987.pkl,J1,20,30,30,20,28,13,15
95,rational,q_learning,N/A,/home/renzo/Escritorio/fac/IA1/Truco-AI/game/agents/RL-Agents/q_tables/exp2_vs_rational_789987.pkl,J0,30,22,22,30,24,13,11
96,rational,q_learning,N/A,/home/renzo/Escritorio/fac/IA1/Truco-AI/game/agents/RL-Agents/q_tables/exp2_vs_rational_789987.pkl,J1,21,30,30,21,21,10,11
97,rational,q_learning,N/A,/home/renzo/Escritorio/fac/IA1/Truco-AI/game/agents/RL-Agents/q_tables/exp2_vs_rational_789987.pkl,J0,30,29,29,30,30,13,17
98,rational,q_learning,N/A,/home/renzo/Escritorio/fac/IA1/Truco-AI/game/agents/RL-Agents/q_tables/exp2_vs_rational_789987.pkl,J1,22,30,30,22,29,11,18
99,rational,q_learning,N/A,/home/renzo/Escritorio/fac/IA1/Truco-AI/game/agents/RL-Agents/q_tables/exp2_vs_rational_789987.pkl,J1,15,30,30,15,25,10,15
100,rational,q_learning,N/A,/home/renzo/Escritorio/fac/IA1/Truco-AI/game/agents/RL-Agents/q_tables/exp2_vs_rational_789987.pkl,J1,17,30,30,17,20,8,12
101,rational,q_learning,N/A,/home/renzo/Escritorio/fac/IA1/Truco-AI/game/agents/RL-Agents/q_tables/exp2_vs_rational_789987.pkl,J1,21,30,30,21,24,10,14
102,rational,q_learning,N/A,/home/renzo/Escritorio/fac/IA1/Truco-AI/game/agents/RL-Agents/q_tables/exp2_vs_rational_789987.pkl,J1,23,30,30,23,30,16,14
103,rational,q_learning,N/A,/home/renzo/Escritorio/fac/IA1/Truco-AI/game/agents/RL-Agents/q_tables/exp2_vs_rational_789987.pkl,J1,19,30,30,19,25,14,11
104,rational,q_learning,N/A,/home/renzo/Escritorio/fac/IA1/Truco-AI/game/agents/RL-Agents/q_tables/exp2_vs_rational_789987.pkl,J0,30,23,23,30,25,14,11
105,rational,q_learning,N/A,/home/renzo/Escritorio/fac/IA1/Truco-AI/game/agents/RL-Agents/q_tables/exp2_vs_rational_789987.pkl,J1,23,30,30,23,27,14,13
106,rational,q_learning,N/A,/home/renzo/Escritorio/fac/IA1/Truco-AI/game/agents/RL-Agents/q_tables/exp2_vs_rational_789987.pkl,J1,17,30,30,17,23,11,12
107,rational,q_learning,N/A,/home/renzo/Escritorio/fac/IA1/Truco-AI/game/agents/RL-Agents/q_tables/exp2_vs_rational_789987.pkl,J1,14,30,30,14,23,8,15
108,rational,q_learning,N/A,/home/renzo/Escritorio/fac/IA1/Truco-AI/game/agents/RL-Agents/q_tables/exp2_vs_rational_789987.pkl,J1,11,30,30,11,19,8,11
109,rational,q_learning,N/A,/home/renzo/Escritorio/fac/IA1/Truco-AI/game/agents/RL-Agents/q_tables/exp2_vs_rational_789987.pkl,J0,30,27,27,30,27,14,13
110,rational,q_learning,N/A,/home/renzo/Escritorio/fac/IA1/Truco-AI/game/agents/RL-Agents/q_tables/exp2_vs_rational_789987.pkl,J0,30,28,28,30,24,13,11
111,rational,q_learning,N/A,/home/renzo/Escritorio/fac/IA1/Truco-AI/game/agents/RL-Agents/q_tables/exp2_vs_rational_789987.pkl,J0,30,27,27,30,29,20,9
112,rational,q_learning,N/A,/home/renzo/Escritorio/fac/IA1/Truco-AI/game/agents/RL-Agents/q_tables/exp2_vs_rational_789987.pkl,J1,21,30,30,21,24,13,11
113,rational,q_learning,N/A,/home/renzo/Escritorio/fac/IA1/Truco-AI/game/agents/RL-Agents/q_tables/exp2_vs_rational_789987.pkl,J1,12,30,30,12,21,6,15
114,rational,q_learning,N/A,/home/renzo/Escritorio/fac/IA1/Truco-AI/game/agents/RL-Agents/q_tables/exp2_vs_rational_789987.pkl,J1,22,30,30,22,25,13,12
115,rational,q_learning,N/A,/home/renzo/Escritorio/fac/IA1/Truco-AI/game/agents/RL-Agents/q_tables/exp2_vs_rational_789987.pkl,J1,18,30,30,18,25,9,16
116,rational,q_learning,N/A,/home/renzo/Escritorio/fac/IA1/Truco-AI/game/agents/RL-Agents/q_tables/exp2_vs_rational_789987.pkl,J0,30,23,23,30,30,18,12
117,rational,q_learning,N/A,/home/renzo/Escritorio/fac/IA1/Truco-AI/game/agents/RL-Agents/q_tables/exp2_vs_rational_789987.pkl,J1,27,30,30,27,26,14,12
118,rational,q_learning,N/A,/home/renzo/Escritorio/fac/IA1/Truco-AI/game/agents/RL-Agents/q_tables/exp2_vs_rational_789987.pkl,J1,24,30,30,24,25,11,14
119,rational,q_learning,N/A,/home/renzo/Escritorio/fac/IA1/Truco-AI/game/agents/RL-Agents/q_tables/exp2_vs_rational_789987.pkl,J1,14,30,30,14,17,5,12
120,rational,q_learning,N/A,/home/renzo/Escritorio/fac/IA1/Truco-AI/game/agents/RL-Agents/q_tables/exp2_vs_rational_789987.pkl,J0,30,19,19,30,24,18,6
121,rational,q_learning,N/A,/home/renzo/Escritorio/fac/IA1/Truco-AI/game/agents/RL-Agents/q_tables/exp2_vs_rational_789987.pkl,J1,20,30,30,20,24,13,11
122,rational,q_learning,N/A,/home/renzo/Escritorio/fac/IA1/Truco-AI/game/agents/RL-Agents/q_tables/exp2_vs_rational_789987.pkl,J1,28,30,30,28,28,15,13
123,rational,q_learning,N/A,/home/renzo/Escritorio/fac/IA1/Truco-AI/game/agents/RL-Agents/q_tables/exp2_vs_rational_789987.pkl,J0,30,29,29,30,28,12,16
124,rational,q_learning,N/A,/home/renzo/Escritorio/fac/IA1/Truco-AI/game/agents/RL-Agents/q_tables/exp2_vs_rational_789987.pkl,J1,26,30,30,26,28,15,13
125,rational,q_learning,N/A,/home/renzo/Escritorio/fac/IA1/Truco-AI/game/agents/RL-Agents/q_tables/exp2_vs_rational_789987.pkl,J1,27,30,30,27,23,12,11
126,rational,q_learning,N/A,/home/renzo/Escritorio/fac/IA1/Truco-AI/game/agents/RL-Agents/q_tables/exp2_vs_rational_789987.pkl,J1,25,30,30,25,28,13,15
127,rational,q_learning,N/A,/home/renzo/Escritorio/fac/IA1/Truco-AI/game/agents/RL-Agents/q_tables/exp2_vs_rational_789987.pkl,J1,28,30,30,28,27,12,15
128,rational,q_learning,N/A,/home/renzo/Escritorio/fac/IA1/Truco-AI/game/agents/RL-Agents/q_tables/exp2_vs_rational_789987.pkl,J1,22,30,30,22,24,11,13
129,rational,q_learning,N/A,/home/renzo/Escritorio/fac/IA1/Truco-AI/game/agents/RL-Agents/q_tables/exp2_vs_rational_789987.pkl,J1,29,30,30,29,25,10,15
130,rational,q_learning,N/A,/home/renzo/Escritorio/fac/IA1/Truco-AI/game/agents/RL-Agents/q_tables/exp2_vs_rational_789987.pkl,J1,21,30,30,21,28,12,16
131,rational,q_learning,N/A,/home/renzo/Escritorio/fac/IA1/Truco-AI/game/agents/RL-Agents/q_tables/exp2_vs_rational_789987.pkl,J1,10,30,30,10,18,6,12
132,rational,q_learning,N/A,/home/renzo/Escritorio/fac/IA1/Truco-AI/game/agents/RL-Agents/q_tables/exp2_vs_rational_789987.pkl,J1,8,30,30,8,19,5,14
133,rational,q_learning,N/A,/home/renzo/Escritorio/fac/IA1/Truco-AI/game/agents/RL-Agents/q_tables/exp2_vs_rational_789987.pkl,J1,10,30,30,10,18,7,11
134,rational,q_learning,N/A,/home/renzo/Escritorio/fac/IA1/Truco-AI/game/agents/RL-Agents/q_tables/exp2_vs_rational_789987.pkl,J1,23,30,30,23,29,16,13
135,rational,q_learning,N/A,/home/renzo/Escritorio/fac/IA1/Truco-AI/game/agents/RL-Agents/q_tables/exp2_vs_rational_789987.pkl,J1,27,30,30,27,30,17,13
136,rational,q_learning,N/A,/home/renzo/Escritorio/fac/IA1/Truco-AI/game/agents/RL-Agents/q_tables/exp2_vs_rational_789987.pkl,J1,20,30,30,20,25,14,11
137,rational,q_learning,N/A,/home/renzo/Escritorio/fac/IA1/Truco-AI/game/agents/RL-Agents/q_tables/exp2_vs_rational_789987.pkl,J1,13,30,30,13,20,7,13
138,rational,q_learning,N/A,/home/renzo/Escritorio/fac/IA1/Truco-AI/game/agents/RL-Agents/q_tables/exp2_vs_rational_789987.pkl,J1,17,30,30,17,23,10,13
139,rational,q_learning,N/A,/home/renzo/Escritorio/fac/IA1/Truco-AI/game/agents/RL-Agents/q_tables/exp2_vs_rational_789987.pkl,J1,20,30,30,20,22,12,10
140,rational,q_learning,N/A,/home/renzo/Escritorio/fac/IA1/Truco-AI/game/agents/RL-Agents/q_tables/exp2_vs_rational_789987.pkl,J1,29,30,30,29,32,14,18
141,rational,q_learning,N/A,/home/renzo/Escritorio/fac/IA1/Truco-AI/game/agents/RL-Agents/q_tables/exp2_vs_rational_789987.pkl,J0,30,20,20,30,25,18,7
142,rational,q_learning,N/A,/home/renzo/Escritorio/fac/IA1/Truco-AI/game/agents/RL-Agents/q_tables/exp2_vs_rational_789987.pkl,J0,30,27,27,30,31,18,13
143,rational,q_learning,N/A,/home/renzo/Escritorio/fac/IA1/Truco-AI/game/agents/RL-Agents/q_tables/exp2_vs_rational_789987.pkl,J1,28,30,30,28,26,15,11
144,rational,q_learning,N/A,/home/renzo/Escritorio/fac/IA1/Truco-AI/game/agents/RL-Agents/q_tables/exp2_vs_rational_789987.pkl,J1,23,30,30,23,23,8,15
145,rational,q_learning,N/A,/home/renzo/Escritorio/fac/IA1/Truco-AI/game/agents/RL-Agents/q_tables/exp2_vs_rational_789987.pkl,J0,30,19,19,30,23,13,10
146,rational,q_learning,N/A,/home/renzo/Escritorio/fac/IA1/Truco-AI/game/agents/RL-Agents/q_tables/exp2_vs_rational_789987.pkl,J1,28,30,30,28,30,13,17
147,rational,q_learning,N/A,/home/renzo/Escritorio/fac/IA1/Truco-AI/game/agents/RL-Agents/q_tables/exp2_vs_rational_789987.pkl,J1,19,30,30,19,26,9,17
148,rational,q_learning,N/A,/home/renzo/Escritorio/fac/IA1/Truco-AI/game/agents/RL-Agents/q_tables/exp2_vs_rational_789987.pkl,J1,9,30,30,9,19,6,13
149,rational,q_learning,N/A,/home/renzo/Escritorio/fac/IA1/Truco-AI/game/agents/RL-Agents/q_tables/exp2_vs_rational_789987.pkl,J1,21,30,30,21,21,9,12
150,rational,q_learning,N/A,/home/renzo/Escritorio/fac/IA1/Truco-AI/game/agents/RL-Agents/q_tables/exp2_vs_rational_789987.pkl,J1,23,30,30,23,27,16,11
151,rational,q_learning,N/A,/home/renzo/Escritorio/fac/IA1/Truco-AI/game/agents/RL-Agents/q_tables/exp2_vs_rational_789987.pkl,J1,20,30,30,20,30,16,14
152,rational,q_learning,N/A,/home/renzo/Escritorio/fac/IA1/Truco-AI/game/agents/RL-Agents/q_tables/exp2_vs_rational_789987.pkl,J0,30,24,24,30,28,16,12
153,rational,q_learning,N/A,/home/renzo/Escritorio/fac/IA1/Truco-AI/game/agents/RL-Agents/q_tables/exp2_vs_rational_789987.pkl,J0,30,23,23,30,27,16,11
154,rational,q_learning,N/A,/home/renzo/Escritorio/fac/IA1/Truco-AI/game/agents/RL-Agents/q_tables/exp2_vs_rational_789987.pkl,J1,27,30,30,27,30,13,17
155,rational,q_learning,N/A,/home/renzo/Escritorio/fac/IA1/Truco-AI/game/agents/RL-Agents/q_tables/exp2_vs_rational_789987.pkl,J1,20,30,30,20,28,10,18
156,rational,q_learning,N/A,/home/renzo/Escritorio/fac/IA1/Truco-AI/game/agents/RL-Agents/q_tables/exp2_vs_rational_789987.pkl,J0,30,29,29,30,24,13,11
157,rational,q_learning,N/A,/home/renzo/Escritorio/fac/IA1/Truco-AI/game/agents/RL-Agents/q_tables/exp2_vs_rational_789987.pkl,J1,27,30,30,27,26,13,13
158,rational,q_learning,N/A,/home/renzo/Escritorio/fac/IA1/Truco-AI/game/agents/RL-Agents/q_tables/exp2_vs_rational_789987.pkl,J1,29,30,30,29,32,20,12
159,rational,q_learning,N/A,/home/renzo/Escritorio/fac/IA1/Truco-AI/game/agents/RL-Agents/q_tables/exp2_vs_rational_789987.pkl,J1,25,30,30,25,27,13,14
160,rational,q_learning,N/A,/home/renzo/Escritorio/fac/IA1/Truco-AI/game/agents/RL-Agents/q_tables/exp2_vs_rational_789987.pkl,J0,30,24,24,30,29,19,10
161,rational,q_learning,N/A,/home/renzo/Escritorio/fac/IA1/Truco-AI/game/agents/RL-Agents/q_tables/exp2_vs_rational_789987.pkl,J1,28,30,30,28,32,18,14
162,rational,q_learning,N/A,/home/renzo/Escritorio/fac/IA1/Truco-AI/game/agents/RL-Agents/q_tables/exp2_vs_rational_789987.pkl,J0,30,23,23,30,28,16,12
163,rational,q_learning,N/A,/home/renzo/Escritorio/fac/IA1/Truco-AI/game/agents/RL-Agents/q_tables/exp2_vs_rational_789987.pkl,J1,19,30,30,19,24,11,13
164,rational,q_learning,N/A,/home/renzo/Escritorio/fac/IA1/Truco-AI/game/agents/RL-Agents/q_tables/exp2_vs_rational_789987.pkl,J1,20,30,30,20,23,10,13
165,rational,q_learning,N/A,/home/renzo/Escritorio/fac/IA1/Truco-AI/game/agents/RL-Agents/q_tables/exp2_vs_rational_789987.pkl,J1,17,30,30,17,24,8,16
166,rational,q_learning,N/A,/home/renzo/Escritorio/fac/IA1/Truco-AI/game/agents/RL-Agents/q_tables/exp2_vs_rational_789987.pkl,J1,16,30,30,16,24,11,13
167,rational,q_learning,N/A,/home/renzo/Escritorio/fac/IA1/Truco-AI/game/agents/RL-Agents/q_tables/exp2_vs_rational_789987.pkl,J0,30,26,26,30,31,15,16
168,rational,q_learning,N/A,/home/renzo/Escritorio/fac/IA1/Truco-AI/game/agents/RL-Agents/q_tables/exp2_vs_rational_789987.pkl,J0,30,19,19,30,33,22,11
169,rational,q_learning,N/A,/home/renzo/Escritorio/fac/IA1/Truco-AI/game/agents/RL-Agents/q_tables/exp2_vs_rational_789987.pkl,J1,29,30,30,29,31,19,12
170,rational,q_learning,N/A,/home/renzo/Escritorio/fac/IA1/Truco-AI/game/agents/RL-Agents/q_tables/exp2_vs_rational_789987.pkl,J1,19,30,30,19,24,12,12
171,rational,q_learning,N/A,/home/renzo/Escritorio/fac/IA1/Truco-AI/game/agents/RL-Agents/q_tables/exp2_vs_rational_789987.pkl,J0,30,18,18,30,28,19,9
172,rational,q_learning,N/A,/home/renzo/Escritorio/fac/IA1/Truco-AI/game/agents/RL-Agents/q_tables/exp2_vs_rational_789987.pkl,J0,30,25,25,30,30,17,13
173,rational,q_learning,N/A,/home/renzo/Escritorio/fac/IA1/Truco-AI/game/agents/RL-Agents/q_tables/exp2_vs_rational_789987.pkl,J1,21,30,30,21,30,12,18
174,rational,q_learning,N/A,/home/renzo/Escritorio/fac/IA1/Truco-AI/game/agents/RL-Agents/q_tables/exp2_vs_rational_789987.pkl,J1,22,30,30,22,24,9,15
175,rational,q_learning,N/A,/home/renzo/Escritorio/fac/IA1/Truco-AI/game/agents/RL-Agents/q_tables/exp2_vs_rational_789987.pkl,J0,30,27,27,30,29,17,12
176,rational,q_learning,N/A,/home/renzo/Escritorio/fac/IA1/Truco-AI/game/agents/RL-Agents/q_tables/exp2_vs_rational_789987.pkl,J1,22,30,30,22,29,10,19
177,rational,q_learning,N/A,/home/renzo/Escritorio/fac/IA1/Truco-AI/game/agents/RL-Agents/q_tables/exp2_vs_rational_789987.pkl,J0,30,10,10,30,19,12,7
178,rational,q_learning,N/A,/home/renzo/Escritorio/fac/IA1/Truco-AI/game/agents/RL-Agents/q_tables/exp2_vs_rational_789987.pkl,J0,30,24,24,30,31,21,10
179,rational,q_learning,N/A,/home/renzo/Escritorio/fac/IA1/Truco-AI/game/agents/RL-Agents/q_tables/exp2_vs_rational_789987.pkl,J1,27,30,30,27,28,11,17
180,rational,q_learning,N/A,/home/renzo/Escritorio/fac/IA1/Truco-AI/game/agents/RL-Agents/q_tables/exp2_vs_rational_789987.pkl,J1,21,30,30,21,23,7,16
181,rational,q_learning,N/A,/home/renzo/Escritorio/fac/IA1/Truco-AI/game/agents/RL-Agents/q_tables/exp2_vs_rational_789987.pkl,J0,30,28,28,30,24,10,14
182,rational,q_learning,N/A,/home/renzo/Escritorio/fac/IA1/Truco-AI/game/agents/RL-Agents/q_tables/exp2_vs_rational_789987.pkl,J1,17,30,30,17,23,8,15
183,rational,q_learning,N/A,/home/renzo/Escritorio/fac/IA1/Truco-AI/game/agents/RL-Agents/q_tables/exp2_vs_rational_789987.pkl,J1,27,30,30,27,30,18,12
184,rational,q_learning,N/A,/home/renzo/Escritorio/fac/IA1/Truco-AI/game/agents/RL-Agents/q_tables/exp2_vs_rational_789987.pkl,J0,30,17,17,30,22,13,9
185,rational,q_learning,N/A,/home/renzo/Escritorio/fac/IA1/Truco-AI/game/agents/RL-Agents/q_tables/exp2_vs_rational_789987.pkl,J0,30,29,29,30,29,12,17
186,rational,q_learning,N/A,/home/renzo/Escritorio/fac/IA1/Truco-AI/game/agents/RL-Agents/q_tables/exp2_vs_rational_789987.pkl,J1,24,30,30,24,23,9,14
187,rational,q_learning,N/A,/home/renzo/Escritorio/fac/IA1/Truco-AI/game/agents/RL-Agents/q_tables/exp2_vs_rational_789987.pkl,J0,30,26,26,30,26,15,11
188,rational,q_learning,N/A,/home/renzo/Escritorio/fac/IA1/Truco-AI/game/agents/RL-Agents/q_tables/exp2_vs_rational_789987.pkl,J0,30,29,29,30,30,18,12
189,rational,q_learning,N/A,/home/renzo/Escritorio/fac/IA1/Truco-AI/game/agents/RL-Agents/q_tables/exp2_vs_rational_789987.pkl,J0,30,29,29,30,27,14,13
190,rational,q_learning,N/A,/home/renzo/Escritorio/fac/IA1/Truco-AI/game/agents/RL-Agents/q_tables/exp2_vs_rational_789987.pkl,J0,30,26,26,30,28,17,11
191,rational,q_learning,N/A,/home/renzo/Escritorio/fac/IA1/Truco-AI/game/agents/RL-Agents/q_tables/exp2_vs_rational_789987.pkl,J0,30,25,25,30,29,16,13
192,rational,q_learning,N/A,/home/renzo/Escritorio/fac/IA1/Truco-AI/game/agents/RL-Agents/q_tables/exp2_vs_rational_789987.pkl,J1,22,30,30,22,24,10,14
193,rational,q_learning,N/A,/home/renzo/Escritorio/fac/IA1/Truco-AI/game/agents/RL-Agents/q_tables/exp2_vs_rational_789987.pkl,J1,16,30,30,16,21,10,11
194,rational,q_learning,N/A,/home/renzo/Escritorio/fac/IA1/Truco-AI/game/agents/RL-Agents/q_tables/exp2_vs_rational_789987.pkl,J1,12,30,30,12,18,7,11
195,rational,q_learning,N/A,/home/renzo/Escritorio/fac/IA1/Truco-AI/game/agents/RL-Agents/q_tables/exp2_vs_rational_789987.pkl,J1,24,30,30,24,28,14,14
196,rational,q_learning,N/A,/home/renzo/Escritorio/fac/IA1/Truco-AI/game/agents/RL-Agents/q_tables/exp2_vs_rational_789987.pkl,J1,22,30,30,22,25,12,13
197,rational,q_learning,N/A,/home/renzo/Escritorio/fac/IA1/Truco-AI/game/agents/RL-Agents/q_tables/exp2_vs_rational_789987.pkl,J0,30,19,19,30,24,16,8
198,rational,q_learning,N/A,/home/renzo/Escritorio/fac/IA1/Truco-AI/game/agents/RL-Agents/q_tables/exp2_vs_rational_789987.pkl,J1,23,30,30,23,28,11,17
199,rational,q_learning,N/A,/home/renzo/Escritorio/fac/IA1/Truco-AI/game/agents/RL-Agents/q_tables/exp2_vs_rational_789987.pkl,J1,25,30,30,25,28,15,13
200,rational,q_learning,N/A,/home/renzo/Escritorio/fac/IA1/Truco-AI/game/agents/RL-Agents/q_tables/exp2_vs_rational_789987.pkl,J1,24,30,30,24,30,17,13
201,rational,q_learning,N/A,/home/renzo/Escritorio/fac/IA1/Truco-AI/game/agents/RL-Agents/q_tables/exp2_vs_rational_789987.pkl,J0,30,29,29,30,28,13,15
202,rational,q_learning,N/A,/home/renzo/Escritorio/fac/IA1/Truco-AI/game/agents/RL-Agents/q_tables/exp2_vs_rational_789987.pkl,J0,30,27,27,30,31,20,11
203,rational,q_learning,N/A,/home/renzo/Escritorio/fac/IA1/Truco-AI/game/agents/RL-Agents/q_tables/exp2_vs_rational_789987.pkl,J1,17,30,30,17,22,12,10
204,rational,q_learning,N/A,/home/renzo/Escritorio/fac/IA1/Truco-AI/game/agents/RL-Agents/q_tables/exp2_vs_rational_789987.pkl,J1,25,30,30,25,29,15,14
205,rational,q_learning,N/A,/home/renzo/Escritorio/fac/IA1/Truco-AI/game/agents/RL-Agents/q_tables/exp2_vs_rational_789987.pkl,J1,15,30,30,15,18,10,8
206,rational,q_learning,N/A,/home/renzo/Escritorio/fac/IA1/Truco-AI/game/agents/RL-Agents/q_tables/exp2_vs_rational_789987.pkl,J0,30,20,20,30,26,18,8
207,rational,q_learning,N/A,/home/renzo/Escritorio/fac/IA1/Truco-AI/game/agents/RL-Agents/q_tables/exp2_vs_rational_789987.pkl,J1,10,30,30,10,20,6,14
208,rational,q_learning,N/A,/home/renzo/Escritorio/fac/IA1/Truco-AI/game/agents/RL-Agents/q_tables/exp2_vs_rational_789987.pkl,J1,16,30,30,16,20,6,14
209,rational,q_learning,N/A,/home/renzo/Escritorio/fac/IA1/Truco-AI/game/agents/RL-Agents/q_tables/exp2_vs_rational_789987.pkl,J1,29,30,30,29,29,14,15
210,rational,q_learning,N/A,/home/renzo/Escritorio/fac/IA1/Truco-AI/game/agents/RL-Agents/q_tables/exp2_vs_rational_789987.pkl,J0,30,27,27,30,28,15,13
211,rational,q_learning,N/A,/home/renzo/Escritorio/fac/IA1/Truco-AI/game/agents/RL-Agents/q_tables/exp2_vs_rational_789987.pkl,J0,30,21,21,30,28,15,13
212,rational,q_learning,N/A,/home/renzo/Escritorio/fac/IA1/Truco-AI/game/agents/RL-Agents/q_tables/exp2_vs_rational_789987.pkl,J1,22,30,30,22,30,14,16
213,rational,q_learning,N/A,/home/renzo/Escritorio/fac/IA1/Truco-AI/game/agents/RL-Agents/q_tables/exp2_vs_rational_789987.pkl,J1,19,30,30,19,25,10,15
214,rational,q_learning,N/A,/home/renzo/Escritorio/fac/IA1/Truco-AI/game/agents/RL-Agents/q_tables/exp2_vs_rational_789987.pkl,J1,22,30,30,22,21,9,12
215,rational,q_learning,N/A,/home/renzo/Escritorio/fac/IA1/Truco-AI/game/agents/RL-Agents/q_tables/exp2_vs_rational_789987.pkl,J1,13,30,30,13,20,9,11
216,rational,q_learning,N/A,/home/renzo/Escritorio/fac/IA1/Truco-AI/game/agents/RL-Agents/q_tables/exp2_vs_rational_789987.pkl,J1,19,30,30,19,23,8,15
217,rational,q_learning,N/A,/home/renzo/Escritorio/fac/IA1/Truco-AI/game/agents/RL-Agents/q_tables/exp2_vs_rational_789987.pkl,J1,16,30,30,16,23,9,14
218,rational,q_learning,N/A,/home/renzo/Escritorio/fac/IA1/Truco-AI/game/agents/RL-Agents/q_tables/exp2_vs_rational_789987.pkl,J0,30,24,24,30,31,19,12
219,rational,q_learning,N/A,/home/renzo/Escritorio/fac/IA1/Truco-AI/game/agents/RL-Agents/q_tables/exp2_vs_rational_789987.pkl,J1,24,30,30,24,27,12,15
220,rational,q_learning,N/A,/home/renzo/Escritorio/fac/IA1/Truco-AI/game/agents/RL-Agents/q_tables/exp2_vs_rational_789987.pkl,J1,19,30,30,19,25,11,14
221,rational,q_learning,N/A,/home/renzo/Escritorio/fac/IA1/Truco-AI/game/agents/RL-Agents/q_tables/exp2_vs_rational_789987.pkl,J1,28,30,30,28,30,15,15
222,rational,q_learning,N/A,/home/renzo/Escritorio/fac/IA1/Truco-AI/game/agents/RL-Agents/q_tables/exp2_vs_rational_789987.pkl,J1,17,30,30,17,23,7,16
223,rational,q_learning,N/A,/home/renzo/Escritorio/fac/IA1/Truco-AI/game/agents/RL-Agents/q_tables/exp2_vs_rational_789987.pkl,J1,12,30,30,12,24,5,19
224,rational,q_learning,N/A,/home/renzo/Escritorio/fac/IA1/Truco-AI/game/agents/RL-Agents/q_tables/exp2_vs_rational_789987.pkl,J0,30,27,27,30,29,12,17
225,rational,q_learning,N/A,/home/renzo/Escritorio/fac/IA1/Truco-AI/game/agents/RL-Agents/q_tables/exp2_vs_rational_789987.pkl,J1,11,30,30,11,17,6,11
226,rational,q_learning,N/A,/home/renzo/Escritorio/fac/IA1/Truco-AI/game/agents/RL-Agents/q_tables/exp2_vs_rational_789987.pkl,J0,30,26,26,30,25,11,14
227,rational,q_learning,N/A,/home/renzo/Escritorio/fac/IA1/Truco-AI/game/agents/RL-Agents/q_tables/exp2_vs_rational_789987.pkl,J1,19,30,30,19,29,13,16
228,rational,q_learning,N/A,/home/renzo/Escritorio/fac/IA1/Truco-AI/game/agents/RL-Agents/q_tables/exp2_vs_rational_789987.pkl,J0,30,25,25,30,30,16,14
229,rational,q_learning,N/A,/home/renzo/Escritorio/fac/IA1/Truco-AI/game/agents/RL-Agents/q_tables/exp2_vs_rational_789987.pkl,J1,25,30,30,25,29,16,13
230,rational,q_learning,N/A,/home/renzo/Escritorio/fac/IA1/Truco-AI/game/agents/RL-Agents/q_tables/exp2_vs_rational_789987.pkl,J0,30,28,28,30,26,15,11
231,rational,q_learning,N/A,/home/renzo/Escritorio/fac/IA1/Truco-AI/game/agents/RL-Agents/q_tables/exp2_vs_rational_789987.pkl,J1,10,30,30,10,18,5,13
232,rational,q_learning,N/A,/home/renzo/Escritorio/fac/IA1/Truco-AI/game/agents/RL-Agents/q_tables/exp2_vs_rational_789987.pkl,J1,27,30,30,27,31,17,14
233,rational,q_learning,N/A,/home/renzo/Escritorio/fac/IA1/Truco-AI/game/agents/RL-Agents/q_tables/exp2_vs_rational_789987.pkl,J1,25,30,30,25,27,17,10
234,rational,q_learning,N/A,/home/renzo/Escritorio/fac/IA1/Truco-AI/game/agents/RL-Agents/q_tables/exp2_vs_rational_789987.pkl,J1,25,30,30,25,29,17,12
235,rational,q_learning,N/A,/home/renzo/Escritorio/fac/IA1/Truco-AI/game/agents/RL-Agents/q_tables/exp2_vs_rational_789987.pkl,J1,28,30,30,28,27,14,13
236,rational,q_learning,N/A,/home/renzo/Escritorio/fac/IA1/Truco-AI/game/agents/RL-Agents/q_tables/exp2_vs_rational_789987.pkl,J1,16,30,30,16,24,11,13
237,rational,q_learning,N/A,/home/renzo/Escritorio/fac/IA1/Truco-AI/game/agents/RL-Agents/q_tables/exp2_vs_rational_789987.pkl,J1,11,30,30,11,23,6,17
238,rational,q_learning,N/A,/home/renzo/Escritorio/fac/IA1/Truco-AI/game/agents/RL-Agents/q_tables/exp2_vs_rational_789987.pkl,J0,30,20,20,30,29,18,11
239,rational,q_learning,N/A,/home/renzo/Escritorio/fac/IA1/Truco-AI/game/agents/RL-Agents/q_tables/exp2_vs_rational_789987.pkl,J1,23,30,30,23,25,14,11
240,rational,q_learning,N/A,/home/renzo/Escritorio/fac/IA1/Truco-AI/game/agents/RL-Agents/q_tables/exp2_vs_rational_789987.pkl,J1,24,30,30,24,28,12,16
241,rational,q_learning,N/A,/home/renzo/Escritorio/fac/IA1/Truco-AI/game/agents/RL-Agents/q_tables/exp2_vs_rational_789987.pkl,J1,22,30,30,22,28,10,18
242,rational,q_learning,N/A,/home/renzo/Escritorio/fac/IA1/Truco-AI/game/agents/RL-Agents/q_tables/exp2_vs_rational_789987.pkl,J1,18,30,30,18,24,9,15
243,rational,q_learning,N/A,/home/renzo/Escritorio/fac/IA1/Truco-AI/game/agents/RL-Agents/q_tables/exp2_vs_rational_789987.pkl,J1,19,30,30,19,19,13,6
244,rational,q_learning,N/A,/home/renzo/Escritorio/fac/IA1/Truco-AI/game/agents/RL-Agents/q_tables/exp2_vs_rational_789987.pkl,J0,30,21,21,30,30,21,9
245,rational,q_learning,N/A,/home/renzo/Escritorio/fac/IA1/Truco-AI/game/agents/RL-Agents/q_tables/exp2_vs_rational_789987.pkl,J0,30,24,24,30,31,19,12
246,rational,q_learning,N/A,/home/renzo/Escritorio/fac/IA1/Truco-AI/game/agents/RL-Agents/q_tables/exp2_vs_rational_789987.pkl,J1,21,30,30,21,25,12,13
247,rational,q_learning,N/A,/home/renzo/Escritorio/fac/IA1/Truco-AI/game/agents/RL-Agents/q_tables/exp2_vs_rational_789987.pkl,J0,30,18,18,30,26,15,11
248,rational,q_learning,N/A,/home/renzo/Escritorio/fac/IA1/Truco-AI/game/agents/RL-Agents/q_tables/exp2_vs_rational_789987.pkl,J1,27,30,30,27,32,19,13
249,rational,q_learning,N/A,/home/renzo/Escritorio/fac/IA1/Truco-AI/game/agents/RL-Agents/q_tables/exp2_vs_rational_789987.pkl,J0,30,23,23,30,33,19,14
250,rational,q_learning,N/A,/home/renzo/Escritorio/fac/IA1/Truco-AI/game/agents/RL-Agents/q_tables/exp2_vs_rational_789987.pkl,J1,23,30,30,23,28,10,18
251,rational,q_learning,N/A,/home/renzo/Escritorio/fac/IA1/Truco-AI/game/agents/RL-Agents/q_tables/exp2_vs_rational_789987.pkl,J1,18,30,30,18,26,13,13
252,rational,q_learning,N/A,/home/renzo/Escritorio/fac/IA1/Truco-AI/game/agents/RL-Agents/q_tables/exp2_vs_rational_789987.pkl,J0,30,13,13,30,23,16,7
253,rational,q_learning,N/A,/home/renzo/Escritorio/fac/IA1/Truco-AI/game/agents/RL-Agents/q_tables/exp2_vs_rational_789987.pkl,J1,27,30,30,27,25,14,11
254,rational,q_learning,N/A,/home/renzo/Escritorio/fac/IA1/Truco-AI/game/agents/RL-Agents/q_tables/exp2_vs_rational_789987.pkl,J0,30,26,26,30,24,12,12
255,rational,q_learning,N/A,/home/renzo/Escritorio/fac/IA1/Truco-AI/game/agents/RL-Agents/q_tables/exp2_vs_rational_789987.pkl,J0,30,28,28,30,28,16,12
256,rational,q_learning,N/A,/home/renzo/Escritorio/fac/IA1/Truco-AI/game/agents/RL-Agents/q_tables/exp2_vs_rational_789987.pkl,J1,26,30,30,26,26,12,14
257,rational,q_learning,N/A,/home/renzo/Escritorio/fac/IA1/Truco-AI/game/agents/RL-Agents/q_tables/exp2_vs_rational_789987.pkl,J1,25,30,30,25,28,14,14
258,rational,q_learning,N/A,/home/renzo/Escritorio/fac/IA1/Truco-AI/game/agents/RL-Agents/q_tables/exp2_vs_rational_789987.pkl,J1,16,30,30,16,21,10,11
259,rational,q_learning,N/A,/home/renzo/Escritorio/fac/IA1/Truco-AI/game/agents/RL-Agents/q_tables/exp2_vs_rational_789987.pkl,J1,28,30,30,28,27,14,13
260,rational,q_learning,N/A,/home/renzo/Escritorio/fac/IA1/Truco-AI/game/agents/RL-Agents/q_tables/exp2_vs_rational_789987.pkl,J1,12,30,30,12,17,8,9
261,rational,q_learning,N/A,/home/renzo/Escritorio/fac/IA1/Truco-AI/game/agents/RL-Agents/q_tables/exp2_vs_rational_789987.pkl,J1,20,30,30,20,29,12,17
262,rational,q_learning,N/A,/home/renzo/Escritorio/fac/IA1/Truco-AI/game/agents/RL-Agents/q_tables/exp2_vs_rational_789987.pkl,J0,30,25,25,30,31,18,13
263,rational,q_learning,N/A,/home/renzo/Escritorio/fac/IA1/Truco-AI/game/agents/RL-Agents/q_tables/exp2_vs_rational_789987.pkl,J1,17,30,30,17,19,6,13
264,rational,q_learning,N/A,/home/renzo/Escritorio/fac/IA1/Truco-AI/game/agents/RL-Agents/q_tables/exp2_vs_rational_789987.pkl,J0,30,27,27,30,23,15,8
265,rational,q_learning,N/A,/home/renzo/Escritorio/fac/IA1/Truco-AI/game/agents/RL-Agents/q_tables/exp2_vs_rational_789987.pkl,J1,8,30,30,8,20,5,15
266,rational,q_learning,N/A,/home/renzo/Escritorio/fac/IA1/Truco-AI/game/agents/RL-Agents/q_tables/exp2_vs_rational_789987.pkl,J1,14,30,30,14,23,7,16
267,rational,q_learning,N/A,/home/renzo/Escritorio/fac/IA1/Truco-AI/game/agents/RL-Agents/q_tables/exp2_vs_rational_789987.pkl,J1,24,30,30,24,25,12,13
268,rational,q_learning,N/A,/home/renzo/Escritorio/fac/IA1/Truco-AI/game/agents/RL-Agents/q_tables/exp2_vs_rational_789987.pkl,J0,30,27,27,30,30,16,14
269,rational,q_learning,N/A,/home/renzo/Escritorio/fac/IA1/Truco-AI/game/agents/RL-Agents/q_tables/exp2_vs_rational_789987.pkl,J1,24,30,30,24,26,14,12
270,rational,q_learning,N/A,/home/renzo/Escritorio/fac/IA1/Truco-AI/game/agents/RL-Agents/q_tables/exp2_vs_rational_789987.pkl,J0,30,29,29,30,28,13,15
271,rational,q_learning,N/A,/home/renzo/Escritorio/fac/IA1/Truco-AI/game/agents/RL-Agents/q_tables/exp2_vs_rational_789987.pkl,J1,25,30,30,25,25,8,17
272,rational,q_learning,N/A,/home/renzo/Escritorio/fac/IA1/Truco-AI/game/agents/RL-Agents/q_tables/exp2_vs_rational_789987.pkl,J0,30,29,29,30,31,16,15
273,rational,q_learning,N/A,/home/renzo/Escritorio/fac/IA1/Truco-AI/game/agents/RL-Agents/q_tables/exp2_vs_rational_789987.pkl,J1,18,30,30,18,25,10,15
274,rational,q_learning,N/A,/home/renzo/Escritorio/fac/IA1/Truco-AI/game/agents/RL-Agents/q_tables/exp2_vs_rational_789987.pkl,J1,15,30,30,15,22,7,15
275,rational,q_learning,N/A,/home/renzo/Escritorio/fac/IA1/Truco-AI/game/agents/RL-Agents/q_tables/exp2_vs_rational_789987.pkl,J1,19,30,30,19,24,9,15
276,rational,q_learning,N/A,/home/renzo/Escritorio/fac/IA1/Truco-AI/game/agents/RL-Agents/q_tables/exp2_vs_rational_789987.pkl,J1,26,30,30,26,27,16,11
277,rational,q_learning,N/A,/home/renzo/Escritorio/fac/IA1/Truco-AI/game/agents/RL-Agents/q_tables/exp2_vs_rational_789987.pkl,J1,28,30,30,28,29,17,12
278,rational,q_learning,N/A,/home/renzo/Escritorio/fac/IA1/Truco-AI/game/agents/RL-Agents/q_tables/exp2_vs_rational_789987.pkl,J1,22,30,30,22,26,14,12
279,rational,q_learning,N/A,/home/renzo/Escritorio/fac/IA1/Truco-AI/game/agents/RL-Agents/q_tables/exp2_vs_rational_789987.pkl,J0,30,29,29,30,27,13,14
280,rational,q_learning,N/A,/home/renzo/Escritorio/fac/IA1/Truco-AI/game/agents/RL-Agents/q_tables/exp2_vs_rational_789987.pkl,J1,17,30,30,17,24,13,11
281,rational,q_learning,N/A,/home/renzo/Escritorio/fac/IA1/Truco-AI/game/agents/RL-Agents/q_tables/exp2_vs_rational_789987.pkl,J1,24,30,30,24,31,15,16
282,rational,q_learning,N/A,/home/renzo/Escritorio/fac/IA1/Truco-AI/game/agents/RL-Agents/q_tables/exp2_vs_rational_789987.pkl,J1,28,30,30,28,29,17,12
283,rational,q_learning,N/A,/home/renzo/Escritorio/fac/IA1/Truco-AI/game/agents/RL-Agents/q_tables/exp2_vs_rational_789987.pkl,J1,26,30,30,26,32,17,15
284,rational,q_learning,N/A,/home/renzo/Escritorio/fac/IA1/Truco-AI/game/agents/RL-Agents/q_tables/exp2_vs_rational_789987.pkl,J0,30,22,22,30,31,19,12
285,rational,q_learning,N/A,/home/renzo/Escritorio/fac/IA1/Truco-AI/game/agents/RL-Agents/q_tables/exp2_vs_rational_789987.pkl,J1,15,30,30,15,24,10,14
286,rational,q_learning,N/A,/home/renzo/Escritorio/fac/IA1/Truco-AI/game/agents/RL-Agents/q_tables/exp2_vs_rational_789987.pkl,J0,30,26,26,30,30,19,11
287,rational,q_learning,N/A,/home/renzo/Escritorio/fac/IA1/Truco-AI/game/agents/RL-Agents/q_tables/exp2_vs_rational_789987.pkl,J1,19,30,30,19,24,10,14
288,rational,q_learning,N/A,/home/renzo/Escritorio/fac/IA1/Truco-AI/game/agents/RL-Agents/q_tables/exp2_vs_rational_789987.pkl,J1,15,30,30,15,21,9,12
289,rational,q_learning,N/A,/home/renzo/Escritorio/fac/IA1/Truco-AI/game/agents/RL-Agents/q_tables/exp2_vs_rational_789987.pkl,J0,30,24,24,30,29,17,12
290,rational,q_learning,N/A,/home/renzo/Escritorio/fac/IA1/Truco-AI/game/agents/RL-Agents/q_tables/exp2_vs_rational_789987.pkl,J1,21,30,30,21,26,15,11
291,rational,q_learning,N/A,/home/renzo/Escritorio/fac/IA1/Truco-AI/game/agents/RL-Agents/q_tables/exp2_vs_rational_789987.pkl,J1,9,30,30,9,18,3,15
292,rational,q_learning,N/A,/home/renzo/Escritorio/fac/IA1/Truco-AI/game/agents/RL-Agents/q_tables/exp2_vs_rational_789987.pkl,J1,29,30,30,29,26,12,14
293,rational,q_learning,N/A,/home/renzo/Escritorio/fac/IA1/Truco-AI/game/agents/RL-Agents/q_tables/exp2_vs_rational_789987.pkl,J1,15,30,30,15,26,12,14
294,rational,q_learning,N/A,/home/renzo/Escritorio/fac/IA1/Truco-AI/game/agents/RL-Agents/q_tables/exp2_vs_rational_789987.pkl,J0,30,10,10,30,23,18,5
295,rational,q_learning,N/A,/home/renzo/Escritorio/fac/IA1/Truco-AI/game/agents/RL-Agents/q_tables/exp2_vs_rational_789987.pkl,J1,20,30,30,20,27,13,14
296,rational,q_learning,N/A,/home/renzo/Escritorio/fac/IA1/Truco-AI/game/agents/RL-Agents/q_tables/exp2_vs_rational_789987.pkl,J1,18,30,30,18,20,9,11
297,rational,q_learning,N/A,/home/renzo/Escritorio/fac/IA1/Truco-AI/game/agents/RL-Agents/q_tables/exp2_vs_rational_789987.pkl,J1,20,30,30,20,24,12,12
298,rational,q_learning,N/A,/home/renzo/Escritorio/fac/IA1/Truco-AI/game/agents/RL-Agents/q_tables/exp2_vs_rational_789987.pkl,J1,18,30,30,18,26,9,17
299,rational,q_learning,N/A,/home/renzo/Escritorio/fac/IA1/Truco-AI/game/agents/RL-Agents/q_tables/exp2_vs_rational_789987.pkl,J1,27,30,30,27,33,17,16
300,rational,q_learning,N/A,/home/renzo/Escritorio/fac/IA1/Truco-AI/game/agents/RL-Agents/q_tables/exp2_vs_rational_789987.pkl,J0,30,20,20,30,29,19,10
301,rational,q_learning,N/A,/home/renzo/Escritorio/fac/IA1/Truco-AI/game/agents/RL-Agents/q_tables/exp2_vs_rational_789987.pkl,J0,30,22,22,30,31,19,12
302,rational,q_learning,N/A,/home/renzo/Escritorio/fac/IA1/Truco-AI/game/agents/RL-Agents/q_tables/exp2_vs_rational_789987.pkl,J1,21,30,30,21,22,11,11
303,rational,q_learning,N/A,/home/renzo/Escritorio/fac/IA1/Truco-AI/game/agents/RL-Agents/q_tables/exp2_vs_rational_789987.pkl,J0,30,29,29,30,25,12,13
304,rational,q_learning,N/A,/home/renzo/Escritorio/fac/IA1/Truco-AI/game/agents/RL-Agents/q_tables/exp2_vs_rational_789987.pkl,J1,29,30,30,29,28,17,11
305,rational,q_learning,N/A,/home/renzo/Escritorio/fac/IA1/Truco-AI/game/agents/RL-Agents/q_tables/exp2_vs_rational_789987.pkl,J0,30,28,28,30,25,16,9
306,rational,q_learning,N/A,/home/renzo/Escritorio/fac/IA1/Truco-AI/game/agents/RL-Agents/q_tables/exp2_vs_rational_789987.pkl,J0,30,29,29,30,25,14,11
307,rational,q_learning,N/A,/home/renzo/Escritorio/fac/IA1/Truco-AI/game/agents/RL-Agents/q_tables/exp2_vs_rational_789987.pkl,J1,18,30,30,18,23,10,13
308,rational,q_learning,N/A,/home/renzo/Escritorio/fac/IA1/Truco-AI/game/agents/RL-Agents/q_tables/exp2_vs_rational_789987.pkl,J0,30,25,25,30,29,15,14
309,rational,q_learning,N/A,/home/renzo/Escritorio/fac/IA1/Truco-AI/game/agents/RL-Agents/q_tables/exp2_vs_rational_789987.pkl,J1,26,30,30,26,24,14,10
310,rational,q_learning,N/A,/home/renzo/Escritorio/fac/IA1/Truco-AI/game/agents/RL-Agents/q_tables/exp2_vs_rational_789987.pkl,J1,17,30,30,17,21,12,9
311,rational,q_learning,N/A,/home/renzo/Escritorio/fac/IA1/Truco-AI/game/agents/RL-Agents/q_tables/exp2_vs_rational_789987.pkl,J0,30,24,24,30,26,13,13
312,rational,q_learning,N/A,/home/renzo/Escritorio/fac/IA1/Truco-AI/game/agents/RL-Agents/q_tables/exp2_vs_rational_789987.pkl,J1,29,30,30,29,31,17,14
313,rational,q_learning,N/A,/home/renzo/Escritorio/fac/IA1/Truco-AI/game/agents/RL-Agents/q_tables/exp2_vs_rational_789987.pkl,J0,30,23,23,30,27,17,10
314,rational,q_learning,N/A,/home/renzo/Escritorio/fac/IA1/Truco-AI/game/agents/RL-Agents/q_tables/exp2_vs_rational_789987.pkl,J0,30,27,27,30,28,15,13
315,rational,q_learning,N/A,/home/renzo/Escritorio/fac/IA1/Truco-AI/game/agents/RL-Agents/q_tables/exp2_vs_rational_789987.pkl,J1,20,30,30,20,24,13,11
316,rational,q_learning,N/A,/home/renzo/Escritorio/fac/IA1/Truco-AI/game/agents/RL-Agents/q_tables/exp2_vs_rational_789987.pkl,J0,30,24,24,30,29,17,12
317,rational,q_learning,N/A,/home/renzo/Escritorio/fac/IA1/Truco-AI/game/agents/RL-Agents/q_tables/exp2_vs_rational_789987.pkl,J1,20,30,30,20,23,9,14
318,rational,q_learning,N/A,/home/renzo/Escritorio/fac/IA1/Truco-AI/game/agents/RL-Agents/q_tables/exp2_vs_rational_789987.pkl,J1,19,30,30,19,20,8,12
319,rational,q_learning,N/A,/home/renzo/Escritorio/fac/IA1/Truco-AI/game/agents/RL-Agents/q_tables/exp2_vs_rational_789987.pkl,J1,19,30,30,19,21,11,10
320,rational,q_learning,N/A,/home/renzo/Escritorio/fac/IA1/Truco-AI/game/agents/RL-Agents/q_tables/exp2_vs_rational_789987.pkl,J1,29,30,30,29,34,20,14
321,rational,q_learning,N/A,/home/renzo/Escritorio/fac/IA1/Truco-AI/game/agents/RL-Agents/q_tables/exp2_vs_rational_789987.pkl,J0,30,13,13,30,21,11,10
322,rational,q_learning,N/A,/home/renzo/Escritorio/fac/IA1/Truco-AI/game/agents/RL-Agents/q_tables/exp2_vs_rational_789987.pkl,J1,14,30,30,14,22,6,16
323,rational,q_learning,N/A,/home/renzo/Escritorio/fac/IA1/Truco-AI/game/agents/RL-Agents/q_tables/exp2_vs_rational_789987.pkl,J0,30,24,24,30,28,19,9
324,rational,q_learning,N/A,/home/renzo/Escritorio/fac/IA1/Truco-AI/game/agents/RL-Agents/q_tables/exp2_vs_rational_789987.pkl,J1,21,30,30,21,26,15,11
325,rational,q_learning,N/A,/home/renzo/Escritorio/fac/IA1/Truco-AI/game/agents/RL-Agents/q_tables/exp2_vs_rational_789987.pkl,J1,17,30,30,17,22,7,15
326,rational,q_learning,N/A,/home/renzo/Escritorio/fac/IA1/Truco-AI/game/agents/RL-Agents/q_tables/exp2_vs_rational_789987.pkl,J0,30,25,25,30,23,11,12
327,rational,q_learning,N/A,/home/renzo/Escritorio/fac/IA1/Truco-AI/game/agents/RL-Agents/q_tables/exp2_vs_rational_789987.pkl,J1,28,30,30,28,30,16,14
328,rational,q_learning,N/A,/home/renzo/Escritorio/fac/IA1/Truco-AI/game/agents/RL-Agents/q_tables/exp2_vs_rational_789987.pkl,J1,28,30,30,28,30,17,13
329,rational,q_learning,N/A,/home/renzo/Escritorio/fac/IA1/Truco-AI/game/agents/RL-Agents/q_tables/exp2_vs_rational_789987.pkl,J1,24,30,30,24,23,9,14
330,rational,q_learning,N/A,/home/renzo/Escritorio/fac/IA1/Truco-AI/game/agents/RL-Agents/q_tables/exp2_vs_rational_789987.pkl,J1,19,30,30,19,22,10,12
331,rational,q_learning,N/A,/home/renzo/Escritorio/fac/IA1/Truco-AI/game/agents/RL-Agents/q_tables/exp2_vs_rational_789987.pkl,J1,27,30,30,27,27,15,12
332,rational,q_learning,N/A,/home/renzo/Escritorio/fac/IA1/Truco-AI/game/agents/RL-Agents/q_tables/exp2_vs_rational_789987.pkl,J0,30,25,25,30,29,16,13
333,rational,q_learning,N/A,/home/renzo/Escritorio/fac/IA1/Truco-AI/game/agents/RL-Agents/q_tables/exp2_vs_rational_789987.pkl,J1,21,30,30,21,27,14,13
334,rational,q_learning,N/A,/home/renzo/Escritorio/fac/IA1/Truco-AI/game/agents/RL-Agents/q_tables/exp2_vs_rational_789987.pkl,J1,27,30,30,27,28,15,13
335,rational,q_learning,N/A,/home/renzo/Escritorio/fac/IA1/Truco-AI/game/agents/RL-Agents/q_tables/exp2_vs_rational_789987.pkl,J1,29,30,30,29,30,14,16
336,rational,q_learning,N/A,/home/renzo/Escritorio/fac/IA1/Truco-AI/game/agents/RL-Agents/q_tables/exp2_vs_rational_789987.pkl,J1,19,30,30,19,24,7,17
337,rational,q_learning,N/A,/home/renzo/Escritorio/fac/IA1/Truco-AI/game/agents/RL-Agents/q_tables/exp2_vs_rational_789987.pkl,J1,17,30,30,17,27,14,13
338,rational,q_learning,N/A,/home/renzo/Escritorio/fac/IA1/Truco-AI/game/agents/RL-Agents/q_tables/exp2_vs_rational_789987.pkl,J0,30,23,23,30,30,20,10
339,rational,q_learning,N/A,/home/renzo/Escritorio/fac/IA1/Truco-AI/game/agents/RL-Agents/q_tables/exp2_vs_rational_789987.pkl,J1,27,30,30,27,29,13,16
340,rational,q_learning,N/A,/home/renzo/Escritorio/fac/IA1/Truco-AI/game/agents/RL-Agents/q_tables/exp2_vs_rational_789987.pkl,J1,18,30,30,18,27,10,17
341,rational,q_learning,N/A,/home/renzo/Escritorio/fac/IA1/Truco-AI/game/agents/RL-Agents/q_tables/exp2_vs_rational_789987.pkl,J1,22,30,30,22,26,13,13
342,rational,q_learning,N/A,/home/renzo/Escritorio/fac/IA1/Truco-AI/game/agents/RL-Agents/q_tables/exp2_vs_rational_789987.pkl,J0,30,29,29,30,30,18,12
343,rational,q_learning,N/A,/home/renzo/Escritorio/fac/IA1/Truco-AI/game/agents/RL-Agents/q_tables/exp2_vs_rational_789987.pkl,J1,13,30,30,13,10,6,4
344,rational,q_learning,N/A,/home/renzo/Escritorio/fac/IA1/Truco-AI/game/agents/RL-Agents/q_tables/exp2_vs_rational_789987.pkl,J1,27,30,30,27,32,14,18
345,rational,q_learning,N/A,/home/renzo/Escritorio/fac/IA1/Truco-AI/game/agents/RL-Agents/q_tables/exp2_vs_rational_789987.pkl,J0,30,20,20,30,28,17,11
346,rational,q_learning,N/A,/home/renzo/Escritorio/fac/IA1/Truco-AI/game/agents/RL-Agents/q_tables/exp2_vs_rational_789987.pkl,J1,22,30,30,22,25,13,12
347,rational,q_learning,N/A,/home/renzo/Escritorio/fac/IA1/Truco-AI/game/agents/RL-Agents/q_tables/exp2_vs_rational_789987.pkl,J1,26,30,30,26,27,12,15
348,rational,q_learning,N/A,/home/renzo/Escritorio/fac/IA1/Truco-AI/game/agents/RL-Agents/q_tables/exp2_vs_rational_789987.pkl,J1,24,30,30,24,25,10,15
349,rational,q_learning,N/A,/home/renzo/Escritorio/fac/IA1/Truco-AI/game/agents/RL-Agents/q_tables/exp2_vs_rational_789987.pkl,J1,20,30,30,20,21,8,13
350,rational,q_learning,N/A,/home/renzo/Escritorio/fac/IA1/Truco-AI/game/agents/RL-Agents/q_tables/exp2_vs_rational_789987.pkl,J1,29,30,30,29,29,13,16
351,rational,q_learning,N/A,/home/renzo/Escritorio/fac/IA1/Truco-AI/game/agents/RL-Agents/q_tables/exp2_vs_rational_789987.pkl,J1,13,30,30,13,20,6,14
352,rational,q_learning,N/A,/home/renzo/Escritorio/fac/IA1/Truco-AI/game/agents/RL-Agents/q_tables/exp2_vs_rational_789987.pkl,J1,13,30,30,13,22,8,14
353,rational,q_learning,N/A,/home/renzo/Escritorio/fac/IA1/Truco-AI/game/agents/RL-Agents/q_tables/exp2_vs_rational_789987.pkl,J1,29,30,30,29,27,14,13
354,rational,q_learning,N/A,/home/renzo/Escritorio/fac/IA1/Truco-AI/game/agents/RL-Agents/q_tables/exp2_vs_rational_789987.pkl,J0,30,13,13,30,20,13,7
355,rational,q_learning,N/A,/home/renzo/Escritorio/fac/IA1/Truco-AI/game/agents/RL-Agents/q_tables/exp2_vs_rational_789987.pkl,J1,15,30,30,15,23,7,16
356,rational,q_learning,N/A,/home/renzo/Escritorio/fac/IA1/Truco-AI/game/agents/RL-Agents/q_tables/exp2_vs_rational_789987.pkl,J1,16,30,30,16,23,12,11
357,rational,q_learning,N/A,/home/renzo/Escritorio/fac/IA1/Truco-AI/game/agents/RL-Agents/q_tables/exp2_vs_rational_789987.pkl,J1,26,30,30,26,28,13,15
358,rational,q_learning,N/A,/home/renzo/Escritorio/fac/IA1/Truco-AI/game/agents/RL-Agents/q_tables/exp2_vs_rational_789987.pkl,J1,21,30,30,21,25,11,14
359,rational,q_learning,N/A,/home/renzo/Escritorio/fac/IA1/Truco-AI/game/agents/RL-Agents/q_tables/exp2_vs_rational_789987.pkl,J0,30,18,18,30,25,16,9
360,rational,q_learning,N/A,/home/renzo/Escritorio/fac/IA1/Truco-AI/game/agents/RL-Agents/q_tables/exp2_vs_rational_789987.pkl,J1,16,30,30,16,24,10,14
361,rational,q_learning,N/A,/home/renzo/Escritorio/fac/IA1/Truco-AI/game/agents/RL-Agents/q_tables/exp2_vs_rational_789987.pkl,J1,12,30,30,12,20,6,14
362,rational,q_learning,N/A,/home/renzo/Escritorio/fac/IA1/Truco-AI/game/agents/RL-Agents/q_tables/exp2_vs_rational_789987.pkl,J1,16,30,30,16,21,8,13
363,rational,q_learning,N/A,/home/renzo/Escritorio/fac/IA1/Truco-AI/game/agents/RL-Agents/q_tables/exp2_vs_rational_789987.pkl,J0,30,28,28,30,28,10,18
364,rational,q_learning,N/A,/home/renzo/Escritorio/fac/IA1/Truco-AI/game/agents/RL-Agents/q_tables/exp2_vs_rational_789987.pkl,J1,10,30,30,10,18,4,14
365,rational,q_learning,N/A,/home/renzo/Escritorio/fac/IA1/Truco-AI/game/agents/RL-Agents/q_tables/exp2_vs_rational_789987.pkl,J1,29,30,30,29,26,10,16
366,rational,q_learning,N/A,/home/renzo/Escritorio/fac/IA1/Truco-AI/game/agents/RL-Agents/q_tables/exp2_vs_rational_789987.pkl,J1,26,30,30,26,34,15,19
367,rational,q_learning,N/A,/home/renzo/Escritorio/fac/IA1/Truco-AI/game/agents/RL-Agents/q_tables/exp2_vs_rational_789987.pkl,J1,14,30,30,14,19,7,12
368,rational,q_learning,N/A,/home/renzo/Escritorio/fac/IA1/Truco-AI/game/agents/RL-Agents/q_tables/exp2_vs_rational_789987.pkl,J1,25,30,30,25,26,10,16
369,rational,q_learning,N/A,/home/renzo/Escritorio/fac/IA1/Truco-AI/game/agents/RL-Agents/q_tables/exp2_vs_rational_789987.pkl,J1,25,30,30,25,25,10,15
370,rational,q_learning,N/A,/home/renzo/Escritorio/fac/IA1/Truco-AI/game/agents/RL-Agents/q_tables/exp2_vs_rational_789987.pkl,J1,15,30,30,15,27,10,17
371,rational,q_learning,N/A,/home/renzo/Escritorio/fac/IA1/Truco-AI/game/agents/RL-Agents/q_tables/exp2_vs_rational_789987.pkl,J1,22,30,30,22,24,14,10
372,rational,q_learning,N/A,/home/renzo/Escritorio/fac/IA1/Truco-AI/game/agents/RL-Agents/q_tables/exp2_vs_rational_789987.pkl,J1,26,30,30,26,29,14,15
373,rational,q_learning,N/A,/home/renzo/Escritorio/fac/IA1/Truco-AI/game/agents/RL-Agents/q_tables/exp2_vs_rational_789987.pkl,J1,21,30,30,21,27,14,13
374,rational,q_learning,N/A,/home/renzo/Escritorio/fac/IA1/Truco-AI/game/agents/RL-Agents/q_tables/exp2_vs_rational_789987.pkl,J1,23,30,30,23,24,11,13
375,rational,q_learning,N/A,/home/renzo/Escritorio/fac/IA1/Truco-AI/game/agents/RL-Agents/q_tables/exp2_vs_rational_789987.pkl,J1,23,30,30,23,24,9,15
376,rational,q_learning,N/A,/home/renzo/Escritorio/fac/IA1/Truco-AI/game/agents/RL-Agents/q_tables/exp2_vs_rational_789987.pkl,J1,18,30,30,18,25,9,16
377,rational,q_learning,N/A,/home/renzo/Escritorio/fac/IA1/Truco-AI/game/agents/RL-Agents/q_tables/exp2_vs_rational_789987.pkl,J1,21,30,30,21,27,14,13
378,rational,q_learning,N/A,/home/renzo/Escritorio/fac/IA1/Truco-AI/game/agents/RL-Agents/q_tables/exp2_vs_rational_789987.pkl,J1,26,30,30,26,31,15,16
379,rational,q_learning,N/A,/home/renzo/Escritorio/fac/IA1/Truco-AI/game/agents/RL-Agents/q_tables/exp2_vs_rational_789987.pkl,J1,24,30,30,24,21,10,11
380,rational,q_learning,N/A,/home/renzo/Escritorio/fac/IA1/Truco-AI/game/agents/RL-Agents/q_tables/exp2_vs_rational_789987.pkl,J1,29,30,30,29,31,17,14
381,rational,q_learning,N/A,/home/renzo/Escritorio/fac/IA1/Truco-AI/game/agents/RL-Agents/q_tables/exp2_vs_rational_789987.pkl,J1,19,30,30,19,25,12,13
382,rational,q_learning,N/A,/home/renzo/Escritorio/fac/IA1/Truco-AI/game/agents/RL-Agents/q_tables/exp2_vs_rational_789987.pkl,J1,19,30,30,19,25,11,14
383,rational,q_learning,N/A,/home/renzo/Escritorio/fac/IA1/Truco-AI/game/agents/RL-Agents/q_tables/exp2_vs_rational_789987.pkl,J1,19,30,30,19,27,13,14
384,rational,q_learning,N/A,/home/renzo/Escritorio/fac/IA1/Truco-AI/game/agents/RL-Agents/q_tables/exp2_vs_rational_789987.pkl,J1,16,30,30,16,26,12,14
385,rational,q_learning,N/A,/home/renzo/Escritorio/fac/IA1/Truco-AI/game/agents/RL-Agents/q_tables/exp2_vs_rational_789987.pkl,J0,30,26,26,30,27,14,13
386,rational,q_learning,N/A,/home/renzo/Escritorio/fac/IA1/Truco-AI/game/agents/RL-Agents/q_tables/exp2_vs_rational_789987.pkl,J1,19,30,30,19,25,13,12
387,rational,q_learning,N/A,/home/renzo/Escritorio/fac/IA1/Truco-AI/game/agents/RL-Agents/q_tables/exp2_vs_rational_789987.pkl,J1,19,30,30,19,27,11,16
388,rational,q_learning,N/A,/home/renzo/Escritorio/fac/IA1/Truco-AI/game/agents/RL-Agents/q_tables/exp2_vs_rational_789987.pkl,J1,14,30,30,14,19,8,11
389,rational,q_learning,N/A,/home/renzo/Escritorio/fac/IA1/Truco-AI/game/agents/RL-Agents/q_tables/exp2_vs_rational_789987.pkl,J0,30,27,27,30,25,14,11
390,rational,q_learning,N/A,/home/renzo/Escritorio/fac/IA1/Truco-AI/game/agents/RL-Agents/q_tables/exp2_vs_rational_789987.pkl,J1,22,30,30,22,25,11,14
391,rational,q_learning,N/A,/home/renzo/Escritorio/fac/IA1/Truco-AI/game/agents/RL-Agents/q_tables/exp2_vs_rational_789987.pkl,J0,30,23,23,30,31,19,12
392,rational,q_learning,N/A,/home/renzo/Escritorio/fac/IA1/Truco-AI/game/agents/RL-Agents/q_tables/exp2_vs_rational_789987.pkl,J1,20,30,30,20,28,15,13
393,rational,q_learning,N/A,/home/renzo/Escritorio/fac/IA1/Truco-AI/game/agents/RL-Agents/q_tables/exp2_vs_rational_789987.pkl,J0,30,26,26,30,31,19,12
394,rational,q_learning,N/A,/home/renzo/Escritorio/fac/IA1/Truco-AI/game/agents/RL-Agents/q_tables/exp2_vs_rational_789987.pkl,J1,26,30,30,26,30,14,16
395,rational,q_learning,N/A,/home/renzo/Escritorio/fac/IA1/Truco-AI/game/agents/RL-Agents/q_tables/exp2_vs_rational_789987.pkl,J1,25,30,30,25,24,13,11
396,rational,q_learning,N/A,/home/renzo/Escritorio/fac/IA1/Truco-AI/game/agents/RL-Agents/q_tables/exp2_vs_rational_789987.pkl,J1,20,30,30,20,29,16,13
397,rational,q_learning,N/A,/home/renzo/Escritorio/fac/IA1/Truco-AI/game/agents/RL-Agents/q_tables/exp2_vs_rational_789987.pkl,J0,30,25,25,30,32,18,14
398,rational,q_learning,N/A,/home/renzo/Escritorio/fac/IA1/Truco-AI/game/agents/RL-Agents/q_tables/exp2_vs_rational_789987.pkl,J1,16,30,30,16,21,10,11
399,rational,q_learning,N/A,/home/renzo/Escritorio/fac/IA1/Truco-AI/game/agents/RL-Agents/q_tables/exp2_vs_rational_789987.pkl,J1,25,30,30,25,29,15,14
400,rational,q_learning,N/A,/home/renzo/Escritorio/fac/IA1/Truco-AI/game/agents/RL-Agents/q_tables/exp2_vs_rational_789987.pkl,J1,20,30,30,20,24,10,14
401,rational,q_learning,N/A,/home/renzo/Escritorio/fac/IA1/Truco-AI/game/agents/RL-Agents/q_tables/exp2_vs_rational_789987.pkl,J1,21,30,30,21,24,11,13
402,rational,q_learning,N/A,/home/renzo/Escritorio/fac/IA1/Truco-AI/game/agents/RL-Agents/q_tables/exp2_vs_rational_789987.pkl,J1,15,30,30,15,23,13,10
403,rational,q_learning,N/A,/home/renzo/Escritorio/fac/IA1/Truco-AI/game/agents/RL-Agents/q_tables/exp2_vs_rational_789987.pkl,J1,23,30,30,23,30,14,16
404,rational,q_learning,N/A,/home/renzo/Escritorio/fac/IA1/Truco-AI/game/agents/RL-Agents/q_tables/exp2_vs_rational_789987.pkl,J0,30,22,22,30,34,23,11
405,rational,q_learning,N/A,/home/renzo/Escritorio/fac/IA1/Truco-AI/game/agents/RL-Agents/q_tables/exp2_vs_rational_789987.pkl,J0,30,28,28,30,35,19,16
406,rational,q_learning,N/A,/home/renzo/Escritorio/fac/IA1/Truco-AI/game/agents/RL-Agents/q_tables/exp2_vs_rational_789987.pkl,J1,19,30,30,19,27,13,14
407,rational,q_learning,N/A,/home/renzo/Escritorio/fac/IA1/Truco-AI/game/agents/RL-Agents/q_tables/exp2_vs_rational_789987.pkl,J1,29,30,30,29,25,12,13
408,rational,q_learning,N/A,/home/renzo/Escritorio/fac/IA1/Truco-AI/game/agents/RL-Agents/q_tables/exp2_vs_rational_789987.pkl,J1,19,30,30,19,21,9,12
409,rational,q_learning,N/A,/home/renzo/Escritorio/fac/IA1/Truco-AI/game/agents/RL-Agents/q_tables/exp2_vs_rational_789987.pkl,J0,30,18,18,30,25,17,8
410,rational,q_learning,N/A,/home/renzo/Escritorio/fac/IA1/Truco-AI/game/agents/RL-Agents/q_tables/exp2_vs_rational_789987.pkl,J1,29,30,30,29,26,14,12
411,rational,q_learning,N/A,/home/renzo/Escritorio/fac/IA1/Truco-AI/game/agents/RL-Agents/q_tables/exp2_vs_rational_789987.pkl,J1,12,30,30,12,21,9,12
412,rational,q_learning,N/A,/home/renzo/Escritorio/fac/IA1/Truco-AI/game/agents/RL-Agents/q_tables/exp2_vs_rational_789987.pkl,J1,25,30,30,25,27,18,9
413,rational,q_learning,N/A,/home/renzo/Escritorio/fac/IA1/Truco-AI/game/agents/RL-Agents/q_tables/exp2_vs_rational_789987.pkl,J0,30,19,19,30,24,14,10
414,rational,q_learning,N/A,/home/renzo/Escritorio/fac/IA1/Truco-AI/game/agents/RL-Agents/q_tables/exp2_vs_rational_789987.pkl,J1,11,30,30,11,23,8,15
415,rational,q_learning,N/A,/home/renzo/Escritorio/fac/IA1/Truco-AI/game/agents/RL-Agents/q_tables/exp2_vs_rational_789987.pkl,J1,17,30,30,17,28,14,14
416,rational,q_learning,N/A,/home/renzo/Escritorio/fac/IA1/Truco-AI/game/agents/RL-Agents/q_tables/exp2_vs_rational_789987.pkl,J1,28,30,30,28,28,16,12
417,rational,q_learning,N/A,/home/renzo/Escritorio/fac/IA1/Truco-AI/game/agents/RL-Agents/q_tables/exp2_vs_rational_789987.pkl,J1,23,30,30,23,25,10,15
418,rational,q_learning,N/A,/home/renzo/Escritorio/fac/IA1/Truco-AI/game/agents/RL-Agents/q_tables/exp2_vs_rational_789987.pkl,J0,30,14,14,30,20,13,7
419,rational,q_learning,N/A,/home/renzo/Escritorio/fac/IA1/Truco-AI/game/agents/RL-Agents/q_tables/exp2_vs_rational_789987.pkl,J1,16,30,30,16,25,9,16
420,rational,q_learning,N/A,/home/renzo/Escritorio/fac/IA1/Truco-AI/game/agents/RL-Agents/q_tables/exp2_vs_rational_789987.pkl,J1,28,30,30,28,29,18,11
421,rational,q_learning,N/A,/home/renzo/Escritorio/fac/IA1/Truco-AI/game/agents/RL-Agents/q_tables/exp2_vs_rational_789987.pkl,J1,21,30,30,21,24,8,16
422,rational,q_learning,N/A,/home/renzo/Escritorio/fac/IA1/Truco-AI/game/agents/RL-Agents/q_tables/exp2_vs_rational_789987.pkl,J0,30,22,22,30,26,14,12
423,rational,q_learning,N/A,/home/renzo/Escritorio/fac/IA1/Truco-AI/game/agents/RL-Agents/q_tables/exp2_vs_rational_789987.pkl,J0,30,20,20,30,29,18,11
424,rational,q_learning,N/A,/home/renzo/Escritorio/fac/IA1/Truco-AI/game/agents/RL-Agents/q_tables/exp2_vs_rational_789987.pkl,J1,13,30,30,13,18,7,11
425,rational,q_learning,N/A,/home/renzo/Escritorio/fac/IA1/Truco-AI/game/agents/RL-Agents/q_tables/exp2_vs_rational_789987.pkl,J0,30,26,26,30,28,16,12
426,rational,q_learning,N/A,/home/renzo/Escritorio/fac/IA1/Truco-AI/game/agents/RL-Agents/q_tables/exp2_vs_rational_789987.pkl,J0,30,29,29,30,29,15,14
427,rational,q_learning,N/A,/home/renzo/Escritorio/fac/IA1/Truco-AI/game/agents/RL-Agents/q_tables/exp2_vs_rational_789987.pkl,J0,30,24,24,30,27,16,11
428,rational,q_learning,N/A,/home/renzo/Escritorio/fac/IA1/Truco-AI/game/agents/RL-Agents/q_tables/exp2_vs_rational_789987.pkl,J1,21,30,30,21,29,10,19
429,rational,q_learning,N/A,/home/renzo/Escritorio/fac/IA1/Truco-AI/game/agents/RL-Agents/q_tables/exp2_vs_rational_789987.pkl,J0,30,22,22,30,30,19,11
430,rational,q_learning,N/A,/home/renzo/Escritorio/fac/IA1/Truco-AI/game/agents/RL-Agents/q_tables/exp2_vs_rational_789987.pkl,J1,18,30,30,18,25,12,13
431,rational,q_learning,N/A,/home/renzo/Escritorio/fac/IA1/Truco-AI/game/agents/RL-Agents/q_tables/exp2_vs_rational_789987.pkl,J0,30,22,22,30,30,18,12
432,rational,q_learning,N/A,/home/renzo/Escritorio/fac/IA1/Truco-AI/game/agents/RL-Agents/q_tables/exp2_vs_rational_789987.pkl,J1,14,30,30,14,24,10,14
433,rational,q_learning,N/A,/home/renzo/Escritorio/fac/IA1/Truco-AI/game/agents/RL-Agents/q_tables/exp2_vs_rational_789987.pkl,J0,30,26,26,30,25,11,14
434,rational,q_learning,N/A,/home/renzo/Escritorio/fac/IA1/Truco-AI/game/agents/RL-Agents/q_tables/exp2_vs_rational_789987.pkl,J1,26,30,30,26,26,10,16
435,rational,q_learning,N/A,/home/renzo/Escritorio/fac/IA1/Truco-AI/game/agents/RL-Agents/q_tables/exp2_vs_rational_789987.pkl,J1,20,30,30,20,22,11,11
436,rational,q_learning,N/A,/home/renzo/Escritorio/fac/IA1/Truco-AI/game/agents/RL-Agents/q_tables/exp2_vs_rational_789987.pkl,J1,27,30,30,27,27,13,14
437,rational,q_learning,N/A,/home/renzo/Escritorio/fac/IA1/Truco-AI/game/agents/RL-Agents/q_tables/exp2_vs_rational_789987.pkl,J1,22,30,30,22,27,16,11
438,rational,q_learning,N/A,/home/renzo/Escritorio/fac/IA1/Truco-AI/game/agents/RL-Agents/q_tables/exp2_vs_rational_789987.pkl,J1,19,30,30,19,25,9,16
439,rational,q_learning,N/A,/home/renzo/Escritorio/fac/IA1/Truco-AI/game/agents/RL-Agents/q_tables/exp2_vs_rational_789987.pkl,J0,30,26,26,30,31,14,17
440,rational,q_learning,N/A,/home/renzo/Escritorio/fac/IA1/Truco-AI/game/agents/RL-Agents/q_tables/exp2_vs_rational_789987.pkl,J1,17,30,30,17,19,12,7
441,rational,q_learning,N/A,/home/renzo/Escritorio/fac/IA1/Truco-AI/game/agents/RL-Agents/q_tables/exp2_vs_rational_789987.pkl,J1,14,30,30,14,21,5,16
442,rational,q_learning,N/A,/home/renzo/Escritorio/fac/IA1/Truco-AI/game/agents/RL-Agents/q_tables/exp2_vs_rational_789987.pkl,J1,15,30,30,15,26,9,17
443,rational,q_learning,N/A,/home/renzo/Escritorio/fac/IA1/Truco-AI/game/agents/RL-Agents/q_tables/exp2_vs_rational_789987.pkl,J1,28,30,30,28,30,16,14
444,rational,q_learning,N/A,/home/renzo/Escritorio/fac/IA1/Truco-AI/game/agents/RL-Agents/q_tables/exp2_vs_rational_789987.pkl,J1,22,30,30,22,30,15,15
445,rational,q_learning,N/A,/home/renzo/Escritorio/fac/IA1/Truco-AI/game/agents/RL-Agents/q_tables/exp2_vs_rational_789987.pkl,J0,30,28,28,30,25,14,11
446,rational,q_learning,N/A,/home/renzo/Escritorio/fac/IA1/Truco-AI/game/agents/RL-Agents/q_tables/exp2_vs_rational_789987.pkl,J1,15,30,30,15,23,10,13
447,rational,q_learning,N/A,/home/renzo/Escritorio/fac/IA1/Truco-AI/game/agents/RL-Agents/q_tables/exp2_vs_rational_789987.pkl,J0,30,19,19,30,29,20,9
448,rational,q_learning,N/A,/home/renzo/Escritorio/fac/IA1/Truco-AI/game/agents/RL-Agents/q_tables/exp2_vs_rational_789987.pkl,J0,30,26,26,30,29,17,12
449,rational,q_learning,N/A,/home/renzo/Escritorio/fac/IA1/Truco-AI/game/agents/RL-Agents/q_tables/exp2_vs_rational_789987.pkl,J0,30,27,27,30,33,18,15
450,rational,q_learning,N/A,/home/renzo/Escritorio/fac/IA1/Truco-AI/game/agents/RL-Agents/q_tables/exp2_vs_rational_789987.pkl,J1,26,30,30,26,25,13,12
451,rational,q_learning,N/A,/home/renzo/Escritorio/fac/IA1/Truco-AI/game/agents/RL-Agents/q_tables/exp2_vs_rational_789987.pkl,J1,22,30,30,22,26,12,14
452,rational,q_learning,N/A,/home/renzo/Escritorio/fac/IA1/Truco-AI/game/agents/RL-Agents/q_tables/exp2_vs_rational_789987.pkl,J1,12,30,30,12,21,8,13
453,rational,q_learning,N/A,/home/renzo/Escritorio/fac/IA1/Truco-AI/game/agents/RL-Agents/q_tables/exp2_vs_rational_789987.pkl,J1,24,30,30,24,26,11,15
454,rational,q_learning,N/A,/home/renzo/Escritorio/fac/IA1/Truco-AI/game/agents/RL-Agents/q_tables/exp2_vs_rational_789987.pkl,J1,25,30,30,25,25,9,16
455,rational,q_learning,N/A,/home/renzo/Escritorio/fac/IA1/Truco-AI/game/agents/RL-Agents/q_tables/exp2_vs_rational_789987.pkl,J0,30,22,22,30,28,18,10
456,rational,q_learning,N/A,/home/renzo/Escritorio/fac/IA1/Truco-AI/game/agents/RL-Agents/q_tables/exp2_vs_rational_789987.pkl,J0,30,25,25,30,32,20,12
457,rational,q_learning,N/A,/home/renzo/Escritorio/fac/IA1/Truco-AI/game/agents/RL-Agents/q_tables/exp2_vs_rational_789987.pkl,J0,30,29,29,30,27,16,11
458,rational,q_learning,N/A,/home/renzo/Escritorio/fac/IA1/Truco-AI/game/agents/RL-Agents/q_tables/exp2_vs_rational_789987.pkl,J0,30,28,28,30,29,17,12
459,rational,q_learning,N/A,/home/renzo/Escritorio/fac/IA1/Truco-AI/game/agents/RL-Agents/q_tables/exp2_vs_rational_789987.pkl,J1,27,30,30,27,29,14,15
460,rational,q_learning,N/A,/home/renzo/Escritorio/fac/IA1/Truco-AI/game/agents/RL-Agents/q_tables/exp2_vs_rational_789987.pkl,J0,30,29,29,30,28,15,13
461,rational,q_learning,N/A,/home/renzo/Escritorio/fac/IA1/Truco-AI/game/agents/RL-Agents/q_tables/exp2_vs_rational_789987.pkl,J1,19,30,30,19,25,12,13
462,rational,q_learning,N/A,/home/renzo/Escritorio/fac/IA1/Truco-AI/game/agents/RL-Agents/q_tables/exp2_vs_rational_789987.pkl,J0,30,25,25,30,30,17,13
463,rational,q_learning,N/A,/home/renzo/Escritorio/fac/IA1/Truco-AI/game/agents/RL-Agents/q_tables/exp2_vs_rational_789987.pkl,J1,29,30,30,29,32,19,13
464,rational,q_learning,N/A,/home/renzo/Escritorio/fac/IA1/Truco-AI/game/agents/RL-Agents/q_tables/exp2_vs_rational_789987.pkl,J1,10,30,30,10,21,7,14
465,rational,q_learning,N/A,/home/renzo/Escritorio/fac/IA1/Truco-AI/game/agents/RL-Agents/q_tables/exp2_vs_rational_789987.pkl,J1,20,30,30,20,25,10,15
466,rational,q_learning,N/A,/home/renzo/Escritorio/fac/IA1/Truco-AI/game/agents/RL-Agents/q_tables/exp2_vs_rational_789987.pkl,J1,28,30,30,28,27,14,13
467,rational,q_learning,N/A,/home/renzo/Escritorio/fac/IA1/Truco-AI/game/agents/RL-Agents/q_tables/exp2_vs_rational_789987.pkl,J0,30,24,24,30,25,12,13
468,rational,q_learning,N/A,/home/renzo/Escritorio/fac/IA1/Truco-AI/game/agents/RL-Agents/q_tables/exp2_vs_rational_789987.pkl,J1,25,30,30,25,27,13,14
469,rational,q_learning,N/A,/home/renzo/Escritorio/fac/IA1/Truco-AI/game/agents/RL-Agents/q_tables/exp2_vs_rational_789987.pkl,J1,24,30,30,24,26,12,14
470,rational,q_learning,N/A,/home/renzo/Escritorio/fac/IA1/Truco-AI/game/agents/RL-Agents/q_tables/exp2_vs_rational_789987.pkl,J1,16,30,30,16,27,11,16
471,rational,q_learning,N/A,/home/renzo/Escritorio/fac/IA1/Truco-AI/game/agents/RL-Agents/q_tables/exp2_vs_rational_789987.pkl,J1,25,30,30,25,24,10,14
472,rational,q_learning,N/A,/home/renzo/Escritorio/fac/IA1/Truco-AI/game/agents/RL-Agents/q_tables/exp2_vs_rational_789987.pkl,J1,25,30,30,25,27,13,14
473,rational,q_learning,N/A,/home/renzo/Escritorio/fac/IA1/Truco-AI/game/agents/RL-Agents/q_tables/exp2_vs_rational_789987.pkl,J1,17,30,30,17,22,8,14
474,rational,q_learning,N/A,/home/renzo/Escritorio/fac/IA1/Truco-AI/game/agents/RL-Agents/q_tables/exp2_vs_rational_789987.pkl,J0,30,20,20,30,27,17,10
475,rational,q_learning,N/A,/home/renzo/Escritorio/fac/IA1/Truco-AI/game/agents/RL-Agents/q_tables/exp2_vs_rational_789987.pkl,J1,24,30,30,24,27,11,16
476,rational,q_learning,N/A,/home/renzo/Escritorio/fac/IA1/Truco-AI/game/agents/RL-Agents/q_tables/exp2_vs_rational_789987.pkl,J0,30,20,20,30,27,16,11
477,rational,q_learning,N/A,/home/renzo/Escritorio/fac/IA1/Truco-AI/game/agents/RL-Agents/q_tables/exp2_vs_rational_789987.pkl,J1,22,30,30,22,22,8,14
478,rational,q_learning,N/A,/home/renzo/Escritorio/fac/IA1/Truco-AI/game/agents/RL-Agents/q_tables/exp2_vs_rational_789987.pkl,J1,26,30,30,26,29,16,13
479,rational,q_learning,N/A,/home/renzo/Escritorio/fac/IA1/Truco-AI/game/agents/RL-Agents/q_tables/exp2_vs_rational_789987.pkl,J1,25,30,30,25,25,13,12
480,rational,q_learning,N/A,/home/renzo/Escritorio/fac/IA1/Truco-AI/game/agents/RL-Agents/q_tables/exp2_vs_rational_789987.pkl,J1,19,30,30,19,25,11,14
481,rational,q_learning,N/A,/home/renzo/Escritorio/fac/IA1/Truco-AI/game/agents/RL-Agents/q_tables/exp2_vs_rational_789987.pkl,J1,25,30,30,25,25,11,14
482,rational,q_learning,N/A,/home/renzo/Escritorio/fac/IA1/Truco-AI/game/agents/RL-Agents/q_tables/exp2_vs_rational_789987.pkl,J0,30,28,28,30,28,15,13
483,rational,q_learning,N/A,/home/renzo/Escritorio/fac/IA1/Truco-AI/game/agents/RL-Agents/q_tables/exp2_vs_rational_789987.pkl,J0,30,29,29,30,26,14,12
484,rational,q_learning,N/A,/home/renzo/Escritorio/fac/IA1/Truco-AI/game/agents/RL-Agents/q_tables/exp2_vs_rational_789987.pkl,J0,30,28,28,30,31,17,14
485,rational,q_learning,N/A,/home/renzo/Escritorio/fac/IA1/Truco-AI/game/agents/RL-Agents/q_tables/exp2_vs_rational_789987.pkl,J1,25,30,30,25,27,13,14
486,rational,q_learning,N/A,/home/renzo/Escritorio/fac/IA1/Truco-AI/game/agents/RL-Agents/q_tables/exp2_vs_rational_789987.pkl,J1,26,30,30,26,31,16,15
487,rational,q_learning,N/A,/home/renzo/Escritorio/fac/IA1/Truco-AI/game/agents/RL-Agents/q_tables/exp2_vs_rational_789987.pkl,J1,21,30,30,21,23,8,15
488,rational,q_learning,N/A,/home/renzo/Escritorio/fac/IA1/Truco-AI/game/agents/RL-Agents/q_tables/exp2_vs_rational_789987.pkl,J0,30,24,24,30,26,14,12
489,rational,q_learning,N/A,/home/renzo/Escritorio/fac/IA1/Truco-AI/game/agents/RL-Agents/q_tables/exp2_vs_rational_789987.pkl,J1,26,30,30,26,30,16,14
490,rational,q_learning,N/A,/home/renzo/Escritorio/fac/IA1/Truco-AI/game/agents/RL-Agents/q_tables/exp2_vs_rational_789987.pkl,J0,30,25,25,30,35,21,14
491,rational,q_learning,N/A,/home/renzo/Escritorio/fac/IA1/Truco-AI/game/agents/RL-Agents/q_tables/exp2_vs_rational_789987.pkl,J1,23,30,30,23,21,9,12
492,rational,q_learning,N/A,/home/renzo/Escritorio/fac/IA1/Truco-AI/game/agents/RL-Agents/q_tables/exp2_vs_rational_789987.pkl,J1,23,30,30,23,27,13,14
493,rational,q_learning,N/A,/home/renzo/Escritorio/fac/IA1/Truco-AI/game/agents/RL-Agents/q_tables/exp2_vs_rational_789987.pkl,J1,22,30,30,22,26,12,14
494,rational,q_learning,N/A,/home/renzo/Escritorio/fac/IA1/Truco-AI/game/agents/RL-Agents/q_tables/exp2_vs_rational_789987.pkl,J1,19,30,30,19,24,13,11
495,rational,q_learning,N/A,/home/renzo/Escritorio/fac/IA1/Truco-AI/game/agents/RL-Agents/q_tables/exp2_vs_rational_789987.pkl,J1,21,30,30,21,26,13,13
496,rational,q_learning,N/A,/home/renzo/Escritorio/fac/IA1/Truco-AI/game/agents/RL-Agents/q_tables/exp2_vs_rational_789987.pkl,J1,20,30,30,20,23,10,13
497,rational,q_learning,N/A,/home/renzo/Escritorio/fac/IA1/Truco-AI/game/agents/RL-Agents/q_tables/exp2_vs_rational_789987.pkl,J0,30,26,26,30,27,15,12
498,rational,q_learning,N/A,/home/renzo/Escritorio/fac/IA1/Truco-AI/game/agents/RL-Agents/q_tables/exp2_vs_rational_789987.pkl,J0,30,25,25,30,29,14,15
499,rational,q_learning,N/A,/home/renzo/Escritorio/fac/IA1/Truco-AI/game/agents/RL-Agents/q_tables/exp2_vs_rational_789987.pkl,J1,15,30,30,15,20,10,10
500,rational,q_learning,N/A,/home/renzo/Escritorio/fac/IA1/Truco-AI/game/agents/RL-Agents/q_tables/exp2_vs_rational_789987.pkl,J1,15,30,30,15,21,7,14
501,rational,q_learning,N/A,/home/renzo/Escritorio/fac/IA1/Truco-AI/game/agents/RL-Agents/q_tables/exp2_vs_rational_789987.pkl,J1,9,30,30,9,22,6,16
502,rational,q_learning,N/A,/home/renzo/Escritorio/fac/IA1/Truco-AI/game/agents/RL-Agents/q_tables/exp2_vs_rational_789987.pkl,J1,24,30,30,24,28,13,15
503,rational,q_learning,N/A,/home/renzo/Escritorio/fac/IA1/Truco-AI/game/agents/RL-Agents/q_tables/exp2_vs_rational_789987.pkl,J1,27,30,30,27,28,12,16
504,rational,q_learning,N/A,/home/renzo/Escritorio/fac/IA1/Truco-AI/game/agents/RL-Agents/q_tables/exp2_vs_rational_789987.pkl,J0,30,15,15,30,29,20,9
505,rational,q_learning,N/A,/home/renzo/Escritorio/fac/IA1/Truco-AI/game/agents/RL-Agents/q_tables/exp2_vs_rational_789987.pkl,J1,19,30,30,19,30,13,17
506,rational,q_learning,N/A,/home/renzo/Escritorio/fac/IA1/Truco-AI/game/agents/RL-Agents/q_tables/exp2_vs_rational_789987.pkl,J0,30,21,21,30,28,20,8
507,rational,q_learning,N/A,/home/renzo/Escritorio/fac/IA1/Truco-AI/game/agents/RL-Agents/q_tables/exp2_vs_rational_789987.pkl,J1,26,30,30,26,34,17,17
508,rational,q_learning,N/A,/home/renzo/Escritorio/fac/IA1/Truco-AI/game/agents/RL-Agents/q_tables/exp2_vs_rational_789987.pkl,J0,30,20,20,30,22,13,9
509,rational,q_learning,N/A,/home/renzo/Escritorio/fac/IA1/Truco-AI/game/agents/RL-Agents/q_tables/exp2_vs_rational_789987.pkl,J1,29,30,30,29,31,15,16
510,rational,q_learning,N/A,/home/renzo/Escritorio/fac/IA1/Truco-AI/game/agents/RL-Agents/q_tables/exp2_vs_rational_789987.pkl,J1,19,30,30,19,22,8,14
511,rational,q_learning,N/A,/home/renzo/Escritorio/fac/IA1/Truco-AI/game/agents/RL-Agents/q_tables/exp2_vs_rational_789987.pkl,J0,30,26,26,30,27,13,14
512,rational,q_learning,N/A,/home/renzo/Escritorio/fac/IA1/Truco-AI/game/agents/RL-Agents/q_tables/exp2_vs_rational_789987.pkl,J0,30,26,26,30,33,17,16
513,rational,q_learning,N/A,/home/renzo/Escritorio/fac/IA1/Truco-AI/game/agents/RL-Agents/q_tables/exp2_vs_rational_789987.pkl,J1,29,30,30,29,27,15,12
514,rational,q_learning,N/A,/home/renzo/Escritorio/fac/IA1/Truco-AI/game/agents/RL-Agents/q_tables/exp2_vs_rational_789987.pkl,J1,18,30,30,18,29,13,16
515,rational,q_learning,N/A,/home/renzo/Escritorio/fac/IA1/Truco-AI/game/agents/RL-Agents/q_tables/exp2_vs_rational_789987.pkl,J1,20,30,30,20,24,9,15
516,rational,q_learning,N/A,/home/renzo/Escritorio/fac/IA1/Truco-AI/game/agents/RL-Agents/q_tables/exp2_vs_rational_789987.pkl,J0,30,13,13,30,22,16,6
517,rational,q_learning,N/A,/home/renzo/Escritorio/fac/IA1/Truco-AI/game/agents/RL-Agents/q_tables/exp2_vs_rational_789987.pkl,J0,30,18,18,30,25,14,11
518,rational,q_learning,N/A,/home/renzo/Escritorio/fac/IA1/Truco-AI/game/agents/RL-Agents/q_tables/exp2_vs_rational_789987.pkl,J1,25,30,30,25,30,16,14
519,rational,q_learning,N/A,/home/renzo/Escritorio/fac/IA1/Truco-AI/game/agents/RL-Agents/q_tables/exp2_vs_rational_789987.pkl,J0,30,26,26,30,36,25,11
520,rational,q_learning,N/A,/home/renzo/Escritorio/fac/IA1/Truco-AI/game/agents/RL-Agents/q_tables/exp2_vs_rational_789987.pkl,J1,22,30,30,22,28,12,16
521,rational,q_learning,N/A,/home/renzo/Escritorio/fac/IA1/Truco-AI/game/agents/RL-Agents/q_tables/exp2_vs_rational_789987.pkl,J1,22,30,30,22,25,9,16
522,rational,q_learning,N/A,/home/renzo/Escritorio/fac/IA1/Truco-AI/game/agents/RL-Agents/q_tables/exp2_vs_rational_789987.pkl,J0,30,26,26,30,33,18,15
523,rational,q_learning,N/A,/home/renzo/Escritorio/fac/IA1/Truco-AI/game/agents/RL-Agents/q_tables/exp2_vs_rational_789987.pkl,J0,30,26,26,30,30,17,13
524,rational,q_learning,N/A,/home/renzo/Escritorio/fac/IA1/Truco-AI/game/agents/RL-Agents/q_tables/exp2_vs_rational_789987.pkl,J0,30,22,22,30,30,19,11
525,rational,q_learning,N/A,/home/renzo/Escritorio/fac/IA1/Truco-AI/game/agents/RL-Agents/q_tables/exp2_vs_rational_789987.pkl,J1,28,30,30,28,34,19,15
526,rational,q_learning,N/A,/home/renzo/Escritorio/fac/IA1/Truco-AI/game/agents/RL-Agents/q_tables/exp2_vs_rational_789987.pkl,J1,22,30,30,22,25,11,14
527,rational,q_learning,N/A,/home/renzo/Escritorio/fac/IA1/Truco-AI/game/agents/RL-Agents/q_tables/exp2_vs_rational_789987.pkl,J0,30,16,16,30,27,17,10
528,rational,q_learning,N/A,/home/renzo/Escritorio/fac/IA1/Truco-AI/game/agents/RL-Agents/q_tables/exp2_vs_rational_789987.pkl,J0,30,29,29,30,29,14,15
529,rational,q_learning,N/A,/home/renzo/Escritorio/fac/IA1/Truco-AI/game/agents/RL-Agents/q_tables/exp2_vs_rational_789987.pkl,J1,21,30,30,21,23,9,14
530,rational,q_learning,N/A,/home/renzo/Escritorio/fac/IA1/Truco-AI/game/agents/RL-Agents/q_tables/exp2_vs_rational_789987.pkl,J0,30,26,26,30,26,18,8
531,rational,q_learning,N/A,/home/renzo/Escritorio/fac/IA1/Truco-AI/game/agents/RL-Agents/q_tables/exp2_vs_rational_789987.pkl,J1,16,30,30,16,22,7,15
532,rational,q_learning,N/A,/home/renzo/Escritorio/fac/IA1/Truco-AI/game/agents/RL-Agents/q_tables/exp2_vs_rational_789987.pkl,J0,30,22,22,30,27,14,13
533,rational,q_learning,N/A,/home/renzo/Escritorio/fac/IA1/Truco-AI/game/agents/RL-Agents/q_tables/exp2_vs_rational_789987.pkl,J1,15,30,30,15,23,7,16
534,rational,q_learning,N/A,/home/renzo/Escritorio/fac/IA1/Truco-AI/game/agents/RL-Agents/q_tables/exp2_vs_rational_789987.pkl,J0,30,28,28,30,30,17,13
535,rational,q_learning,N/A,/home/renzo/Escritorio/fac/IA1/Truco-AI/game/agents/RL-Agents/q_tables/exp2_vs_rational_789987.pkl,J1,28,30,30,28,29,18,11
536,rational,q_learning,N/A,/home/renzo/Escritorio/fac/IA1/Truco-AI/game/agents/RL-Agents/q_tables/exp2_vs_rational_789987.pkl,J1,21,30,30,21,22,9,13
537,rational,q_learning,N/A,/home/renzo/Escritorio/fac/IA1/Truco-AI/game/agents/RL-Agents/q_tables/exp2_vs_rational_789987.pkl,J1,27,30,30,27,28,17,11
538,rational,q_learning,N/A,/home/renzo/Escritorio/fac/IA1/Truco-AI/game/agents/RL-Agents/q_tables/exp2_vs_rational_789987.pkl,J1,15,30,30,15,21,7,14
539,rational,q_learning,N/A,/home/renzo/Escritorio/fac/IA1/Truco-AI/game/agents/RL-Agents/q_tables/exp2_vs_rational_789987.pkl,J1,24,30,30,24,29,13,16
540,rational,q_learning,N/A,/home/renzo/Escritorio/fac/IA1/Truco-AI/game/agents/RL-Agents/q_tables/exp2_vs_rational_789987.pkl,J0,30,26,26,30,29,13,16
541,rational,q_learning,N/A,/home/renzo/Escritorio/fac/IA1/Truco-AI/game/agents/RL-Agents/q_tables/exp2_vs_rational_789987.pkl,J0,30,24,24,30,32,19,13
542,rational,q_learning,N/A,/home/renzo/Escritorio/fac/IA1/Truco-AI/game/agents/RL-Agents/q_tables/exp2_vs_rational_789987.pkl,J1,21,30,30,21,20,11,9
543,rational,q_learning,N/A,/home/renzo/Escritorio/fac/IA1/Truco-AI/game/agents/RL-Agents/q_tables/exp2_vs_rational_789987.pkl,J1,26,30,30,26,27,10,17
544,rational,q_learning,N/A,/home/renzo/Escritorio/fac/IA1/Truco-AI/game/agents/RL-Agents/q_tables/exp2_vs_rational_789987.pkl,J0,30,28,28,30,27,14,13
545,rational,q_learning,N/A,/home/renzo/Escritorio/fac/IA1/Truco-AI/game/agents/RL-Agents/q_tables/exp2_vs_rational_789987.pkl,J1,11,30,30,11,15,4,11
546,rational,q_learning,N/A,/home/renzo/Escritorio/fac/IA1/Truco-AI/game/agents/RL-Agents/q_tables/exp2_vs_rational_789987.pkl,J1,29,30,30,29,32,19,13
547,rational,q_learning,N/A,/home/renzo/Escritorio/fac/IA1/Truco-AI/game/agents/RL-Agents/q_tables/exp2_vs_rational_789987.pkl,J1,23,30,30,23,24,11,13
548,rational,q_learning,N/A,/home/renzo/Escritorio/fac/IA1/Truco-AI/game/agents/RL-Agents/q_tables/exp2_vs_rational_789987.pkl,J1,19,30,30,19,22,8,14
549,rational,q_learning,N/A,/home/renzo/Escritorio/fac/IA1/Truco-AI/game/agents/RL-Agents/q_tables/exp2_vs_rational_789987.pkl,J1,29,30,30,29,30,12,18
550,rational,q_learning,N/A,/home/renzo/Escritorio/fac/IA1/Truco-AI/game/agents/RL-Agents/q_tables/exp2_vs_rational_789987.pkl,J1,17,30,30,17,22,10,12
551,rational,q_learning,N/A,/home/renzo/Escritorio/fac/IA1/Truco-AI/game/agents/RL-Agents/q_tables/exp2_vs_rational_789987.pkl,J0,30,26,26,30,35,21,14
552,rational,q_learning,N/A,/home/renzo/Escritorio/fac/IA1/Truco-AI/game/agents/RL-Agents/q_tables/exp2_vs_rational_789987.pkl,J0,30,27,27,30,29,13,16
553,rational,q_learning,N/A,/home/renzo/Escritorio/fac/IA1/Truco-AI/game/agents/RL-Agents/q_tables/exp2_vs_rational_789987.pkl,J1,26,30,30,26,30,17,13
554,rational,q_learning,N/A,/home/renzo/Escritorio/fac/IA1/Truco-AI/game/agents/RL-Agents/q_tables/exp2_vs_rational_789987.pkl,J1,13,30,30,13,19,7,12
555,rational,q_learning,N/A,/home/renzo/Escritorio/fac/IA1/Truco-AI/game/agents/RL-Agents/q_tables/exp2_vs_rational_789987.pkl,J0,30,25,25,30,29,19,10
556,rational,q_learning,N/A,/home/renzo/Escritorio/fac/IA1/Truco-AI/game/agents/RL-Agents/q_tables/exp2_vs_rational_789987.pkl,J0,30,26,26,30,33,22,11
557,rational,q_learning,N/A,/home/renzo/Escritorio/fac/IA1/Truco-AI/game/agents/RL-Agents/q_tables/exp2_vs_rational_789987.pkl,J1,20,30,30,20,24,9,15
558,rational,q_learning,N/A,/home/renzo/Escritorio/fac/IA1/Truco-AI/game/agents/RL-Agents/q_tables/exp2_vs_rational_789987.pkl,J1,13,30,30,13,19,5,14
559,rational,q_learning,N/A,/home/renzo/Escritorio/fac/IA1/Truco-AI/game/agents/RL-Agents/q_tables/exp2_vs_rational_789987.pkl,J1,15,30,30,15,23,9,14
560,rational,q_learning,N/A,/home/renzo/Escritorio/fac/IA1/Truco-AI/game/agents/RL-Agents/q_tables/exp2_vs_rational_789987.pkl,J1,25,30,30,25,26,9,17
561,rational,q_learning,N/A,/home/renzo/Escritorio/fac/IA1/Truco-AI/game/agents/RL-Agents/q_tables/exp2_vs_rational_789987.pkl,J1,21,30,30,21,26,12,14
562,rational,q_learning,N/A,/home/renzo/Escritorio/fac/IA1/Truco-AI/game/agents/RL-Agents/q_tables/exp2_vs_rational_789987.pkl,J0,30,23,23,30,32,19,13
563,rational,q_learning,N/A,/home/renzo/Escritorio/fac/IA1/Truco-AI/game/agents/RL-Agents/q_tables/exp2_vs_rational_789987.pkl,J0,30,25,25,30,28,15,13
564,rational,q_learning,N/A,/home/renzo/Escritorio/fac/IA1/Truco-AI/game/agents/RL-Agents/q_tables/exp2_vs_rational_789987.pkl,J1,26,30,30,26,26,14,12
565,rational,q_learning,N/A,/home/renzo/Escritorio/fac/IA1/Truco-AI/game/agents/RL-Agents/q_tables/exp2_vs_rational_789987.pkl,J1,11,30,30,11,17,8,9
566,rational,q_learning,N/A,/home/renzo/Escritorio/fac/IA1/Truco-AI/game/agents/RL-Agents/q_tables/exp2_vs_rational_789987.pkl,J1,27,30,30,27,30,17,13
567,rational,q_learning,N/A,/home/renzo/Escritorio/fac/IA1/Truco-AI/game/agents/RL-Agents/q_tables/exp2_vs_rational_789987.pkl,J1,14,30,30,14,19,8,11
568,rational,q_learning,N/A,/home/renzo/Escritorio/fac/IA1/Truco-AI/game/agents/RL-Agents/q_tables/exp2_vs_rational_789987.pkl,J0,30,26,26,30,24,11,13
569,rational,q_learning,N/A,/home/renzo/Escritorio/fac/IA1/Truco-AI/game/agents/RL-Agents/q_tables/exp2_vs_rational_789987.pkl,J1,26,30,30,26,31,13,18
570,rational,q_learning,N/A,/home/renzo/Escritorio/fac/IA1/Truco-AI/game/agents/RL-Agents/q_tables/exp2_vs_rational_789987.pkl,J1,29,30,30,29,35,17,18
571,rational,q_learning,N/A,/home/renzo/Escritorio/fac/IA1/Truco-AI/game/agents/RL-Agents/q_tables/exp2_vs_rational_789987.pkl,J1,14,30,30,14,24,7,17
572,rational,q_learning,N/A,/home/renzo/Escritorio/fac/IA1/Truco-AI/game/agents/RL-Agents/q_tables/exp2_vs_rational_789987.pkl,J1,25,30,30,25,29,13,16
573,rational,q_learning,N/A,/home/renzo/Escritorio/fac/IA1/Truco-AI/game/agents/RL-Agents/q_tables/exp2_vs_rational_789987.pkl,J1,14,30,30,14,19,6,13
574,rational,q_learning,N/A,/home/renzo/Escritorio/fac/IA1/Truco-AI/game/agents/RL-Agents/q_tables/exp2_vs_rational_789987.pkl,J0,30,27,27,30,23,14,9
575,rational,q_learning,N/A,/home/renzo/Escritorio/fac/IA1/Truco-AI/game/agents/RL-Agents/q_tables/exp2_vs_rational_789987.pkl,J0,30,28,28,30,25,10,15
576,rational,q_learning,N/A,/home/renzo/Escritorio/fac/IA1/Truco-AI/game/agents/RL-Agents/q_tables/exp2_vs_rational_789987.pkl,J0,30,21,21,30,25,16,9
577,rational,q_learning,N/A,/home/renzo/Escritorio/fac/IA1/Truco-AI/game/agents/RL-Agents/q_tables/exp2_vs_rational_789987.pkl,J1,25,30,30,25,28,12,16
578,rational,q_learning,N/A,/home/renzo/Escritorio/fac/IA1/Truco-AI/game/agents/RL-Agents/q_tables/exp2_vs_rational_789987.pkl,J1,22,30,30,22,26,13,13
579,rational,q_learning,N/A,/home/renzo/Escritorio/fac/IA1/Truco-AI/game/agents/RL-Agents/q_tables/exp2_vs_rational_789987.pkl,J1,16,30,30,16,21,9,12
580,rational,q_learning,N/A,/home/renzo/Escritorio/fac/IA1/Truco-AI/game/agents/RL-Agents/q_tables/exp2_vs_rational_789987.pkl,J1,22,30,30,22,31,17,14
581,rational,q_learning,N/A,/home/renzo/Escritorio/fac/IA1/Truco-AI/game/agents/RL-Agents/q_tables/exp2_vs_rational_789987.pkl,J1,19,30,30,19,26,9,17
582,rational,q_learning,N/A,/home/renzo/Escritorio/fac/IA1/Truco-AI/game/agents/RL-Agents/q_tables/exp2_vs_rational_789987.pkl,J0,30,26,26,30,29,16,13
583,rational,q_learning,N/A,/home/renzo/Escritorio/fac/IA1/Truco-AI/game/agents/RL-Agents/q_tables/exp2_vs_rational_789987.pkl,J1,25,30,30,25,24,11,13
584,rational,q_learning,N/A,/home/renzo/Escritorio/fac/IA1/Truco-AI/game/agents/RL-Agents/q_tables/exp2_vs_rational_789987.pkl,J1,19,30,30,19,24,8,16
585,rational,q_learning,N/A,/home/renzo/Escritorio/fac/IA1/Truco-AI/game/agents/RL-Agents/q_tables/exp2_vs_rational_789987.pkl,J0,30,29,29,30,30,16,14
586,rational,q_learning,N/A,/home/renzo/Escritorio/fac/IA1/Truco-AI/game/agents/RL-Agents/q_tables/exp2_vs_rational_789987.pkl,J0,30,21,21,30,27,14,13
587,rational,q_learning,N/A,/home/renzo/Escritorio/fac/IA1/Truco-AI/game/agents/RL-Agents/q_tables/exp2_vs_rational_789987.pkl,J0,30,29,29,30,25,13,12
588,rational,q_learning,N/A,/home/renzo/Escritorio/fac/IA1/Truco-AI/game/agents/RL-Agents/q_tables/exp2_vs_rational_789987.pkl,J1,20,30,30,20,25,11,14
589,rational,q_learning,N/A,/home/renzo/Escritorio/fac/IA1/Truco-AI/game/agents/RL-Agents/q_tables/exp2_vs_rational_789987.pkl,J1,27,30,30,27,33,19,14
590,rational,q_learning,N/A,/home/renzo/Escritorio/fac/IA1/Truco-AI/game/agents/RL-Agents/q_tables/exp2_vs_rational_789987.pkl,J1,29,30,30,29,30,15,15
591,rational,q_learning,N/A,/home/renzo/Escritorio/fac/IA1/Truco-AI/game/agents/RL-Agents/q_tables/exp2_vs_rational_789987.pkl,J0,30,25,25,30,32,19,13
592,rational,q_learning,N/A,/home/renzo/Escritorio/fac/IA1/Truco-AI/game/agents/RL-Agents/q_tables/exp2_vs_rational_789987.pkl,J0,30,22,22,30,27,13,14
593,rational,q_learning,N/A,/home/renzo/Escritorio/fac/IA1/Truco-AI/game/agents/RL-Agents/q_tables/exp2_vs_rational_789987.pkl,J0,30,24,24,30,24,13,11
594,rational,q_learning,N/A,/home/renzo/Escritorio/fac/IA1/Truco-AI/game/agents/RL-Agents/q_tables/exp2_vs_rational_789987.pkl,J1,23,30,30,23,30,15,15
595,rational,q_learning,N/A,/home/renzo/Escritorio/fac/IA1/Truco-AI/game/agents/RL-Agents/q_tables/exp2_vs_rational_789987.pkl,J1,27,30,30,27,28,13,15
596,rational,q_learning,N/A,/home/renzo/Escritorio/fac/IA1/Truco-AI/game/agents/RL-Agents/q_tables/exp2_vs_rational_789987.pkl,J1,5,30,30,5,14,3,11
597,rational,q_learning,N/A,/home/renzo/Escritorio/fac/IA1/Truco-AI/game/agents/RL-Agents/q_tables/exp2_vs_rational_789987.pkl,J0,30,14,14,30,25,18,7
598,rational,q_learning,N/A,/home/renzo/Escritorio/fac/IA1/Truco-AI/game/agents/RL-Agents/q_tables/exp2_vs_rational_789987.pkl,J1,29,30,30,29,29,16,13
599,rational,q_learning,N/A,/home/renzo/Escritorio/fac/IA1/Truco-AI/game/agents/RL-Agents/q_tables/exp2_vs_rational_789987.pkl,J1,18,30,30,18,23,9,14
600,rational,q_learning,N/A,/home/renzo/Escritorio/fac/IA1/Truco-AI/game/agents/RL-Agents/q_tables/exp2_vs_rational_789987.pkl,J1,22,30,30,22,21,11,10
601,rational,q_learning,N/A,/home/renzo/Escritorio/fac/IA1/Truco-AI/game/agents/RL-Agents/q_tables/exp2_vs_rational_789987.pkl,J0,30,22,22,30,30,18,12
602,rational,q_learning,N/A,/home/renzo/Escritorio/fac/IA1/Truco-AI/game/agents/RL-Agents/q_tables/exp2_vs_rational_789987.pkl,J0,30,28,28,30,29,15,14
603,rational,q_learning,N/A,/home/renzo/Escritorio/fac/IA1/Truco-AI/game/agents/RL-Agents/q_tables/exp2_vs_rational_789987.pkl,J0,30,14,14,30,28,19,9
604,rational,q_learning,N/A,/home/renzo/Escritorio/fac/IA1/Truco-AI/game/agents/RL-Agents/q_tables/exp2_vs_rational_789987.pkl,J1,29,30,30,29,28,11,17
605,rational,q_learning,N/A,/home/renzo/Escritorio/fac/IA1/Truco-AI/game/agents/RL-Agents/q_tables/exp2_vs_rational_789987.pkl,J1,27,30,30,27,28,16,12
606,rational,q_learning,N/A,/home/renzo/Escritorio/fac/IA1/Truco-AI/game/agents/RL-Agents/q_tables/exp2_vs_rational_789987.pkl,J0,30,20,20,30,25,16,9
607,rational,q_learning,N/A,/home/renzo/Escritorio/fac/IA1/Truco-AI/game/agents/RL-Agents/q_tables/exp2_vs_rational_789987.pkl,J0,30,21,21,30,30,17,13
608,rational,q_learning,N/A,/home/renzo/Escritorio/fac/IA1/Truco-AI/game/agents/RL-Agents/q_tables/exp2_vs_rational_789987.pkl,J1,29,30,30,29,31,18,13
609,rational,q_learning,N/A,/home/renzo/Escritorio/fac/IA1/Truco-AI/game/agents/RL-Agents/q_tables/exp2_vs_rational_789987.pkl,J1,12,30,30,12,22,7,15
610,rational,q_learning,N/A,/home/renzo/Escritorio/fac/IA1/Truco-AI/game/agents/RL-Agents/q_tables/exp2_vs_rational_789987.pkl,J1,23,30,30,23,22,9,13
611,rational,q_learning,N/A,/home/renzo/Escritorio/fac/IA1/Truco-AI/game/agents/RL-Agents/q_tables/exp2_vs_rational_789987.pkl,J1,15,30,30,15,21,9,12
612,rational,q_learning,N/A,/home/renzo/Escritorio/fac/IA1/Truco-AI/game/agents/RL-Agents/q_tables/exp2_vs_rational_789987.pkl,J0,30,29,29,30,25,14,11
613,rational,q_learning,N/A,/home/renzo/Escritorio/fac/IA1/Truco-AI/game/agents/RL-Agents/q_tables/exp2_vs_rational_789987.pkl,J1,25,30,30,25,26,15,11
614,rational,q_learning,N/A,/home/renzo/Escritorio/fac/IA1/Truco-AI/game/agents/RL-Agents/q_tables/exp2_vs_rational_789987.pkl,J1,28,30,30,28,31,14,17
615,rational,q_learning,N/A,/home/renzo/Escritorio/fac/IA1/Truco-AI/game/agents/RL-Agents/q_tables/exp2_vs_rational_789987.pkl,J1,29,30,30,29,25,10,15
616,rational,q_learning,N/A,/home/renzo/Escritorio/fac/IA1/Truco-AI/game/agents/RL-Agents/q_tables/exp2_vs_rational_789987.pkl,J0,30,15,15,30,25,16,9
617,rational,q_learning,N/A,/home/renzo/Escritorio/fac/IA1/Truco-AI/game/agents/RL-Agents/q_tables/exp2_vs_rational_789987.pkl,J1,23,30,30,23,26,12,14
618,rational,q_learning,N/A,/home/renzo/Escritorio/fac/IA1/Truco-AI/game/agents/RL-Agents/q_tables/exp2_vs_rational_789987.pkl,J1,28,30,30,28,28,15,13
619,rational,q_learning,N/A,/home/renzo/Escritorio/fac/IA1/Truco-AI/game/agents/RL-Agents/q_tables/exp2_vs_rational_789987.pkl,J1,17,30,30,17,23,9,14
620,rational,q_learning,N/A,/home/renzo/Escritorio/fac/IA1/Truco-AI/game/agents/RL-Agents/q_tables/exp2_vs_rational_789987.pkl,J1,27,30,30,27,27,12,15
621,rational,q_learning,N/A,/home/renzo/Escritorio/fac/IA1/Truco-AI/game/agents/RL-Agents/q_tables/exp2_vs_rational_789987.pkl,J1,23,30,30,23,23,10,13
622,rational,q_learning,N/A,/home/renzo/Escritorio/fac/IA1/Truco-AI/game/agents/RL-Agents/q_tables/exp2_vs_rational_789987.pkl,J0,30,28,28,30,31,17,14
623,rational,q_learning,N/A,/home/renzo/Escritorio/fac/IA1/Truco-AI/game/agents/RL-Agents/q_tables/exp2_vs_rational_789987.pkl,J1,19,30,30,19,21,8,13
624,rational,q_learning,N/A,/home/renzo/Escritorio/fac/IA1/Truco-AI/game/agents/RL-Agents/q_tables/exp2_vs_rational_789987.pkl,J0,30,29,29,30,26,12,14
625,rational,q_learning,N/A,/home/renzo/Escritorio/fac/IA1/Truco-AI/game/agents/RL-Agents/q_tables/exp2_vs_rational_789987.pkl,J1,25,30,30,25,28,15,13
626,rational,q_learning,N/A,/home/renzo/Escritorio/fac/IA1/Truco-AI/game/agents/RL-Agents/q_tables/exp2_vs_rational_789987.pkl,J1,17,30,30,17,20,6,14
627,rational,q_learning,N/A,/home/renzo/Escritorio/fac/IA1/Truco-AI/game/agents/RL-Agents/q_tables/exp2_vs_rational_789987.pkl,J0,30,29,29,30,30,15,15
628,rational,q_learning,N/A,/home/renzo/Escritorio/fac/IA1/Truco-AI/game/agents/RL-Agents/q_tables/exp2_vs_rational_789987.pkl,J1,19,30,30,19,20,8,12
629,rational,q_learning,N/A,/home/renzo/Escritorio/fac/IA1/Truco-AI/game/agents/RL-Agents/q_tables/exp2_vs_rational_789987.pkl,J0,30,21,21,30,28,15,13
630,rational,q_learning,N/A,/home/renzo/Escritorio/fac/IA1/Truco-AI/game/agents/RL-Agents/q_tables/exp2_vs_rational_789987.pkl,J0,30,28,28,30,30,15,15
631,rational,q_learning,N/A,/home/renzo/Escritorio/fac/IA1/Truco-AI/game/agents/RL-Agents/q_tables/exp2_vs_rational_789987.pkl,J1,12,30,30,12,21,6,15
632,rational,q_learning,N/A,/home/renzo/Escritorio/fac/IA1/Truco-AI/game/agents/RL-Agents/q_tables/exp2_vs_rational_789987.pkl,J0,30,16,16,30,19,11,8
633,rational,q_learning,N/A,/home/renzo/Escritorio/fac/IA1/Truco-AI/game/agents/RL-Agents/q_tables/exp2_vs_rational_789987.pkl,J0,30,26,26,30,32,18,14
634,rational,q_learning,N/A,/home/renzo/Escritorio/fac/IA1/Truco-AI/game/agents/RL-Agents/q_tables/exp2_vs_rational_789987.pkl,J1,15,30,30,15,20,7,13
635,rational,q_learning,N/A,/home/renzo/Escritorio/fac/IA1/Truco-AI/game/agents/RL-Agents/q_tables/exp2_vs_rational_789987.pkl,J0,30,26,26,30,30,19,11
636,rational,q_learning,N/A,/home/renzo/Escritorio/fac/IA1/Truco-AI/game/agents/RL-Agents/q_tables/exp2_vs_rational_789987.pkl,J0,30,18,18,30,25,16,9
637,rational,q_learning,N/A,/home/renzo/Escritorio/fac/IA1/Truco-AI/game/agents/RL-Agents/q_tables/exp2_vs_rational_789987.pkl,J1,24,30,30,24,24,9,15
638,rational,q_learning,N/A,/home/renzo/Escritorio/fac/IA1/Truco-AI/game/agents/RL-Agents/q_tables/exp2_vs_rational_789987.pkl,J1,23,30,30,23,31,18,13
639,rational,q_learning,N/A,/home/renzo/Escritorio/fac/IA1/Truco-AI/game/agents/RL-Agents/q_tables/exp2_vs_rational_789987.pkl,J1,21,30,30,21,26,13,13
640,rational,q_learning,N/A,/home/renzo/Escritorio/fac/IA1/Truco-AI/game/agents/RL-Agents/q_tables/exp2_vs_rational_789987.pkl,J0,30,27,27,30,30,16,14
641,rational,q_learning,N/A,/home/renzo/Escritorio/fac/IA1/Truco-AI/game/agents/RL-Agents/q_tables/exp2_vs_rational_789987.pkl,J0,30,28,28,30,32,19,13
642,rational,q_learning,N/A,/home/renzo/Escritorio/fac/IA1/Truco-AI/game/agents/RL-Agents/q_tables/exp2_vs_rational_789987.pkl,J1,26,30,30,26,30,13,17
643,rational,q_learning,N/A,/home/renzo/Escritorio/fac/IA1/Truco-AI/game/agents/RL-Agents/q_tables/exp2_vs_rational_789987.pkl,J1,29,30,30,29,33,18,15
644,rational,q_learning,N/A,/home/renzo/Escritorio/fac/IA1/Truco-AI/game/agents/RL-Agents/q_tables/exp2_vs_rational_789987.pkl,J1,25,30,30,25,30,13,17
645,rational,q_learning,N/A,/home/renzo/Escritorio/fac/IA1/Truco-AI/game/agents/RL-Agents/q_tables/exp2_vs_rational_789987.pkl,J0,30,27,27,30,31,22,9
646,rational,q_learning,N/A,/home/renzo/Escritorio/fac/IA1/Truco-AI/game/agents/RL-Agents/q_tables/exp2_vs_rational_789987.pkl,J1,28,30,30,28,29,15,14
647,rational,q_learning,N/A,/home/renzo/Escritorio/fac/IA1/Truco-AI/game/agents/RL-Agents/q_tables/exp2_vs_rational_789987.pkl,J1,23,30,30,23,25,11,14
648,rational,q_learning,N/A,/home/renzo/Escritorio/fac/IA1/Truco-AI/game/agents/RL-Agents/q_tables/exp2_vs_rational_789987.pkl,J0,30,17,17,30,25,15,10
649,rational,q_learning,N/A,/home/renzo/Escritorio/fac/IA1/Truco-AI/game/agents/RL-Agents/q_tables/exp2_vs_rational_789987.pkl,J0,30,26,26,30,24,11,13
650,rational,q_learning,N/A,/home/renzo/Escritorio/fac/IA1/Truco-AI/game/agents/RL-Agents/q_tables/exp2_vs_rational_789987.pkl,J1,22,30,30,22,23,11,12
651,rational,q_learning,N/A,/home/renzo/Escritorio/fac/IA1/Truco-AI/game/agents/RL-Agents/q_tables/exp2_vs_rational_789987.pkl,J1,17,30,30,17,24,12,12
652,rational,q_learning,N/A,/home/renzo/Escritorio/fac/IA1/Truco-AI/game/agents/RL-Agents/q_tables/exp2_vs_rational_789987.pkl,J1,1,30,30,1,4,1,3
653,rational,q_learning,N/A,/home/renzo/Escritorio/fac/IA1/Truco-AI/game/agents/RL-Agents/q_tables/exp2_vs_rational_789987.pkl,J1,16,30,30,16,20,9,11
654,rational,q_learning,N/A,/home/renzo/Escritorio/fac/IA1/Truco-AI/game/agents/RL-Agents/q_tables/exp2_vs_rational_789987.pkl,J0,30,29,29,30,27,14,13
655,rational,q_learning,N/A,/home/renzo/Escritorio/fac/IA1/Truco-AI/game/agents/RL-Agents/q_tables/exp2_vs_rational_789987.pkl,J0,30,25,25,30,31,16,15
656,rational,q_learning,N/A,/home/renzo/Escritorio/fac/IA1/Truco-AI/game/agents/RL-Agents/q_tables/exp2_vs_rational_789987.pkl,J1,12,30,30,12,20,7,13
657,rational,q_learning,N/A,/home/renzo/Escritorio/fac/IA1/Truco-AI/game/agents/RL-Agents/q_tables/exp2_vs_rational_789987.pkl,J1,25,30,30,25,26,11,15
658,rational,q_learning,N/A,/home/renzo/Escritorio/fac/IA1/Truco-AI/game/agents/RL-Agents/q_tables/exp2_vs_rational_789987.pkl,J0,30,27,27,30,29,14,15
659,rational,q_learning,N/A,/home/renzo/Escritorio/fac/IA1/Truco-AI/game/agents/RL-Agents/q_tables/exp2_vs_rational_789987.pkl,J1,16,30,30,16,20,7,13
660,rational,q_learning,N/A,/home/renzo/Escritorio/fac/IA1/Truco-AI/game/agents/RL-Agents/q_tables/exp2_vs_rational_789987.pkl,J0,30,25,25,30,27,18,9
661,rational,q_learning,N/A,/home/renzo/Escritorio/fac/IA1/Truco-AI/game/agents/RL-Agents/q_tables/exp2_vs_rational_789987.pkl,J0,30,22,22,30,28,19,9
662,rational,q_learning,N/A,/home/renzo/Escritorio/fac/IA1/Truco-AI/game/agents/RL-Agents/q_tables/exp2_vs_rational_789987.pkl,J1,15,30,30,15,20,5,15
663,rational,q_learning,N/A,/home/renzo/Escritorio/fac/IA1/Truco-AI/game/agents/RL-Agents/q_tables/exp2_vs_rational_789987.pkl,J0,30,28,28,30,28,14,14
664,rational,q_learning,N/A,/home/renzo/Escritorio/fac/IA1/Truco-AI/game/agents/RL-Agents/q_tables/exp2_vs_rational_789987.pkl,J0,30,26,26,30,32,18,14
665,rational,q_learning,N/A,/home/renzo/Escritorio/fac/IA1/Truco-AI/game/agents/RL-Agents/q_tables/exp2_vs_rational_789987.pkl,J1,25,30,30,25,29,13,16
666,rational,q_learning,N/A,/home/renzo/Escritorio/fac/IA1/Truco-AI/game/agents/RL-Agents/q_tables/exp2_vs_rational_789987.pkl,J1,27,30,30,27,33,19,14
667,rational,q_learning,N/A,/home/renzo/Escritorio/fac/IA1/Truco-AI/game/agents/RL-Agents/q_tables/exp2_vs_rational_789987.pkl,J0,30,28,28,30,26,15,11
668,rational,q_learning,N/A,/home/renzo/Escritorio/fac/IA1/Truco-AI/game/agents/RL-Agents/q_tables/exp2_vs_rational_789987.pkl,J1,18,30,30,18,24,10,14
669,rational,q_learning,N/A,/home/renzo/Escritorio/fac/IA1/Truco-AI/game/agents/RL-Agents/q_tables/exp2_vs_rational_789987.pkl,J1,17,30,30,17,21,7,14
670,rational,q_learning,N/A,/home/renzo/Escritorio/fac/IA1/Truco-AI/game/agents/RL-Agents/q_tables/exp2_vs_rational_789987.pkl,J1,24,30,30,24,28,17,11
671,rational,q_learning,N/A,/home/renzo/Escritorio/fac/IA1/Truco-AI/game/agents/RL-Agents/q_tables/exp2_vs_rational_789987.pkl,J1,22,30,30,22,31,14,17
672,rational,q_learning,N/A,/home/renzo/Escritorio/fac/IA1/Truco-AI/game/agents/RL-Agents/q_tables/exp2_vs_rational_789987.pkl,J1,16,30,30,16,24,7,17
673,rational,q_learning,N/A,/home/renzo/Escritorio/fac/IA1/Truco-AI/game/agents/RL-Agents/q_tables/exp2_vs_rational_789987.pkl,J0,30,24,24,30,23,11,12
674,rational,q_learning,N/A,/home/renzo/Escritorio/fac/IA1/Truco-AI/game/agents/RL-Agents/q_tables/exp2_vs_rational_789987.pkl,J1,7,30,30,7,17,5,12
675,rational,q_learning,N/A,/home/renzo/Escritorio/fac/IA1/Truco-AI/game/agents/RL-Agents/q_tables/exp2_vs_rational_789987.pkl,J1,23,30,30,23,26,12,14
676,rational,q_learning,N/A,/home/renzo/Escritorio/fac/IA1/Truco-AI/game/agents/RL-Agents/q_tables/exp2_vs_rational_789987.pkl,J0,30,19,19,30,27,14,13
677,rational,q_learning,N/A,/home/renzo/Escritorio/fac/IA1/Truco-AI/game/agents/RL-Agents/q_tables/exp2_vs_rational_789987.pkl,J1,12,30,30,12,18,6,12
678,rational,q_learning,N/A,/home/renzo/Escritorio/fac/IA1/Truco-AI/game/agents/RL-Agents/q_tables/exp2_vs_rational_789987.pkl,J1,14,30,30,14,25,11,14
679,rational,q_learning,N/A,/home/renzo/Escritorio/fac/IA1/Truco-AI/game/agents/RL-Agents/q_tables/exp2_vs_rational_789987.pkl,J1,26,30,30,26,28,14,14
680,rational,q_learning,N/A,/home/renzo/Escritorio/fac/IA1/Truco-AI/game/agents/RL-Agents/q_tables/exp2_vs_rational_789987.pkl,J0,30,29,29,30,29,16,13
681,rational,q_learning,N/A,/home/renzo/Escritorio/fac/IA1/Truco-AI/game/agents/RL-Agents/q_tables/exp2_vs_rational_789987.pkl,J1,28,30,30,28,30,18,12
682,rational,q_learning,N/A,/home/renzo/Escritorio/fac/IA1/Truco-AI/game/agents/RL-Agents/q_tables/exp2_vs_rational_789987.pkl,J1,27,30,30,27,27,11,16
683,rational,q_learning,N/A,/home/renzo/Escritorio/fac/IA1/Truco-AI/game/agents/RL-Agents/q_tables/exp2_vs_rational_789987.pkl,J1,21,30,30,21,24,12,12
684,rational,q_learning,N/A,/home/renzo/Escritorio/fac/IA1/Truco-AI/game/agents/RL-Agents/q_tables/exp2_vs_rational_789987.pkl,J1,21,30,30,21,27,12,15
685,rational,q_learning,N/A,/home/renzo/Escritorio/fac/IA1/Truco-AI/game/agents/RL-Agents/q_tables/exp2_vs_rational_789987.pkl,J0,30,28,28,30,26,12,14
686,rational,q_learning,N/A,/home/renzo/Escritorio/fac/IA1/Truco-AI/game/agents/RL-Agents/q_tables/exp2_vs_rational_789987.pkl,J1,14,30,30,14,19,8,11
687,rational,q_learning,N/A,/home/renzo/Escritorio/fac/IA1/Truco-AI/game/agents/RL-Agents/q_tables/exp2_vs_rational_789987.pkl,J1,7,30,30,7,18,4,14
688,rational,q_learning,N/A,/home/renzo/Escritorio/fac/IA1/Truco-AI/game/agents/RL-Agents/q_tables/exp2_vs_rational_789987.pkl,J1,20,30,30,20,24,10,14
689,rational,q_learning,N/A,/home/renzo/Escritorio/fac/IA1/Truco-AI/game/agents/RL-Agents/q_tables/exp2_vs_rational_789987.pkl,J1,20,30,30,20,21,9,12
690,rational,q_learning,N/A,/home/renzo/Escritorio/fac/IA1/Truco-AI/game/agents/RL-Agents/q_tables/exp2_vs_rational_789987.pkl,J1,26,30,30,26,26,14,12
691,rational,q_learning,N/A,/home/renzo/Escritorio/fac/IA1/Truco-AI/game/agents/RL-Agents/q_tables/exp2_vs_rational_789987.pkl,J1,28,30,30,28,32,16,16
692,rational,q_learning,N/A,/home/renzo/Escritorio/fac/IA1/Truco-AI/game/agents/RL-Agents/q_tables/exp2_vs_rational_789987.pkl,J0,30,28,28,30,34,22,12
693,rational,q_learning,N/A,/home/renzo/Escritorio/fac/IA1/Truco-AI/game/agents/RL-Agents/q_tables/exp2_vs_rational_789987.pkl,J1,24,30,30,24,25,12,13
694,rational,q_learning,N/A,/home/renzo/Escritorio/fac/IA1/Truco-AI/game/agents/RL-Agents/q_tables/exp2_vs_rational_789987.pkl,J1,17,30,30,17,22,9,13
695,rational,q_learning,N/A,/home/renzo/Escritorio/fac/IA1/Truco-AI/game/agents/RL-Agents/q_tables/exp2_vs_rational_789987.pkl,J0,30,28,28,30,31,17,14
696,rational,q_learning,N/A,/home/renzo/Escritorio/fac/IA1/Truco-AI/game/agents/RL-Agents/q_tables/exp2_vs_rational_789987.pkl,J1,19,30,30,19,21,7,14
697,rational,q_learning,N/A,/home/renzo/Escritorio/fac/IA1/Truco-AI/game/agents/RL-Agents/q_tables/exp2_vs_rational_789987.pkl,J1,28,30,30,28,29,13,16
698,rational,q_learning,N/A,/home/renzo/Escritorio/fac/IA1/Truco-AI/game/agents/RL-Agents/q_tables/exp2_vs_rational_789987.pkl,J1,22,30,30,22,25,14,11
699,rational,q_learning,N/A,/home/renzo/Escritorio/fac/IA1/Truco-AI/game/agents/RL-Agents/q_tables/exp2_vs_rational_789987.pkl,J1,22,30,30,22,28,8,20
700,rational,q_learning,N/A,/home/renzo/Escritorio/fac/IA1/Truco-AI/game/agents/RL-Agents/q_tables/exp2_vs_rational_789987.pkl,J1,26,30,30,26,29,16,13
701,rational,q_learning,N/A,/home/renzo/Escritorio/fac/IA1/Truco-AI/game/agents/RL-Agents/q_tables/exp2_vs_rational_789987.pkl,J0,30,23,23,30,23,14,9
702,rational,q_learning,N/A,/home/renzo/Escritorio/fac/IA1/Truco-AI/game/agents/RL-Agents/q_tables/exp2_vs_rational_789987.pkl,J1,9,30,30,9,20,7,13
703,rational,q_learning,N/A,/home/renzo/Escritorio/fac/IA1/Truco-AI/game/agents/RL-Agents/q_tables/exp2_vs_rational_789987.pkl,J1,21,30,30,21,23,11,12
704,rational,q_learning,N/A,/home/renzo/Escritorio/fac/IA1/Truco-AI/game/agents/RL-Agents/q_tables/exp2_vs_rational_789987.pkl,J0,30,24,24,30,29,17,12
705,rational,q_learning,N/A,/home/renzo/Escritorio/fac/IA1/Truco-AI/game/agents/RL-Agents/q_tables/exp2_vs_rational_789987.pkl,J1,25,30,30,25,30,14,16
706,rational,q_learning,N/A,/home/renzo/Escritorio/fac/IA1/Truco-AI/game/agents/RL-Agents/q_tables/exp2_vs_rational_789987.pkl,J1,17,30,30,17,19,6,13
707,rational,q_learning,N/A,/home/renzo/Escritorio/fac/IA1/Truco-AI/game/agents/RL-Agents/q_tables/exp2_vs_rational_789987.pkl,J0,30,26,26,30,27,16,11
708,rational,q_learning,N/A,/home/renzo/Escritorio/fac/IA1/Truco-AI/game/agents/RL-Agents/q_tables/exp2_vs_rational_789987.pkl,J1,24,30,30,24,30,17,13
709,rational,q_learning,N/A,/home/renzo/Escritorio/fac/IA1/Truco-AI/game/agents/RL-Agents/q_tables/exp2_vs_rational_789987.pkl,J0,30,24,24,30,29,17,12
710,rational,q_learning,N/A,/home/renzo/Escritorio/fac/IA1/Truco-AI/game/agents/RL-Agents/q_tables/exp2_vs_rational_789987.pkl,J1,28,30,30,28,29,14,15
711,rational,q_learning,N/A,/home/renzo/Escritorio/fac/IA1/Truco-AI/game/agents/RL-Agents/q_tables/exp2_vs_rational_789987.pkl,J0,30,20,20,30,27,16,11
712,rational,q_learning,N/A,/home/renzo/Escritorio/fac/IA1/Truco-AI/game/agents/RL-Agents/q_tables/exp2_vs_rational_789987.pkl,J1,26,30,30,26,27,11,16
713,rational,q_learning,N/A,/home/renzo/Escritorio/fac/IA1/Truco-AI/game/agents/RL-Agents/q_tables/exp2_vs_rational_789987.pkl,J1,12,30,30,12,13,3,10
714,rational,q_learning,N/A,/home/renzo/Escritorio/fac/IA1/Truco-AI/game/agents/RL-Agents/q_tables/exp2_vs_rational_789987.pkl,J1,15,30,30,15,22,10,12
715,rational,q_learning,N/A,/home/renzo/Escritorio/fac/IA1/Truco-AI/game/agents/RL-Agents/q_tables/exp2_vs_rational_789987.pkl,J1,27,30,30,27,31,13,18
716,rational,q_learning,N/A,/home/renzo/Escritorio/fac/IA1/Truco-AI/game/agents/RL-Agents/q_tables/exp2_vs_rational_789987.pkl,J1,20,30,30,20,23,9,14
717,rational,q_learning,N/A,/home/renzo/Escritorio/fac/IA1/Truco-AI/game/agents/RL-Agents/q_tables/exp2_vs_rational_789987.pkl,J1,16,30,30,16,22,8,14
718,rational,q_learning,N/A,/home/renzo/Escritorio/fac/IA1/Truco-AI/game/agents/RL-Agents/q_tables/exp2_vs_rational_789987.pkl,J1,25,30,30,25,29,17,12
719,rational,q_learning,N/A,/home/renzo/Escritorio/fac/IA1/Truco-AI/game/agents/RL-Agents/q_tables/exp2_vs_rational_789987.pkl,J1,18,30,30,18,24,11,13
720,rational,q_learning,N/A,/home/renzo/Escritorio/fac/IA1/Truco-AI/game/agents/RL-Agents/q_tables/exp2_vs_rational_789987.pkl,J0,30,24,24,30,25,12,13
721,rational,q_learning,N/A,/home/renzo/Escritorio/fac/IA1/Truco-AI/game/agents/RL-Agents/q_tables/exp2_vs_rational_789987.pkl,J0,30,27,27,30,27,14,13
722,rational,q_learning,N/A,/home/renzo/Escritorio/fac/IA1/Truco-AI/game/agents/RL-Agents/q_tables/exp2_vs_rational_789987.pkl,J0,30,21,21,30,26,16,10
723,rational,q_learning,N/A,/home/renzo/Escritorio/fac/IA1/Truco-AI/game/agents/RL-Agents/q_tables/exp2_vs_rational_789987.pkl,J1,20,30,30,20,23,11,12
724,rational,q_learning,N/A,/home/renzo/Escritorio/fac/IA1/Truco-AI/game/agents/RL-Agents/q_tables/exp2_vs_rational_789987.pkl,J1,21,30,30,21,27,16,11
725,rational,q_learning,N/A,/home/renzo/Escritorio/fac/IA1/Truco-AI/game/agents/RL-Agents/q_tables/exp2_vs_rational_789987.pkl,J1,26,30,30,26,25,9,16
726,rational,q_learning,N/A,/home/renzo/Escritorio/fac/IA1/Truco-AI/game/agents/RL-Agents/q_tables/exp2_vs_rational_789987.pkl,J0,30,20,20,30,23,13,10
727,rational,q_learning,N/A,/home/renzo/Escritorio/fac/IA1/Truco-AI/game/agents/RL-Agents/q_tables/exp2_vs_rational_789987.pkl,J0,30,28,28,30,22,13,9
728,rational,q_learning,N/A,/home/renzo/Escritorio/fac/IA1/Truco-AI/game/agents/RL-Agents/q_tables/exp2_vs_rational_789987.pkl,J0,30,22,22,30,31,20,11
729,rational,q_learning,N/A,/home/renzo/Escritorio/fac/IA1/Truco-AI/game/agents/RL-Agents/q_tables/exp2_vs_rational_789987.pkl,J0,30,28,28,30,28,16,12
730,rational,q_learning,N/A,/home/renzo/Escritorio/fac/IA1/Truco-AI/game/agents/RL-Agents/q_tables/exp2_vs_rational_789987.pkl,J1,20,30,30,20,24,10,14
731,rational,q_learning,N/A,/home/renzo/Escritorio/fac/IA1/Truco-AI/game/agents/RL-Agents/q_tables/exp2_vs_rational_789987.pkl,J1,15,30,30,15,20,5,15
732,rational,q_learning,N/A,/home/renzo/Escritorio/fac/IA1/Truco-AI/game/agents/RL-Agents/q_tables/exp2_vs_rational_789987.pkl,J0,30,22,22,30,29,17,12
733,rational,q_learning,N/A,/home/renzo/Escritorio/fac/IA1/Truco-AI/game/agents/RL-Agents/q_tables/exp2_vs_rational_789987.pkl,J1,12,30,30,12,21,8,13
734,rational,q_learning,N/A,/home/renzo/Escritorio/fac/IA1/Truco-AI/game/agents/RL-Agents/q_tables/exp2_vs_rational_789987.pkl,J0,30,26,26,30,25,14,11
735,rational,q_learning,N/A,/home/renzo/Escritorio/fac/IA1/Truco-AI/game/agents/RL-Agents/q_tables/exp2_vs_rational_789987.pkl,J1,28,30,30,28,28,14,14
736,rational,q_learning,N/A,/home/renzo/Escritorio/fac/IA1/Truco-AI/game/agents/RL-Agents/q_tables/exp2_vs_rational_789987.pkl,J1,19,30,30,19,26,10,16
737,rational,q_learning,N/A,/home/renzo/Escritorio/fac/IA1/Truco-AI/game/agents/RL-Agents/q_tables/exp2_vs_rational_789987.pkl,J1,23,30,30,23,24,11,13
738,rational,q_learning,N/A,/home/renzo/Escritorio/fac/IA1/Truco-AI/game/agents/RL-Agents/q_tables/exp2_vs_rational_789987.pkl,J0,30,25,25,30,25,12,13
739,rational,q_learning,N/A,/home/renzo/Escritorio/fac/IA1/Truco-AI/game/agents/RL-Agents/q_tables/exp2_vs_rational_789987.pkl,J1,26,30,30,26,27,13,14
740,rational,q_learning,N/A,/home/renzo/Escritorio/fac/IA1/Truco-AI/game/agents/RL-Agents/q_tables/exp2_vs_rational_789987.pkl,J1,15,30,30,15,24,10,14
741,rational,q_learning,N/A,/home/renzo/Escritorio/fac/IA1/Truco-AI/game/agents/RL-Agents/q_tables/exp2_vs_rational_789987.pkl,J1,26,30,30,26,30,15,15
742,rational,q_learning,N/A,/home/renzo/Escritorio/fac/IA1/Truco-AI/game/agents/RL-Agents/q_tables/exp2_vs_rational_789987.pkl,J1,29,30,30,29,29,15,14
743,rational,q_learning,N/A,/home/renzo/Escritorio/fac/IA1/Truco-AI/game/agents/RL-Agents/q_tables/exp2_vs_rational_789987.pkl,J1,13,30,30,13,19,7,12
744,rational,q_learning,N/A,/home/renzo/Escritorio/fac/IA1/Truco-AI/game/agents/RL-Agents/q_tables/exp2_vs_rational_789987.pkl,J1,26,30,30,26,28,15,13
745,rational,q_learning,N/A,/home/renzo/Escritorio/fac/IA1/Truco-AI/game/agents/RL-Agents/q_tables/exp2_vs_rational_789987.pkl,J1,25,30,30,25,23,14,9
746,rational,q_learning,N/A,/home/renzo/Escritorio/fac/IA1/Truco-AI/game/agents/RL-Agents/q_tables/exp2_vs_rational_789987.pkl,J1,24,30,30,24,27,12,15
747,rational,q_learning,N/A,/home/renzo/Escritorio/fac/IA1/Truco-AI/game/agents/RL-Agents/q_tables/exp2_vs_rational_789987.pkl,J1,26,30,30,26,24,13,11
748,rational,q_learning,N/A,/home/renzo/Escritorio/fac/IA1/Truco-AI/game/agents/RL-Agents/q_tables/exp2_vs_rational_789987.pkl,J0,30,26,26,30,31,15,16
749,rational,q_learning,N/A,/home/renzo/Escritorio/fac/IA1/Truco-AI/game/agents/RL-Agents/q_tables/exp2_vs_rational_789987.pkl,J0,30,28,28,30,29,16,13
750,rational,q_learning,N/A,/home/renzo/Escritorio/fac/IA1/Truco-AI/game/agents/RL-Agents/q_tables/exp2_vs_rational_789987.pkl,J0,30,29,29,30,29,13,16
751,rational,q_learning,N/A,/home/renzo/Escritorio/fac/IA1/Truco-AI/game/agents/RL-Agents/q_tables/exp2_vs_rational_789987.pkl,J1,26,30,30,26,27,13,14
752,rational,q_learning,N/A,/home/renzo/Escritorio/fac/IA1/Truco-AI/game/agents/RL-Agents/q_tables/exp2_vs_rational_789987.pkl,J1,21,30,30,21,27,10,17
753,rational,q_learning,N/A,/home/renzo/Escritorio/fac/IA1/Truco-AI/game/agents/RL-Agents/q_tables/exp2_vs_rational_789987.pkl,J1,24,30,30,24,25,12,13
754,rational,q_learning,N/A,/home/renzo/Escritorio/fac/IA1/Truco-AI/game/agents/RL-Agents/q_tables/exp2_vs_rational_789987.pkl,J1,24,30,30,24,25,10,15
755,rational,q_learning,N/A,/home/renzo/Escritorio/fac/IA1/Truco-AI/game/agents/RL-Agents/q_tables/exp2_vs_rational_789987.pkl,J1,29,30,30,29,25,14,11
756,rational,q_learning,N/A,/home/renzo/Escritorio/fac/IA1/Truco-AI/game/agents/RL-Agents/q_tables/exp2_vs_rational_789987.pkl,J1,24,30,30,24,27,10,17
757,rational,q_learning,N/A,/home/renzo/Escritorio/fac/IA1/Truco-AI/game/agents/RL-Agents/q_tables/exp2_vs_rational_789987.pkl,J0,30,16,16,30,25,16,9
758,rational,q_learning,N/A,/home/renzo/Escritorio/fac/IA1/Truco-AI/game/agents/RL-Agents/q_tables/exp2_vs_rational_789987.pkl,J1,22,30,30,22,20,7,13
759,rational,q_learning,N/A,/home/renzo/Escritorio/fac/IA1/Truco-AI/game/agents/RL-Agents/q_tables/exp2_vs_rational_789987.pkl,J1,28,30,30,28,24,11,13
760,rational,q_learning,N/A,/home/renzo/Escritorio/fac/IA1/Truco-AI/game/agents/RL-Agents/q_tables/exp2_vs_rational_789987.pkl,J1,20,30,30,20,25,11,14
761,rational,q_learning,N/A,/home/renzo/Escritorio/fac/IA1/Truco-AI/game/agents/RL-Agents/q_tables/exp2_vs_rational_789987.pkl,J0,30,15,15,30,25,16,9
762,rational,q_learning,N/A,/home/renzo/Escritorio/fac/IA1/Truco-AI/game/agents/RL-Agents/q_tables/exp2_vs_rational_789987.pkl,J1,24,30,30,24,27,13,14
763,rational,q_learning,N/A,/home/renzo/Escritorio/fac/IA1/Truco-AI/game/agents/RL-Agents/q_tables/exp2_vs_rational_789987.pkl,J1,20,30,30,20,24,13,11
764,rational,q_learning,N/A,/home/renzo/Escritorio/fac/IA1/Truco-AI/game/agents/RL-Agents/q_tables/exp2_vs_rational_789987.pkl,J1,12,30,30,12,21,6,15
765,rational,q_learning,N/A,/home/renzo/Escritorio/fac/IA1/Truco-AI/game/agents/RL-Agents/q_tables/exp2_vs_rational_789987.pkl,J0,30,26,26,30,27,14,13
766,rational,q_learning,N/A,/home/renzo/Escritorio/fac/IA1/Truco-AI/game/agents/RL-Agents/q_tables/exp2_vs_rational_789987.pkl,J1,20,30,30,20,25,15,10
767,rational,q_learning,N/A,/home/renzo/Escritorio/fac/IA1/Truco-AI/game/agents/RL-Agents/q_tables/exp2_vs_rational_789987.pkl,J1,12,30,30,12,22,9,13
768,rational,q_learning,N/A,/home/renzo/Escritorio/fac/IA1/Truco-AI/game/agents/RL-Agents/q_tables/exp2_vs_rational_789987.pkl,J0,30,25,25,30,31,17,14
769,rational,q_learning,N/A,/home/renzo/Escritorio/fac/IA1/Truco-AI/game/agents/RL-Agents/q_tables/exp2_vs_rational_789987.pkl,J0,30,23,23,30,24,15,9
770,rational,q_learning,N/A,/home/renzo/Escritorio/fac/IA1/Truco-AI/game/agents/RL-Agents/q_tables/exp2_vs_rational_789987.pkl,J1,27,30,30,27,31,17,14
771,rational,q_learning,N/A,/home/renzo/Escritorio/fac/IA1/Truco-AI/game/agents/RL-Agents/q_tables/exp2_vs_rational_789987.pkl,J1,20,30,30,20,23,11,12
772,rational,q_learning,N/A,/home/renzo/Escritorio/fac/IA1/Truco-AI/game/agents/RL-Agents/q_tables/exp2_vs_rational_789987.pkl,J1,26,30,30,26,24,10,14
773,rational,q_learning,N/A,/home/renzo/Escritorio/fac/IA1/Truco-AI/game/agents/RL-Agents/q_tables/exp2_vs_rational_789987.pkl,J1,18,30,30,18,21,8,13
774,rational,q_learning,N/A,/home/renzo/Escritorio/fac/IA1/Truco-AI/game/agents/RL-Agents/q_tables/exp2_vs_rational_789987.pkl,J1,11,30,30,11,20,7,13
775,rational,q_learning,N/A,/home/renzo/Escritorio/fac/IA1/Truco-AI/game/agents/RL-Agents/q_tables/exp2_vs_rational_789987.pkl,J1,23,30,30,23,23,10,13
776,rational,q_learning,N/A,/home/renzo/Escritorio/fac/IA1/Truco-AI/game/agents/RL-Agents/q_tables/exp2_vs_rational_789987.pkl,J1,24,30,30,24,30,15,15
777,rational,q_learning,N/A,/home/renzo/Escritorio/fac/IA1/Truco-AI/game/agents/RL-Agents/q_tables/exp2_vs_rational_789987.pkl,J0,30,28,28,30,29,16,13
778,rational,q_learning,N/A,/home/renzo/Escritorio/fac/IA1/Truco-AI/game/agents/RL-Agents/q_tables/exp2_vs_rational_789987.pkl,J1,28,30,30,28,32,17,15
779,rational,q_learning,N/A,/home/renzo/Escritorio/fac/IA1/Truco-AI/game/agents/RL-Agents/q_tables/exp2_vs_rational_789987.pkl,J0,30,27,27,30,24,13,11
780,rational,q_learning,N/A,/home/renzo/Escritorio/fac/IA1/Truco-AI/game/agents/RL-Agents/q_tables/exp2_vs_rational_789987.pkl,J0,30,29,29,30,31,16,15
781,rational,q_learning,N/A,/home/renzo/Escritorio/fac/IA1/Truco-AI/game/agents/RL-Agents/q_tables/exp2_vs_rational_789987.pkl,J0,30,26,26,30,35,19,16
782,rational,q_learning,N/A,/home/renzo/Escritorio/fac/IA1/Truco-AI/game/agents/RL-Agents/q_tables/exp2_vs_rational_789987.pkl,J1,10,30,30,10,21,6,15
783,rational,q_learning,N/A,/home/renzo/Escritorio/fac/IA1/Truco-AI/game/agents/RL-Agents/q_tables/exp2_vs_rational_789987.pkl,J1,29,30,30,29,29,14,15
784,rational,q_learning,N/A,/home/renzo/Escritorio/fac/IA1/Truco-AI/game/agents/RL-Agents/q_tables/exp2_vs_rational_789987.pkl,J1,13,30,30,13,22,9,13
785,rational,q_learning,N/A,/home/renzo/Escritorio/fac/IA1/Truco-AI/game/agents/RL-Agents/q_tables/exp2_vs_rational_789987.pkl,J1,25,30,30,25,31,13,18
786,rational,q_learning,N/A,/home/renzo/Escritorio/fac/IA1/Truco-AI/game/agents/RL-Agents/q_tables/exp2_vs_rational_789987.pkl,J1,19,30,30,19,28,13,15
787,rational,q_learning,N/A,/home/renzo/Escritorio/fac/IA1/Truco-AI/game/agents/RL-Agents/q_tables/exp2_vs_rational_789987.pkl,J0,30,29,29,30,30,17,13
788,rational,q_learning,N/A,/home/renzo/Escritorio/fac/IA1/Truco-AI/game/agents/RL-Agents/q_tables/exp2_vs_rational_789987.pkl,J1,13,30,30,13,25,10,15
789,rational,q_learning,N/A,/home/renzo/Escritorio/fac/IA1/Truco-AI/game/agents/RL-Agents/q_tables/exp2_vs_rational_789987.pkl,J1,22,30,30,22,26,9,17
790,rational,q_learning,N/A,/home/renzo/Escritorio/fac/IA1/Truco-AI/game/agents/RL-Agents/q_tables/exp2_vs_rational_789987.pkl,J0,30,25,25,30,30,16,14
791,rational,q_learning,N/A,/home/renzo/Escritorio/fac/IA1/Truco-AI/game/agents/RL-Agents/q_tables/exp2_vs_rational_789987.pkl,J1,26,30,30,26,29,15,14
792,rational,q_learning,N/A,/home/renzo/Escritorio/fac/IA1/Truco-AI/game/agents/RL-Agents/q_tables/exp2_vs_rational_789987.pkl,J1,22,30,30,22,22,10,12
793,rational,q_learning,N/A,/home/renzo/Escritorio/fac/IA1/Truco-AI/game/agents/RL-Agents/q_tables/exp2_vs_rational_789987.pkl,J1,21,30,30,21,22,10,12
794,rational,q_learning,N/A,/home/renzo/Escritorio/fac/IA1/Truco-AI/game/agents/RL-Agents/q_tables/exp2_vs_rational_789987.pkl,J0,30,18,18,30,23,16,7
795,rational,q_learning,N/A,/home/renzo/Escritorio/fac/IA1/Truco-AI/game/agents/RL-Agents/q_tables/exp2_vs_rational_789987.pkl,J1,20,30,30,20,28,14,14
796,rational,q_learning,N/A,/home/renzo/Escritorio/fac/IA1/Truco-AI/game/agents/RL-Agents/q_tables/exp2_vs_rational_789987.pkl,J1,18,30,30,18,26,12,14
797,rational,q_learning,N/A,/home/renzo/Escritorio/fac/IA1/Truco-AI/game/agents/RL-Agents/q_tables/exp2_vs_rational_789987.pkl,J1,23,30,30,23,24,11,13
798,rational,q_learning,N/A,/home/renzo/Escritorio/fac/IA1/Truco-AI/game/agents/RL-Agents/q_tables/exp2_vs_rational_789987.pkl,J1,19,30,30,19,23,10,13
799,rational,q_learning,N/A,/home/renzo/Escritorio/fac/IA1/Truco-AI/game/agents/RL-Agents/q_tables/exp2_vs_rational_789987.pkl,J1,23,30,30,23,26,13,13
800,rational,q_learning,N/A,/home/renzo/Escritorio/fac/IA1/Truco-AI/game/agents/RL-Agents/q_tables/exp2_vs_rational_789987.pkl,J0,30,29,29,30,26,12,14
801,rational,q_learning,N/A,/home/renzo/Escritorio/fac/IA1/Truco-AI/game/agents/RL-Agents/q_tables/exp2_vs_rational_789987.pkl,J1,20,30,30,20,25,13,12
802,rational,q_learning,N/A,/home/renzo/Escritorio/fac/IA1/Truco-AI/game/agents/RL-Agents/q_tables/exp2_vs_rational_789987.pkl,J1,20,30,30,20,25,9,16
803,rational,q_learning,N/A,/home/renzo/Escritorio/fac/IA1/Truco-AI/game/agents/RL-Agents/q_tables/exp2_vs_rational_789987.pkl,J1,16,30,30,16,24,12,12
804,rational,q_learning,N/A,/home/renzo/Escritorio/fac/IA1/Truco-AI/game/agents/RL-Agents/q_tables/exp2_vs_rational_789987.pkl,J0,30,28,28,30,25,12,13
805,rational,q_learning,N/A,/home/renzo/Escritorio/fac/IA1/Truco-AI/game/agents/RL-Agents/q_tables/exp2_vs_rational_789987.pkl,J1,12,30,30,12,21,8,13
806,rational,q_learning,N/A,/home/renzo/Escritorio/fac/IA1/Truco-AI/game/agents/RL-Agents/q_tables/exp2_vs_rational_789987.pkl,J1,2,30,30,2,1,1,0
807,rational,q_learning,N/A,/home/renzo/Escritorio/fac/IA1/Truco-AI/game/agents/RL-Agents/q_tables/exp2_vs_rational_789987.pkl,J0,30,24,24,30,32,19,13
808,rational,q_learning,N/A,/home/renzo/Escritorio/fac/IA1/Truco-AI/game/agents/RL-Agents/q_tables/exp2_vs_rational_789987.pkl,J1,27,30,30,27,31,17,14
809,rational,q_learning,N/A,/home/renzo/Escritorio/fac/IA1/Truco-AI/game/agents/RL-Agents/q_tables/exp2_vs_rational_789987.pkl,J0,30,27,27,30,27,14,13
810,rational,q_learning,N/A,/home/renzo/Escritorio/fac/IA1/Truco-AI/game/agents/RL-Agents/q_tables/exp2_vs_rational_789987.pkl,J1,24,30,30,24,24,12,12
811,rational,q_learning,N/A,/home/renzo/Escritorio/fac/IA1/Truco-AI/game/agents/RL-Agents/q_tables/exp2_vs_rational_789987.pkl,J0,30,27,27,30,29,13,16
812,rational,q_learning,N/A,/home/renzo/Escritorio/fac/IA1/Truco-AI/game/agents/RL-Agents/q_tables/exp2_vs_rational_789987.pkl,J0,30,25,25,30,30,17,13
813,rational,q_learning,N/A,/home/renzo/Escritorio/fac/IA1/Truco-AI/game/agents/RL-Agents/q_tables/exp2_vs_rational_789987.pkl,J1,27,30,30,27,27,12,15
814,rational,q_learning,N/A,/home/renzo/Escritorio/fac/IA1/Truco-AI/game/agents/RL-Agents/q_tables/exp2_vs_rational_789987.pkl,J1,27,30,30,27,25,14,11
815,rational,q_learning,N/A,/home/renzo/Escritorio/fac/IA1/Truco-AI/game/agents/RL-Agents/q_tables/exp2_vs_rational_789987.pkl,J0,30,29,29,30,30,14,16
816,rational,q_learning,N/A,/home/renzo/Escritorio/fac/IA1/Truco-AI/game/agents/RL-Agents/q_tables/exp2_vs_rational_789987.pkl,J1,27,30,30,27,34,17,17
817,rational,q_learning,N/A,/home/renzo/Escritorio/fac/IA1/Truco-AI/game/agents/RL-Agents/q_tables/exp2_vs_rational_789987.pkl,J1,10,30,30,10,20,7,13
818,rational,q_learning,N/A,/home/renzo/Escritorio/fac/IA1/Truco-AI/game/agents/RL-Agents/q_tables/exp2_vs_rational_789987.pkl,J0,30,27,27,30,31,14,17
819,rational,q_learning,N/A,/home/renzo/Escritorio/fac/IA1/Truco-AI/game/agents/RL-Agents/q_tables/exp2_vs_rational_789987.pkl,J1,21,30,30,21,26,9,17
820,rational,q_learning,N/A,/home/renzo/Escritorio/fac/IA1/Truco-AI/game/agents/RL-Agents/q_tables/exp2_vs_rational_789987.pkl,J0,30,21,21,30,32,20,12
821,rational,q_learning,N/A,/home/renzo/Escritorio/fac/IA1/Truco-AI/game/agents/RL-Agents/q_tables/exp2_vs_rational_789987.pkl,J0,30,19,19,30,26,17,9
822,rational,q_learning,N/A,/home/renzo/Escritorio/fac/IA1/Truco-AI/game/agents/RL-Agents/q_tables/exp2_vs_rational_789987.pkl,J0,30,27,27,30,21,11,10
823,rational,q_learning,N/A,/home/renzo/Escritorio/fac/IA1/Truco-AI/game/agents/RL-Agents/q_tables/exp2_vs_rational_789987.pkl,J0,30,22,22,30,31,16,15
824,rational,q_learning,N/A,/home/renzo/Escritorio/fac/IA1/Truco-AI/game/agents/RL-Agents/q_tables/exp2_vs_rational_789987.pkl,J1,19,30,30,19,26,12,14
825,rational,q_learning,N/A,/home/renzo/Escritorio/fac/IA1/Truco-AI/game/agents/RL-Agents/q_tables/exp2_vs_rational_789987.pkl,J0,30,26,26,30,28,16,12
826,rational,q_learning,N/A,/home/renzo/Escritorio/fac/IA1/Truco-AI/game/agents/RL-Agents/q_tables/exp2_vs_rational_789987.pkl,J1,24,30,30,24,24,13,11
827,rational,q_learning,N/A,/home/renzo/Escritorio/fac/IA1/Truco-AI/game/agents/RL-Agents/q_tables/exp2_vs_rational_789987.pkl,J1,16,30,30,16,21,8,13
828,rational,q_learning,N/A,/home/renzo/Escritorio/fac/IA1/Truco-AI/game/agents/RL-Agents/q_tables/exp2_vs_rational_789987.pkl,J1,22,30,30,22,31,14,17
829,rational,q_learning,N/A,/home/renzo/Escritorio/fac/IA1/Truco-AI/game/agents/RL-Agents/q_tables/exp2_vs_rational_789987.pkl,J0,30,20,20,30,29,18,11
830,rational,q_learning,N/A,/home/renzo/Escritorio/fac/IA1/Truco-AI/game/agents/RL-Agents/q_tables/exp2_vs_rational_789987.pkl,J1,23,30,30,23,22,12,10
831,rational,q_learning,N/A,/home/renzo/Escritorio/fac/IA1/Truco-AI/game/agents/RL-Agents/q_tables/exp2_vs_rational_789987.pkl,J1,19,30,30,19,20,8,12
832,rational,q_learning,N/A,/home/renzo/Escritorio/fac/IA1/Truco-AI/game/agents/RL-Agents/q_tables/exp2_vs_rational_789987.pkl,J1,15,30,30,15,20,6,14
833,rational,q_learning,N/A,/home/renzo/Escritorio/fac/IA1/Truco-AI/game/agents/RL-Agents/q_tables/exp2_vs_rational_789987.pkl,J1,24,30,30,24,24,13,11
834,rational,q_learning,N/A,/home/renzo/Escritorio/fac/IA1/Truco-AI/game/agents/RL-Agents/q_tables/exp2_vs_rational_789987.pkl,J0,30,29,29,30,28,13,15
835,rational,q_learning,N/A,/home/renzo/Escritorio/fac/IA1/Truco-AI/game/agents/RL-Agents/q_tables/exp2_vs_rational_789987.pkl,J0,30,27,27,30,26,15,11
836,rational,q_learning,N/A,/home/renzo/Escritorio/fac/IA1/Truco-AI/game/agents/RL-Agents/q_tables/exp2_vs_rational_789987.pkl,J1,19,30,30,19,27,13,14
837,rational,q_learning,N/A,/home/renzo/Escritorio/fac/IA1/Truco-AI/game/agents/RL-Agents/q_tables/exp2_vs_rational_789987.pkl,J1,11,30,30,11,20,9,11
838,rational,q_learning,N/A,/home/renzo/Escritorio/fac/IA1/Truco-AI/game/agents/RL-Agents/q_tables/exp2_vs_rational_789987.pkl,J1,29,30,30,29,27,17,10
839,rational,q_learning,N/A,/home/renzo/Escritorio/fac/IA1/Truco-AI/game/agents/RL-Agents/q_tables/exp2_vs_rational_789987.pkl,J0,30,29,29,30,29,14,15
840,rational,q_learning,N/A,/home/renzo/Escritorio/fac/IA1/Truco-AI/game/agents/RL-Agents/q_tables/exp2_vs_rational_789987.pkl,J1,22,30,30,22,25,14,11
841,rational,q_learning,N/A,/home/renzo/Escritorio/fac/IA1/Truco-AI/game/agents/RL-Agents/q_tables/exp2_vs_rational_789987.pkl,J1,26,30,30,26,22,13,9
842,rational,q_learning,N/A,/home/renzo/Escritorio/fac/IA1/Truco-AI/game/agents/RL-Agents/q_tables/exp2_vs_rational_789987.pkl,J1,22,30,30,22,24,14,10
843,rational,q_learning,N/A,/home/renzo/Escritorio/fac/IA1/Truco-AI/game/agents/RL-Agents/q_tables/exp2_vs_rational_789987.pkl,J1,14,30,30,14,26,9,17
844,rational,q_learning,N/A,/home/renzo/Escritorio/fac/IA1/Truco-AI/game/agents/RL-Agents/q_tables/exp2_vs_rational_789987.pkl,J0,30,17,17,30,24,15,9
845,rational,q_learning,N/A,/home/renzo/Escritorio/fac/IA1/Truco-AI/game/agents/RL-Agents/q_tables/exp2_vs_rational_789987.pkl,J0,30,27,27,30,28,12,16
846,rational,q_learning,N/A,/home/renzo/Escritorio/fac/IA1/Truco-AI/game/agents/RL-Agents/q_tables/exp2_vs_rational_789987.pkl,J1,17,30,30,17,22,9,13
847,rational,q_learning,N/A,/home/renzo/Escritorio/fac/IA1/Truco-AI/game/agents/RL-Agents/q_tables/exp2_vs_rational_789987.pkl,J0,30,13,13,30,25,16,9
848,rational,q_learning,N/A,/home/renzo/Escritorio/fac/IA1/Truco-AI/game/agents/RL-Agents/q_tables/exp2_vs_rational_789987.pkl,J0,30,20,20,30,26,15,11
849,rational,q_learning,N/A,/home/renzo/Escritorio/fac/IA1/Truco-AI/game/agents/RL-Agents/q_tables/exp2_vs_rational_789987.pkl,J1,26,30,30,26,26,11,15
850,rational,q_learning,N/A,/home/renzo/Escritorio/fac/IA1/Truco-AI/game/agents/RL-Agents/q_tables/exp2_vs_rational_789987.pkl,J1,26,30,30,26,28,16,12
851,rational,q_learning,N/A,/home/renzo/Escritorio/fac/IA1/Truco-AI/game/agents/RL-Agents/q_tables/exp2_vs_rational_789987.pkl,J1,21,30,30,21,27,11,16
852,rational,q_learning,N/A,/home/renzo/Escritorio/fac/IA1/Truco-AI/game/agents/RL-Agents/q_tables/exp2_vs_rational_789987.pkl,J1,15,30,30,15,28,13,15
853,rational,q_learning,N/A,/home/renzo/Escritorio/fac/IA1/Truco-AI/game/agents/RL-Agents/q_tables/exp2_vs_rational_789987.pkl,J1,15,30,30,15,17,9,8
854,rational,q_learning,N/A,/home/renzo/Escritorio/fac/IA1/Truco-AI/game/agents/RL-Agents/q_tables/exp2_vs_rational_789987.pkl,J0,30,21,21,30,26,15,11
855,rational,q_learning,N/A,/home/renzo/Escritorio/fac/IA1/Truco-AI/game/agents/RL-Agents/q_tables/exp2_vs_rational_789987.pkl,J1,26,30,30,26,27,10,17
856,rational,q_learning,N/A,/home/renzo/Escritorio/fac/IA1/Truco-AI/game/agents/RL-Agents/q_tables/exp2_vs_rational_789987.pkl,J1,29,30,30,29,24,14,10
857,rational,q_learning,N/A,/home/renzo/Escritorio/fac/IA1/Truco-AI/game/agents/RL-Agents/q_tables/exp2_vs_rational_789987.pkl,J1,18,30,30,18,24,9,15
858,rational,q_learning,N/A,/home/renzo/Escritorio/fac/IA1/Truco-AI/game/agents/RL-Agents/q_tables/exp2_vs_rational_789987.pkl,J0,30,25,25,30,32,18,14
859,rational,q_learning,N/A,/home/renzo/Escritorio/fac/IA1/Truco-AI/game/agents/RL-Agents/q_tables/exp2_vs_rational_789987.pkl,J1,22,30,30,22,26,10,16
860,rational,q_learning,N/A,/home/renzo/Escritorio/fac/IA1/Truco-AI/game/agents/RL-Agents/q_tables/exp2_vs_rational_789987.pkl,J1,21,30,30,21,28,15,13
861,rational,q_learning,N/A,/home/renzo/Escritorio/fac/IA1/Truco-AI/game/agents/RL-Agents/q_tables/exp2_vs_rational_789987.pkl,J1,29,30,30,29,30,16,14
862,rational,q_learning,N/A,/home/renzo/Escritorio/fac/IA1/Truco-AI/game/agents/RL-Agents/q_tables/exp2_vs_rational_789987.pkl,J1,24,30,30,24,23,13,10
863,rational,q_learning,N/A,/home/renzo/Escritorio/fac/IA1/Truco-AI/game/agents/RL-Agents/q_tables/exp2_vs_rational_789987.pkl,J1,20,30,30,20,21,7,14
864,rational,q_learning,N/A,/home/renzo/Escritorio/fac/IA1/Truco-AI/game/agents/RL-Agents/q_tables/exp2_vs_rational_789987.pkl,J1,24,30,30,24,22,12,10
865,rational,q_learning,N/A,/home/renzo/Escritorio/fac/IA1/Truco-AI/game/agents/RL-Agents/q_tables/exp2_vs_rational_789987.pkl,J1,29,30,30,29,30,13,17
866,rational,q_learning,N/A,/home/renzo/Escritorio/fac/IA1/Truco-AI/game/agents/RL-Agents/q_tables/exp2_vs_rational_789987.pkl,J1,29,30,30,29,31,17,14
867,rational,q_learning,N/A,/home/renzo/Escritorio/fac/IA1/Truco-AI/game/agents/RL-Agents/q_tables/exp2_vs_rational_789987.pkl,J1,24,30,30,24,31,14,17
868,rational,q_learning,N/A,/home/renzo/Escritorio/fac/IA1/Truco-AI/game/agents/RL-Agents/q_tables/exp2_vs_rational_789987.pkl,J1,11,30,30,11,17,6,11
869,rational,q_learning,N/A,/home/renzo/Escritorio/fac/IA1/Truco-AI/game/agents/RL-Agents/q_tables/exp2_vs_rational_789987.pkl,J1,21,30,30,21,24,12,12
870,rational,q_learning,N/A,/home/renzo/Escritorio/fac/IA1/Truco-AI/game/agents/RL-Agents/q_tables/exp2_vs_rational_789987.pkl,J0,30,21,21,30,25,16,9
871,rational,q_learning,N/A,/home/renzo/Escritorio/fac/IA1/Truco-AI/game/agents/RL-Agents/q_tables/exp2_vs_rational_789987.pkl,J1,29,30,30,29,30,16,14
872,rational,q_learning,N/A,/home/renzo/Escritorio/fac/IA1/Truco-AI/game/agents/RL-Agents/q_tables/exp2_vs_rational_789987.pkl,J1,22,30,30,22,25,14,11
873,rational,q_learning,N/A,/home/renzo/Escritorio/fac/IA1/Truco-AI/game/agents/RL-Agents/q_tables/exp2_vs_rational_789987.pkl,J1,23,30,30,23,23,9,14
874,rational,q_learning,N/A,/home/renzo/Escritorio/fac/IA1/Truco-AI/game/agents/RL-Agents/q_tables/exp2_vs_rational_789987.pkl,J1,22,30,30,22,23,10,13
875,rational,q_learning,N/A,/home/renzo/Escritorio/fac/IA1/Truco-AI/game/agents/RL-Agents/q_tables/exp2_vs_rational_789987.pkl,J1,28,30,30,28,26,11,15
876,rational,q_learning,N/A,/home/renzo/Escritorio/fac/IA1/Truco-AI/game/agents/RL-Agents/q_tables/exp2_vs_rational_789987.pkl,J1,16,30,30,16,23,9,14
877,rational,q_learning,N/A,/home/renzo/Escritorio/fac/IA1/Truco-AI/game/agents/RL-Agents/q_tables/exp2_vs_rational_789987.pkl,J0,30,25,25,30,27,13,14
878,rational,q_learning,N/A,/home/renzo/Escritorio/fac/IA1/Truco-AI/game/agents/RL-Agents/q_tables/exp2_vs_rational_789987.pkl,J1,25,30,30,25,25,13,12
879,rational,q_learning,N/A,/home/renzo/Escritorio/fac/IA1/Truco-AI/game/agents/RL-Agents/q_tables/exp2_vs_rational_789987.pkl,J1,28,30,30,28,29,15,14
880,rational,q_learning,N/A,/home/renzo/Escritorio/fac/IA1/Truco-AI/game/agents/RL-Agents/q_tables/exp2_vs_rational_789987.pkl,J0,30,24,24,30,33,21,12
881,rational,q_learning,N/A,/home/renzo/Escritorio/fac/IA1/Truco-AI/game/agents/RL-Agents/q_tables/exp2_vs_rational_789987.pkl,J1,25,30,30,25,29,14,15
882,rational,q_learning,N/A,/home/renzo/Escritorio/fac/IA1/Truco-AI/game/agents/RL-Agents/q_tables/exp2_vs_rational_789987.pkl,J1,28,30,30,28,27,14,13
883,rational,q_learning,N/A,/home/renzo/Escritorio/fac/IA1/Truco-AI/game/agents/RL-Agents/q_tables/exp2_vs_rational_789987.pkl,J0,30,27,27,30,29,13,16
884,rational,q_learning,N/A,/home/renzo/Escritorio/fac/IA1/Truco-AI/game/agents/RL-Agents/q_tables/exp2_vs_rational_789987.pkl,J0,30,22,22,30,27,17,10
885,rational,q_learning,N/A,/home/renzo/Escritorio/fac/IA1/Truco-AI/game/agents/RL-Agents/q_tables/exp2_vs_rational_789987.pkl,J1,18,30,30,18,23,10,13
886,rational,q_learning,N/A,/home/renzo/Escritorio/fac/IA1/Truco-AI/game/agents/RL-Agents/q_tables/exp2_vs_rational_789987.pkl,J0,30,26,26,30,27,12,15
887,rational,q_learning,N/A,/home/renzo/Escritorio/fac/IA1/Truco-AI/game/agents/RL-Agents/q_tables/exp2_vs_rational_789987.pkl,J1,14,30,30,14,24,11,13
888,rational,q_learning,N/A,/home/renzo/Escritorio/fac/IA1/Truco-AI/game/agents/RL-Agents/q_tables/exp2_vs_rational_789987.pkl,J1,17,30,30,17,21,8,13
889,rational,q_learning,N/A,/home/renzo/Escritorio/fac/IA1/Truco-AI/game/agents/RL-Agents/q_tables/exp2_vs_rational_789987.pkl,J1,22,30,30,22,26,12,14
890,rational,q_learning,N/A,/home/renzo/Escritorio/fac/IA1/Truco-AI/game/agents/RL-Agents/q_tables/exp2_vs_rational_789987.pkl,J1,27,30,30,27,32,17,15
891,rational,q_learning,N/A,/home/renzo/Escritorio/fac/IA1/Truco-AI/game/agents/RL-Agents/q_tables/exp2_vs_rational_789987.pkl,J1,22,30,30,22,22,8,14
892,rational,q_learning,N/A,/home/renzo/Escritorio/fac/IA1/Truco-AI/game/agents/RL-Agents/q_tables/exp2_vs_rational_789987.pkl,J1,26,30,30,26,29,13,16
893,rational,q_learning,N/A,/home/renzo/Escritorio/fac/IA1/Truco-AI/game/agents/RL-Agents/q_tables/exp2_vs_rational_789987.pkl,J1,27,30,30,27,26,11,15
894,rational,q_learning,N/A,/home/renzo/Escritorio/fac/IA1/Truco-AI/game/agents/RL-Agents/q_tables/exp2_vs_rational_789987.pkl,J1,24,30,30,24,28,16,12
895,rational,q_learning,N/A,/home/renzo/Escritorio/fac/IA1/Truco-AI/game/agents/RL-Agents/q_tables/exp2_vs_rational_789987.pkl,J1,24,30,30,24,28,13,15
896,rational,q_learning,N/A,/home/renzo/Escritorio/fac/IA1/Truco-AI/game/agents/RL-Agents/q_tables/exp2_vs_rational_789987.pkl,J0,30,21,21,30,24,14,10
897,rational,q_learning,N/A,/home/renzo/Escritorio/fac/IA1/Truco-AI/game/agents/RL-Agents/q_tables/exp2_vs_rational_789987.pkl,J1,25,30,30,25,23,12,11
898,rational,q_learning,N/A,/home/renzo/Escritorio/fac/IA1/Truco-AI/game/agents/RL-Agents/q_tables/exp2_vs_rational_789987.pkl,J0,30,29,29,30,36,17,19
899,rational,q_learning,N/A,/home/renzo/Escritorio/fac/IA1/Truco-AI/game/agents/RL-Agents/q_tables/exp2_vs_rational_789987.pkl,J1,27,30,30,27,19,7,12
900,rational,q_learning,N/A,/home/renzo/Escritorio/fac/IA1/Truco-AI/game/agents/RL-Agents/q_tables/exp2_vs_rational_789987.pkl,J1,25,30,30,25,27,14,13
901,rational,q_learning,N/A,/home/renzo/Escritorio/fac/IA1/Truco-AI/game/agents/RL-Agents/q_tables/exp2_vs_rational_789987.pkl,J1,18,30,30,18,24,11,13
902,rational,q_learning,N/A,/home/renzo/Escritorio/fac/IA1/Truco-AI/game/agents/RL-Agents/q_tables/exp2_vs_rational_789987.pkl,J1,14,30,30,14,23,11,12
903,rational,q_learning,N/A,/home/renzo/Escritorio/fac/IA1/Truco-AI/game/agents/RL-Agents/q_tables/exp2_vs_rational_789987.pkl,J1,18,30,30,18,21,10,11
904,rational,q_learning,N/A,/home/renzo/Escritorio/fac/IA1/Truco-AI/game/agents/RL-Agents/q_tables/exp2_vs_rational_789987.pkl,J1,24,30,30,24,26,11,15
905,rational,q_learning,N/A,/home/renzo/Escritorio/fac/IA1/Truco-AI/game/agents/RL-Agents/q_tables/exp2_vs_rational_789987.pkl,J1,29,30,30,29,28,15,13
906,rational,q_learning,N/A,/home/renzo/Escritorio/fac/IA1/Truco-AI/game/agents/RL-Agents/q_tables/exp2_vs_rational_789987.pkl,J0,30,27,27,30,27,16,11
907,rational,q_learning,N/A,/home/renzo/Escritorio/fac/IA1/Truco-AI/game/agents/RL-Agents/q_tables/exp2_vs_rational_789987.pkl,J0,30,22,22,30,25,14,11
908,rational,q_learning,N/A,/home/renzo/Escritorio/fac/IA1/Truco-AI/game/agents/RL-Agents/q_tables/exp2_vs_rational_789987.pkl,J1,25,30,30,25,26,14,12
909,rational,q_learning,N/A,/home/renzo/Escritorio/fac/IA1/Truco-AI/game/agents/RL-Agents/q_tables/exp2_vs_rational_789987.pkl,J1,22,30,30,22,26,11,15
910,rational,q_learning,N/A,/home/renzo/Escritorio/fac/IA1/Truco-AI/game/agents/RL-Agents/q_tables/exp2_vs_rational_789987.pkl,J0,30,26,26,30,31,16,15
911,rational,q_learning,N/A,/home/renzo/Escritorio/fac/IA1/Truco-AI/game/agents/RL-Agents/q_tables/exp2_vs_rational_789987.pkl,J1,19,30,30,19,23,10,13
912,rational,q_learning,N/A,/home/renzo/Escritorio/fac/IA1/Truco-AI/game/agents/RL-Agents/q_tables/exp2_vs_rational_789987.pkl,J1,22,30,30,22,26,9,17
913,rational,q_learning,N/A,/home/renzo/Escritorio/fac/IA1/Truco-AI/game/agents/RL-Agents/q_tables/exp2_vs_rational_789987.pkl,J1,28,30,30,28,34,17,17
914,rational,q_learning,N/A,/home/renzo/Escritorio/fac/IA1/Truco-AI/game/agents/RL-Agents/q_tables/exp2_vs_rational_789987.pkl,J1,29,30,30,29,32,16,16
915,rational,q_learning,N/A,/home/renzo/Escritorio/fac/IA1/Truco-AI/game/agents/RL-Agents/q_tables/exp2_vs_rational_789987.pkl,J1,18,30,30,18,22,10,12
916,rational,q_learning,N/A,/home/renzo/Escritorio/fac/IA1/Truco-AI/game/agents/RL-Agents/q_tables/exp2_vs_rational_789987.pkl,J0,30,27,27,30,29,17,12
917,rational,q_learning,N/A,/home/renzo/Escritorio/fac/IA1/Truco-AI/game/agents/RL-Agents/q_tables/exp2_vs_rational_789987.pkl,J1,16,30,30,16,22,9,13
918,rational,q_learning,N/A,/home/renzo/Escritorio/fac/IA1/Truco-AI/game/agents/RL-Agents/q_tables/exp2_vs_rational_789987.pkl,J1,22,30,30,22,22,9,13
919,rational,q_learning,N/A,/home/renzo/Escritorio/fac/IA1/Truco-AI/game/agents/RL-Agents/q_tables/exp2_vs_rational_789987.pkl,J1,25,30,30,25,28,16,12
920,rational,q_learning,N/A,/home/renzo/Escritorio/fac/IA1/Truco-AI/game/agents/RL-Agents/q_tables/exp2_vs_rational_789987.pkl,J1,26,30,30,26,24,12,12
921,rational,q_learning,N/A,/home/renzo/Escritorio/fac/IA1/Truco-AI/game/agents/RL-Agents/q_tables/exp2_vs_rational_789987.pkl,J1,23,30,30,23,24,10,14
922,rational,q_learning,N/A,/home/renzo/Escritorio/fac/IA1/Truco-AI/game/agents/RL-Agents/q_tables/exp2_vs_rational_789987.pkl,J1,24,30,30,24,29,14,15
923,rational,q_learning,N/A,/home/renzo/Escritorio/fac/IA1/Truco-AI/game/agents/RL-Agents/q_tables/exp2_vs_rational_789987.pkl,J1,20,30,30,20,27,12,15
924,rational,q_learning,N/A,/home/renzo/Escritorio/fac/IA1/Truco-AI/game/agents/RL-Agents/q_tables/exp2_vs_rational_789987.pkl,J1,22,30,30,22,27,14,13
925,rational,q_learning,N/A,/home/renzo/Escritorio/fac/IA1/Truco-AI/game/agents/RL-Agents/q_tables/exp2_vs_rational_789987.pkl,J1,23,30,30,23,31,14,17
926,rational,q_learning,N/A,/home/renzo/Escritorio/fac/IA1/Truco-AI/game/agents/RL-Agents/q_tables/exp2_vs_rational_789987.pkl,J0,30,26,26,30,26,13,13
927,rational,q_learning,N/A,/home/renzo/Escritorio/fac/IA1/Truco-AI/game/agents/RL-Agents/q_tables/exp2_vs_rational_789987.pkl,J1,21,30,30,21,22,8,14
928,rational,q_learning,N/A,/home/renzo/Escritorio/fac/IA1/Truco-AI/game/agents/RL-Agents/q_tables/exp2_vs_rational_789987.pkl,J0,30,29,29,30,25,10,15
929,rational,q_learning,N/A,/home/renzo/Escritorio/fac/IA1/Truco-AI/game/agents/RL-Agents/q_tables/exp2_vs_rational_789987.pkl,J1,7,30,30,7,21,6,15
930,rational,q_learning,N/A,/home/renzo/Escritorio/fac/IA1/Truco-AI/game/agents/RL-Agents/q_tables/exp2_vs_rational_789987.pkl,J0,30,22,22,30,23,12,11
931,rational,q_learning,N/A,/home/renzo/Escritorio/fac/IA1/Truco-AI/game/agents/RL-Agents/q_tables/exp2_vs_rational_789987.pkl,J1,20,30,30,20,24,14,10
932,rational,q_learning,N/A,/home/renzo/Escritorio/fac/IA1/Truco-AI/game/agents/RL-Agents/q_tables/exp2_vs_rational_789987.pkl,J1,23,30,30,23,25,11,14
933,rational,q_learning,N/A,/home/renzo/Escritorio/fac/IA1/Truco-AI/game/agents/RL-Agents/q_tables/exp2_vs_rational_789987.pkl,J0,30,29,29,30,26,12,14
934,rational,q_learning,N/A,/home/renzo/Escritorio/fac/IA1/Truco-AI/game/agents/RL-Agents/q_tables/exp2_vs_rational_789987.pkl,J1,20,30,30,20,23,8,15
935,rational,q_learning,N/A,/home/renzo/Escritorio/fac/IA1/Truco-AI/game/agents/RL-Agents/q_tables/exp2_vs_rational_789987.pkl,J0,30,27,27,30,31,17,14
936,rational,q_learning,N/A,/home/renzo/Escritorio/fac/IA1/Truco-AI/game/agents/RL-Agents/q_tables/exp2_vs_rational_789987.pkl,J0,30,27,27,30,27,17,10
937,rational,q_learning,N/A,/home/renzo/Escritorio/fac/IA1/Truco-AI/game/agents/RL-Agents/q_tables/exp2_vs_rational_789987.pkl,J1,21,30,30,21,29,13,16
938,rational,q_learning,N/A,/home/renzo/Escritorio/fac/IA1/Truco-AI/game/agents/RL-Agents/q_tables/exp2_vs_rational_789987.pkl,J0,30,26,26,30,26,11,15
939,rational,q_learning,N/A,/home/renzo/Escritorio/fac/IA1/Truco-AI/game/agents/RL-Agents/q_tables/exp2_vs_rational_789987.pkl,J0,30,29,29,30,27,12,15
940,rational,q_learning,N/A,/home/renzo/Escritorio/fac/IA1/Truco-AI/game/agents/RL-Agents/q_tables/exp2_vs_rational_789987.pkl,J1,23,30,30,23,24,7,17
941,rational,q_learning,N/A,/home/renzo/Escritorio/fac/IA1/Truco-AI/game/agents/RL-Agents/q_tables/exp2_vs_rational_789987.pkl,J0,30,26,26,30,27,13,14
942,rational,q_learning,N/A,/home/renzo/Escritorio/fac/IA1/Truco-AI/game/agents/RL-Agents/q_tables/exp2_vs_rational_789987.pkl,J1,26,30,30,26,30,16,14
943,rational,q_learning,N/A,/home/renzo/Escritorio/fac/IA1/Truco-AI/game/agents/RL-Agents/q_tables/exp2_vs_rational_789987.pkl,J1,29,30,30,29,27,15,12
944,rational,q_learning,N/A,/home/renzo/Escritorio/fac/IA1/Truco-AI/game/agents/RL-Agents/q_tables/exp2_vs_rational_789987.pkl,J1,29,30,30,29,28,17,11
945,rational,q_learning,N/A,/home/renzo/Escritorio/fac/IA1/Truco-AI/game/agents/RL-Agents/q_tables/exp2_vs_rational_789987.pkl,J1,23,30,30,23,26,16,10
946,rational,q_learning,N/A,/home/renzo/Escritorio/fac/IA1/Truco-AI/game/agents/RL-Agents/q_tables/exp2_vs_rational_789987.pkl,J1,19,30,30,19,22,8,14
947,rational,q_learning,N/A,/home/renzo/Escritorio/fac/IA1/Truco-AI/game/agents/RL-Agents/q_tables/exp2_vs_rational_789987.pkl,J1,19,30,30,19,16,7,9
948,rational,q_learning,N/A,/home/renzo/Escritorio/fac/IA1/Truco-AI/game/agents/RL-Agents/q_tables/exp2_vs_rational_789987.pkl,J1,20,30,30,20,23,8,15
949,rational,q_learning,N/A,/home/renzo/Escritorio/fac/IA1/Truco-AI/game/agents/RL-Agents/q_tables/exp2_vs_rational_789987.pkl,J0,30,16,16,30,22,13,9
950,rational,q_learning,N/A,/home/renzo/Escritorio/fac/IA1/Truco-AI/game/agents/RL-Agents/q_tables/exp2_vs_rational_789987.pkl,J1,21,30,30,21,27,15,12
951,rational,q_learning,N/A,/home/renzo/Escritorio/fac/IA1/Truco-AI/game/agents/RL-Agents/q_tables/exp2_vs_rational_789987.pkl,J1,26,30,30,26,27,10,17
952,rational,q_learning,N/A,/home/renzo/Escritorio/fac/IA1/Truco-AI/game/agents/RL-Agents/q_tables/exp2_vs_rational_789987.pkl,J1,18,30,30,18,21,11,10
953,rational,q_learning,N/A,/home/renzo/Escritorio/fac/IA1/Truco-AI/game/agents/RL-Agents/q_tables/exp2_vs_rational_789987.pkl,J1,12,30,30,12,24,10,14
954,rational,q_learning,N/A,/home/renzo/Escritorio/fac/IA1/Truco-AI/game/agents/RL-Agents/q_tables/exp2_vs_rational_789987.pkl,J1,23,30,30,23,27,12,15
955,rational,q_learning,N/A,/home/renzo/Escritorio/fac/IA1/Truco-AI/game/agents/RL-Agents/q_tables/exp2_vs_rational_789987.pkl,J1,26,30,30,26,25,16,9
956,rational,q_learning,N/A,/home/renzo/Escritorio/fac/IA1/Truco-AI/game/agents/RL-Agents/q_tables/exp2_vs_rational_789987.pkl,J0,30,29,29,30,26,12,14
957,rational,q_learning,N/A,/home/renzo/Escritorio/fac/IA1/Truco-AI/game/agents/RL-Agents/q_tables/exp2_vs_rational_789987.pkl,J1,28,30,30,28,28,18,10
958,rational,q_learning,N/A,/home/renzo/Escritorio/fac/IA1/Truco-AI/game/agents/RL-Agents/q_tables/exp2_vs_rational_789987.pkl,J0,30,22,22,30,26,16,10
959,rational,q_learning,N/A,/home/renzo/Escritorio/fac/IA1/Truco-AI/game/agents/RL-Agents/q_tables/exp2_vs_rational_789987.pkl,J1,20,30,30,20,24,12,12
960,rational,q_learning,N/A,/home/renzo/Escritorio/fac/IA1/Truco-AI/game/agents/RL-Agents/q_tables/exp2_vs_rational_789987.pkl,J0,30,28,28,30,24,13,11
961,rational,q_learning,N/A,/home/renzo/Escritorio/fac/IA1/Truco-AI/game/agents/RL-Agents/q_tables/exp2_vs_rational_789987.pkl,J1,27,30,30,27,29,13,16
962,rational,q_learning,N/A,/home/renzo/Escritorio/fac/IA1/Truco-AI/game/agents/RL-Agents/q_tables/exp2_vs_rational_789987.pkl,J0,30,26,26,30,30,18,12
963,rational,q_learning,N/A,/home/renzo/Escritorio/fac/IA1/Truco-AI/game/agents/RL-Agents/q_tables/exp2_vs_rational_789987.pkl,J1,21,30,30,21,25,12,13
964,rational,q_learning,N/A,/home/renzo/Escritorio/fac/IA1/Truco-AI/game/agents/RL-Agents/q_tables/exp2_vs_rational_789987.pkl,J0,30,21,21,30,23,14,9
965,rational,q_learning,N/A,/home/renzo/Escritorio/fac/IA1/Truco-AI/game/agents/RL-Agents/q_tables/exp2_vs_rational_789987.pkl,J1,20,30,30,20,23,11,12
966,rational,q_learning,N/A,/home/renzo/Escritorio/fac/IA1/Truco-AI/game/agents/RL-Agents/q_tables/exp2_vs_rational_789987.pkl,J1,19,30,30,19,24,12,12
967,rational,q_learning,N/A,/home/renzo/Escritorio/fac/IA1/Truco-AI/game/agents/RL-Agents/q_tables/exp2_vs_rational_789987.pkl,J1,23,30,30,23,29,14,15
968,rational,q_learning,N/A,/home/renzo/Escritorio/fac/IA1/Truco-AI/game/agents/RL-Agents/q_tables/exp2_vs_rational_789987.pkl,J1,21,30,30,21,26,12,14
969,rational,q_learning,N/A,/home/renzo/Escritorio/fac/IA1/Truco-AI/game/agents/RL-Agents/q_tables/exp2_vs_rational_789987.pkl,J1,17,30,30,17,22,8,14
970,rational,q_learning,N/A,/home/renzo/Escritorio/fac/IA1/Truco-AI/game/agents/RL-Agents/q_tables/exp2_vs_rational_789987.pkl,J1,26,30,30,26,28,15,13
971,rational,q_learning,N/A,/home/renzo/Escritorio/fac/IA1/Truco-AI/game/agents/RL-Agents/q_tables/exp2_vs_rational_789987.pkl,J0,30,26,26,30,27,12,15
972,rational,q_learning,N/A,/home/renzo/Escritorio/fac/IA1/Truco-AI/game/agents/RL-Agents/q_tables/exp2_vs_rational_789987.pkl,J1,11,30,30,11,21,9,12
973,rational,q_learning,N/A,/home/renzo/Escritorio/fac/IA1/Truco-AI/game/agents/RL-Agents/q_tables/exp2_vs_rational_789987.pkl,J1,17,30,30,17,23,10,13
974,rational,q_learning,N/A,/home/renzo/Escritorio/fac/IA1/Truco-AI/game/agents/RL-Agents/q_tables/exp2_vs_rational_789987.pkl,J1,17,30,30,17,22,9,13
975,rational,q_learning,N/A,/home/renzo/Escritorio/fac/IA1/Truco-AI/game/agents/RL-Agents/q_tables/exp2_vs_rational_789987.pkl,J0,30,23,23,30,26,17,9
976,rational,q_learning,N/A,/home/renzo/Escritorio/fac/IA1/Truco-AI/game/agents/RL-Agents/q_tables/exp2_vs_rational_789987.pkl,J1,21,30,30,21,30,16,14
977,rational,q_learning,N/A,/home/renzo/Escritorio/fac/IA1/Truco-AI/game/agents/RL-Agents/q_tables/exp2_vs_rational_789987.pkl,J1,14,30,30,14,22,10,12
978,rational,q_learning,N/A,/home/renzo/Escritorio/fac/IA1/Truco-AI/game/agents/RL-Agents/q_tables/exp2_vs_rational_789987.pkl,J1,18,30,30,18,24,12,12
979,rational,q_learning,N/A,/home/renzo/Escritorio/fac/IA1/Truco-AI/game/agents/RL-Agents/q_tables/exp2_vs_rational_789987.pkl,J1,14,30,30,14,27,11,16
980,rational,q_learning,N/A,/home/renzo/Escritorio/fac/IA1/Truco-AI/game/agents/RL-Agents/q_tables/exp2_vs_rational_789987.pkl,J1,18,30,30,18,24,12,12
981,rational,q_learning,N/A,/home/renzo/Escritorio/fac/IA1/Truco-AI/game/agents/RL-Agents/q_tables/exp2_vs_rational_789987.pkl,J0,30,21,21,30,28,17,11
982,rational,q_learning,N/A,/home/renzo/Escritorio/fac/IA1/Truco-AI/game/agents/RL-Agents/q_tables/exp2_vs_rational_789987.pkl,J1,29,30,30,29,32,15,17
983,rational,q_learning,N/A,/home/renzo/Escritorio/fac/IA1/Truco-AI/game/agents/RL-Agents/q_tables/exp2_vs_rational_789987.pkl,J1,24,30,30,24,23,10,13
984,rational,q_learning,N/A,/home/renzo/Escritorio/fac/IA1/Truco-AI/game/agents/RL-Agents/q_tables/exp2_vs_rational_789987.pkl,J0,30,28,28,30,34,20,14
985,rational,q_learning,N/A,/home/renzo/Escritorio/fac/IA1/Truco-AI/game/agents/RL-Agents/q_tables/exp2_vs_rational_789987.pkl,J1,24,30,30,24,25,15,10
986,rational,q_learning,N/A,/home/renzo/Escritorio/fac/IA1/Truco-AI/game/agents/RL-Agents/q_tables/exp2_vs_rational_789987.pkl,J0,30,27,27,30,30,18,12
987,rational,q_learning,N/A,/home/renzo/Escritorio/fac/IA1/Truco-AI/game/agents/RL-Agents/q_tables/exp2_vs_rational_789987.pkl,J1,24,30,30,24,28,12,16
988,rational,q_learning,N/A,/home/renzo/Escritorio/fac/IA1/Truco-AI/game/agents/RL-Agents/q_tables/exp2_vs_rational_789987.pkl,J1,20,30,30,20,21,10,11
989,rational,q_learning,N/A,/home/renzo/Escritorio/fac/IA1/Truco-AI/game/agents/RL-Agents/q_tables/exp2_vs_rational_789987.pkl,J1,19,30,30,19,25,11,14
990,rational,q_learning,N/A,/home/renzo/Escritorio/fac/IA1/Truco-AI/game/agents/RL-Agents/q_tables/exp2_vs_rational_789987.pkl,J1,20,30,30,20,26,11,15
991,rational,q_learning,N/A,/home/renzo/Escritorio/fac/IA1/Truco-AI/game/agents/RL-Agents/q_tables/exp2_vs_rational_789987.pkl,J1,22,30,30,22,23,12,11
992,rational,q_learning,N/A,/home/renzo/Escritorio/fac/IA1/Truco-AI/game/agents/RL-Agents/q_tables/exp2_vs_rational_789987.pkl,J1,25,30,30,25,22,8,14
993,rational,q_learning,N/A,/home/renzo/Escritorio/fac/IA1/Truco-AI/game/agents/RL-Agents/q_tables/exp2_vs_rational_789987.pkl,J1,21,30,30,21,26,10,16
994,rational,q_learning,N/A,/home/renzo/Escritorio/fac/IA1/Truco-AI/game/agents/RL-Agents/q_tables/exp2_vs_rational_789987.pkl,J1,24,30,30,24,23,12,11
995,rational,q_learning,N/A,/home/renzo/Escritorio/fac/IA1/Truco-AI/game/agents/RL-Agents/q_tables/exp2_vs_rational_789987.pkl,J1,24,30,30,24,24,9,15
996,rational,q_learning,N/A,/home/renzo/Escritorio/fac/IA1/Truco-AI/game/agents/RL-Agents/q_tables/exp2_vs_rational_789987.pkl,J1,23,30,30,23,28,15,13
997,rational,q_learning,N/A,/home/renzo/Escritorio/fac/IA1/Truco-AI/game/agents/RL-Agents/q_tables/exp2_vs_rational_789987.pkl,J1,19,30,30,19,25,11,14
998,rational,q_learning,N/A,/home/renzo/Escritorio/fac/IA1/Truco-AI/game/agents/RL-Agents/q_tables/exp2_vs_rational_789987.pkl,J1,29,30,30,29,32,15,17
999,rational,q_learning,N/A,/home/renzo/Escritorio/fac/IA1/Truco-AI/game/agents/RL-Agents/q_tables/exp2_vs_rational_789987.pkl,J0,30,22,22,30,25,18,7
1000,rational,q_learning,N/A,/home/renzo/Escritorio/fac/IA1/Truco-AI/game/agents/RL-Agents/q_tables/exp2_vs_rational_789987.pkl,J1,20,30,30,20,19,8,11
